-- MySQL dump 10.9
--
-- Host: localhost    Database: starliteTest
-- ------------------------------------------------------
-- Server version	4.1.22

/*!40101 SET @OLD_CHARACTER_SET_CLIENT=@@CHARACTER_SET_CLIENT */;
/*!40101 SET @OLD_CHARACTER_SET_RESULTS=@@CHARACTER_SET_RESULTS */;
/*!40101 SET @OLD_COLLATION_CONNECTION=@@COLLATION_CONNECTION */;
/*!40101 SET NAMES utf8 */;
/*!40014 SET @OLD_UNIQUE_CHECKS=@@UNIQUE_CHECKS, UNIQUE_CHECKS=0 */;
/*!40014 SET @OLD_FOREIGN_KEY_CHECKS=@@FOREIGN_KEY_CHECKS, FOREIGN_KEY_CHECKS=0 */;
/*!40101 SET @OLD_SQL_MODE=@@SQL_MODE, SQL_MODE='NO_AUTO_VALUE_ON_ZERO' */;
/*!40111 SET @OLD_SQL_NOTES=@@SQL_NOTES, SQL_NOTES=0 */;

--
-- Table structure for table `actuals`
--

DROP TABLE IF EXISTS `actuals`;
CREATE TABLE `actuals` (
  `id` int(11) NOT NULL auto_increment,
  `aframe` double default NULL,
  `capt` double default NULL,
  `date` datetime default NULL,
  `landings` int(11) default NULL,
  `pax` int(11) default NULL,
  `charter_id` int(11) default NULL,
  `aircraft_id` int(11) default NULL,
  `invoicenumber` varchar(255) default NULL,
  `approved` tinyint(1) default NULL,
  `approvalgroup_id` int(11) default NULL,
  PRIMARY KEY  (`id`),
  KEY `FK1DFE2085B336D9E5` (`aircraft_id`),
  KEY `FK1DFE2085A5E1608F` (`charter_id`),
  KEY `FKBAC588A5B336D9E5` (`aircraft_id`),
  KEY `FKBAC588A5A5E1608F` (`charter_id`),
  CONSTRAINT `FK1DFE2085A5E1608F` FOREIGN KEY (`charter_id`) REFERENCES `charter` (`id`),
  CONSTRAINT `FK1DFE2085B336D9E5` FOREIGN KEY (`aircraft_id`) REFERENCES `aircraft` (`id`),
  CONSTRAINT `FKBAC588A5A5E1608F` FOREIGN KEY (`charter_id`) REFERENCES `charter` (`id`),
  CONSTRAINT `FKBAC588A5B336D9E5` FOREIGN KEY (`aircraft_id`) REFERENCES `aircraft` (`id`)
) ENGINE=InnoDB DEFAULT CHARSET=latin1;

--
-- Dumping data for table `actuals`
--

LOCK TABLES `actuals` WRITE;
/*!40000 ALTER TABLE `actuals` DISABLE KEYS */;
INSERT INTO `actuals` VALUES (244,2.4,2.7,'2007-05-28 00:00:00',1,NULL,7,5,NULL,0,20),(245,0.7,0.9,'2007-05-31 00:00:00',1,NULL,7,5,NULL,0,20),(246,1.2,1.5,'2007-06-06 00:00:00',2,NULL,7,5,NULL,0,21),(247,3,3.4,'2007-06-10 00:00:00',4,NULL,7,5,NULL,0,21),(248,1.2,1.5,'2007-06-11 00:00:00',2,NULL,7,5,NULL,0,21),(249,1.5,2,'2007-06-19 00:00:00',5,NULL,7,5,NULL,0,21),(250,1.2,1.6,'2007-06-30 00:00:00',2,NULL,7,5,NULL,0,21),(251,2.9,3.4,'2007-07-01 00:00:00',2,NULL,7,5,NULL,0,22),(252,2.5,3.2,'2007-07-05 00:00:00',4,NULL,7,5,NULL,0,22),(253,1.3,1.6,'2007-07-16 00:00:00',2,NULL,7,5,NULL,0,22),(254,1.2,1.7,'2007-07-21 00:00:00',2,6,7,5,NULL,0,22),(255,5,5.9,'2007-07-22 00:00:00',7,34,7,5,NULL,0,22),(256,6.2,7.2,'2007-07-23 00:00:00',9,40,7,5,NULL,0,22),(257,0.4,0.7,'2007-07-26 00:00:00',2,22,7,5,NULL,0,22),(258,0.8,1.1,'2007-07-27 00:00:00',2,22,7,5,NULL,0,22),(259,1.4,1.6,'2007-07-28 00:00:00',2,3,7,5,NULL,0,22),(260,1.3,1.6,'2007-07-31 00:00:00',2,3,7,5,NULL,0,22),(261,6.9,8,'2007-08-03 00:00:00',6,26,7,5,NULL,0,23),(262,3.4,4.4,'2007-08-08 00:00:00',6,29,7,5,NULL,0,23),(263,0.3,0.9,'2007-08-11 00:00:00',1,5,7,5,NULL,0,23),(264,2.6,2.7,'2007-08-20 00:00:00',1,9,7,5,NULL,0,23),(265,5,6.1,'2007-08-30 00:00:00',4,11,7,5,NULL,0,23),(266,3.2,4,'2007-09-02 00:00:00',2,7,7,5,NULL,0,27),(267,7.9,9.9,'2007-09-04 00:00:00',7,7,7,5,NULL,0,27),(268,2.2,2.9,'2007-09-05 00:00:00',3,1,7,5,NULL,0,27),(269,3,3.4,'2007-09-07 00:00:00',6,0,7,5,NULL,0,27),(270,3,4.4,'2007-09-08 00:00:00',9,75,7,5,NULL,0,27),(271,3.6,4.3,'2007-09-11 00:00:00',3,0,7,5,NULL,0,27),(272,3.1,3.4,'2007-09-12 00:00:00',2,1,7,5,NULL,0,27),(273,4.9,5.5,'2007-09-13 00:00:00',2,5,7,5,NULL,0,27),(274,4.9,5.2,'2007-09-17 00:00:00',2,5,7,5,NULL,0,27),(275,2.7,3,'2007-09-27 00:00:00',6,35,7,5,NULL,0,27),(276,1.4,1.6,'2007-10-03 00:00:00',2,15,7,5,NULL,0,30),(277,0.4,0.5,'2007-10-05 00:00:00',2,5,7,5,NULL,0,30),(278,3.1,4,'2007-10-10 00:00:00',7,9,7,5,NULL,0,30),(279,5.1,5.5,'2007-10-11 00:00:00',2,2,7,5,NULL,0,30),(280,3.6,4.3,'2007-10-13 00:00:00',7,31,7,5,NULL,0,30),(281,1,1.2,'2007-10-14 00:00:00',2,14,7,5,NULL,0,30),(282,2,2.4,'2007-10-20 00:00:00',4,14,7,5,NULL,0,30),(283,2.2,2.4,'2007-10-25 00:00:00',2,8,7,5,NULL,0,30),(284,5,5.4,'2007-10-27 00:00:00',2,2,7,5,NULL,0,30),(285,1.1,1.6,'2007-10-31 00:00:00',2,3,7,5,NULL,0,30),(286,1.9,2.2,'2007-11-08 00:00:00',2,11,7,5,NULL,0,34),(287,2.6,2.8,'2007-11-12 00:00:00',2,7,7,5,NULL,0,34),(288,2.4,2.8,'2007-11-14 00:00:00',3,13,7,5,NULL,0,34),(289,0.6,1.2,'2007-11-16 00:00:00',4,24,7,5,NULL,0,34),(290,2.1,2.3,'2007-11-17 00:00:00',2,2,7,5,NULL,0,34),(291,2.1,2.3,'2007-11-19 00:00:00',2,8,7,5,NULL,0,34),(292,4.8,5.2,'2007-11-23 00:00:00',2,6,7,5,NULL,0,34),(293,2,2.6,'2007-11-24 00:00:00',7,43,7,5,NULL,0,34),(294,2.1,2.3,'2007-11-26 00:00:00',2,10,7,5,NULL,0,34),(295,2.1,2.3,'2007-11-28 00:00:00',3,14,7,5,NULL,0,34),(296,1.2,1.4,'2007-11-29 00:00:00',2,1,7,5,NULL,0,34),(297,5.7,6.1,'2007-11-30 00:00:00',3,2,7,5,NULL,0,34),(298,5.1,5.7,'2007-12-01 00:00:00',6,26,7,5,NULL,0,38),(299,2.6,2.8,'2007-12-02 00:00:00',2,6,7,5,NULL,0,38),(300,5.1,5.3,'2007-12-06 00:00:00',2,4,7,5,NULL,0,38),(301,5.2,5.8,'2007-12-09 00:00:00',2,3,7,5,NULL,0,38),(302,1.3,1.6,'2007-12-10 00:00:00',2,7,7,5,NULL,0,38),(303,5.3,5.6,'2007-12-11 00:00:00',3,12,7,5,NULL,0,38),(304,3.3,3.9,'2007-12-24 00:00:00',6,31,7,5,NULL,0,38),(305,2.3,2.7,'2007-12-25 00:00:00',4,27,7,5,NULL,0,38),(306,6.2,6.6,'2007-12-26 00:00:00',4,4,7,5,NULL,0,38),(307,8.8,9.4,'2007-12-28 00:00:00',8,26,7,5,NULL,0,38),(308,5.3,5.5,'2007-12-29 00:00:00',2,3,7,5,NULL,0,38),(309,4.8,5.1,'2007-12-31 00:00:00',3,3,7,5,NULL,0,38),(310,6.7,7.1,'2008-01-05 00:00:00',4,7,7,5,NULL,0,42),(311,2.4,3,'2008-01-18 00:00:00',3,14,7,5,NULL,0,42),(312,2.6,3.4,'2008-01-21 00:00:00',6,42,7,5,NULL,0,42),(313,1.5,1.9,'2008-01-26 00:00:00',3,6,7,5,NULL,0,42),(314,2.9,3.3,'2008-01-28 00:00:00',5,29,7,5,NULL,0,42),(315,0.7,0.9,'2008-01-29 00:00:00',2,7,7,5,NULL,0,42),(316,6.4,6.9,'2008-02-01 00:00:00',4,15,7,5,'10123+10124',0,47),(317,2.6,2.9,'2008-02-04 00:00:00',2,20,7,5,'10125',0,47),(318,2.5,2.7,'2008-02-05 00:00:00',3,13,7,5,'10125',0,47),(319,2.7,3.2,'2008-02-05 00:00:00',4,22,7,5,'10126',0,47),(320,2.9,3.3,'2008-02-06 00:00:00',5,32,7,5,'10128',0,47),(321,3.3,3.8,'2008-02-11 00:00:00',5,17,7,5,'10129',0,47),(322,1.9,2.2,'2008-02-12 00:00:00',3,9,7,5,'10130',0,47),(323,3.2,3.4,'2008-02-14 00:00:00',2,3,7,5,'10131',0,47),(324,2.5,2.8,'2008-02-16 00:00:00',3,6,7,5,'10132',0,47),(426,5.1,5.6,'2008-03-20 00:00:00',10,36,7,5,'10149',0,51),(427,3,3.2,'2008-03-11 00:00:00',2,8,7,5,'10144',0,51),(428,4.9,5.2,'2008-03-08 00:00:00',3,15,7,5,'10142',0,51),(429,5.5,5.7,'2008-03-12 00:00:00',2,15,7,5,'10145',0,51),(430,3.2,3.4,'2008-03-09 00:00:00',2,4,7,5,'10143',0,51),(431,3.2,3.4,'2008-03-13 00:00:00',2,NULL,7,5,'10146',0,51),(432,5.4,5.6,'2008-03-14 00:00:00',2,4,7,5,'10147',0,51),(433,1.1,1.2,'2008-03-16 00:00:00',1,5,7,5,'10148',0,51),(434,1.7,1.9,'2008-03-02 00:00:00',2,5,7,5,'10140',0,51),(435,2.7,3.1,'2008-03-07 00:00:00',3,10,7,5,'10141',0,51),(436,2.6,2.8,'2008-03-23 00:00:00',5,14,7,5,'10601',0,51),(437,3.1,3.3,'2008-03-21 00:00:00',2,3,7,5,'10150',0,51),(438,6.4,6.6,'2008-03-29 00:00:00',4,6,7,5,'10602',0,51),(439,1.4,1.6,'2008-04-10 00:00:00',2,17,7,5,'10608',0,52),(440,1.9,2.3,'2008-04-20 00:00:00',5,33,7,5,'10613',0,52),(441,1.7,1.9,'2008-04-08 00:00:00',2,7,7,5,'10607',0,52),(442,2.1,2.4,'2008-04-13 00:00:00',5,11,7,5,'10609',0,52),(443,4.3,4.5,'2008-04-14 00:00:00',4,7,7,5,'10610',0,52),(444,1.8,2,'2008-04-15 00:00:00',2,6,7,5,'10611',0,52),(445,5.5,5.7,'2008-04-01 00:00:00',2,2,7,5,'10603',0,52),(446,2.5,2.8,'2008-04-18 00:00:00',4,13,7,5,'10612',0,52),(447,3.9,4.2,'2008-04-03 00:00:00',5,21,7,5,'10604',0,52),(448,5.2,5.4,'2008-04-05 00:00:00',2,6,7,5,'10605',0,52),(449,4.3,4.8,'2008-04-07 00:00:00',6,43,7,5,'10606',0,52),(450,5.9,6.6,'2008-02-27 00:00:00',4,6,7,5,'10137',0,47),(451,2.3,2.5,'2008-02-18 00:00:00',2,15,7,5,'10133',0,47),(452,5.3,5.7,'2008-02-22 00:00:00',2,4,7,5,'10136',0,47),(453,0.6,0.8,'2008-02-20 00:00:00',2,16,7,5,'10135',0,47),(454,2.8,3.1,'2008-02-19 00:00:00',3,10,7,5,'10134',0,47),(455,5.5,5.8,'2008-02-29 00:00:00',6,19,7,5,'10138+10139',0,47),(456,2.2,2.3,'2008-04-22 00:00:00',3,33,7,5,'10614',0,52),(457,1.7,1.8,'2008-04-26 00:00:00',2,14,7,5,'10616',0,52),(458,2,2.1,'2008-04-27 00:00:00',3,9,7,5,'10617',0,52),(459,5.2,5.4,'2008-04-24 00:00:00',2,4,7,5,'10615',0,52),(460,1,1.3,'2008-04-28 00:00:00',4,30,7,5,'10618',0,52),(461,3.1,3.3,'2008-04-29 00:00:00',4,10,7,5,'10619',0,52),(462,3.2,3.4,'2008-05-01 00:00:00',2,2,7,5,'10620',0,74),(463,1.4,1.6,'2008-05-02 00:00:00',2,11,7,5,'10621',0,74),(464,0.6,0.8,'2008-05-05 00:00:00',2,12,7,5,'10623',0,74),(465,0.7,1,'2008-05-04 00:00:00',3,30,7,5,'10622',0,74),(466,1.3,1.4,'2008-05-07 00:00:00',3,6,7,5,'10625',0,74),(467,2.8,3,'2008-05-06 00:00:00',4,12,7,5,'10624',0,74),(468,1.6,1.7,'2008-05-10 00:00:00',2,5,7,5,'10628',0,74),(469,1.5,1.6,'2008-05-11 00:00:00',2,9,7,5,'10629',0,74),(470,3.1,3.3,'2008-05-08 00:00:00',4,18,7,5,'10626',0,74),(471,3.3,3.5,'2008-05-09 00:00:00',2,4,7,5,'10627',0,74),(472,1.7,2.1,'2008-05-14 00:00:00',3,11,7,5,'10630',0,74),(473,2.6,2.8,'2008-05-15 00:00:00',1,4,7,5,'10631',0,74),(474,2.7,3,'2008-05-16 00:00:00',1,0,7,5,'10632',0,74),(475,1.3,1.5,'2008-05-19 00:00:00',2,6,7,5,'10633',0,74),(476,5.1,5.6,'2008-05-23 00:00:00',2,2,7,5,'10635',0,74),(477,1.2,1.5,'2008-05-20 00:00:00',2,6,7,5,'10634',0,74),(478,2.7,3.1,'2008-05-31 00:00:00',3,12,7,5,'10640',0,74),(479,6.6,7.2,'2008-05-26 00:00:00',4,16,7,5,'10637',0,74),(480,1.4,1.7,'2008-05-25 00:00:00',2,9,7,5,'10636',0,74),(481,2.5,2.9,'2008-05-28 00:00:00',3,10,7,5,'10638',0,74),(482,2.5,2.9,'2008-05-29 00:00:00',3,12,7,5,'10639',0,74),(483,6.4,7,'2008-06-23 00:00:00',4,12,7,5,'10647',0,144),(484,4.2,4.4,'2008-06-09 00:00:00',2,2,7,5,'10645',0,144),(485,1.4,1.6,'2008-06-24 00:00:00',2,4,7,5,'10648',0,144),(486,2.4,2.5,'2008-06-25 00:00:00',1,0,7,5,'10649',0,144),(487,3.9,4.3,'2008-06-17 00:00:00',5,21,7,5,'10646',0,144),(488,1.7,2.2,'2008-06-01 00:00:00',5,24,7,5,'10641',0,144),(489,2.7,3.1,'2008-06-03 00:00:00',4,26,7,5,'10643',0,144),(490,3,3.5,'2008-06-02 00:00:00',5,18,7,5,'10642',0,144),(491,3.8,4.6,'2008-06-06 00:00:00',5,24,7,5,'10644',0,144),(492,2.5,2.8,'2008-07-22 00:00:00',2,18,7,5,'10706',0,190),(493,3.1,3.2,'2008-07-08 00:00:00',1,0,7,5,'10701',0,190),(494,2.6,3,'2008-07-21 00:00:00',3,15,7,5,'10705',0,190),(495,5,5.5,'2008-07-12 00:00:00',2,1,7,5,'10703',0,190),(496,1.4,1.6,'2008-07-09 00:00:00',2,10,7,5,'10702',0,190),(497,2.5,3.2,'2008-07-26 00:00:00',4,31,7,5,'10707',0,190),(498,1.2,1.7,'2008-07-17 00:00:00',2,20,7,5,'10704',0,190),(499,2.9,3,'2008-07-03 00:00:00',1,0,7,5,'10649',0,190),(500,1.3,1.5,'2008-07-05 00:00:00',2,16,7,5,'10650',0,190),(501,2.3,2.7,'2008-07-07 00:00:00',2,10,7,5,'10701',0,190),(502,2.5,2.9,'2008-08-10 00:00:00',2,7,9,1,'OP069',0,191),(503,2.6,3.2,'2008-08-12 00:00:00',2,20,9,1,'OP070',0,191),(504,5.1,5.8,'2008-08-14 00:00:00',4,22,9,1,'OP071',0,191),(505,2.6,3,'2008-08-15 00:00:00',2,9,9,1,'OP072',0,191),(506,2.6,3,'2008-08-01 00:00:00',2,10,9,1,'OP066',0,191),(507,2.5,3,'2008-08-05 00:00:00',2,4,9,1,'OP067',0,191),(508,5.5,6.1,'2008-08-06 00:00:00',4,35,9,1,'OP068',0,191),(509,5.3,6.1,'2008-07-01 00:00:00',4,37,9,1,'OP051',0,192),(510,3,3.5,'2008-07-03 00:00:00',5,22,9,1,'OP052',0,192),(511,2.6,2.9,'2008-07-04 00:00:00',2,15,9,1,'OP053',0,192),(512,2.7,3.2,'2008-07-22 00:00:00',2,22,9,1,'OP061',0,192),(513,2.8,3.1,'2008-07-10 00:00:00',2,23,9,1,'OP055',0,192),(514,2.5,3,'2008-07-08 00:00:00',2,9,9,1,'OP054',0,192),(515,2.5,2.9,'2008-07-11 00:00:00',2,7,9,1,'OP056',0,192),(516,2.7,3.1,'2008-07-31 00:00:00',2,21,9,1,'OP065',0,192),(517,2.7,2.9,'2008-07-14 00:00:00',2,12,9,1,'OP057',0,192),(518,2.7,3.1,'2008-07-15 00:00:00',2,17,9,1,'OP058',0,192),(519,2.7,3.1,'2008-07-24 00:00:00',2,23,9,1,'OP062',0,192),(520,2.7,3.1,'2008-07-17 00:00:00',2,11,9,1,'OP059',0,192),(521,2.6,3.1,'2008-07-18 00:00:00',2,18,9,1,'OP060',0,192),(522,3.1,3.4,'2008-07-28 00:00:00',5,14,9,1,'OP063',0,192),(523,2.6,2.9,'2008-07-29 00:00:00',2,13,9,1,'OP064',0,192),(524,3.1,4,'2008-03-13 00:00:00',4,1,9,1,'OP001',0,200),(525,3.9,4.7,'2008-03-14 00:00:00',3,1,9,1,'OP002',0,200),(526,2.8,3.6,'2008-03-15 00:00:00',4,1,9,1,'OP003',0,200),(527,2.6,3.1,'2008-04-10 00:00:00',2,20,9,1,'OP009',0,201),(528,5.1,5.4,'2008-04-09 00:00:00',4,5,9,1,'OP008',0,201),(529,6,7.1,'2008-04-03 00:00:00',16,20,9,1,'OP004',0,201),(530,4.6,5.3,'2008-04-04 00:00:00',3,20,9,1,'OP005',0,201),(531,2.6,2.9,'2008-04-07 00:00:00',2,8,9,1,'OP007',0,201),(532,5.4,5.8,'2008-04-06 00:00:00',4,16,9,1,'OP006',0,201),(533,2.6,3.2,'2008-08-20 00:00:00',2,22,9,1,'OP073',0,191),(534,2.7,3.2,'2008-08-21 00:00:00',2,23,9,1,'OP074',0,191),(535,5.2,5.9,'2008-08-26 00:00:00',4,28,9,1,'OP076',0,191),(536,2.8,3.2,'2008-08-27 00:00:00',2,14,9,1,'OP077',0,191),(537,2.6,3,'2008-08-25 00:00:00',2,11,9,1,'OP075',0,191),(538,2.8,3.2,'2008-08-28 00:00:00',2,21,9,1,'OP078',0,191),(539,2.6,3,'2008-08-30 00:00:00',2,10,9,1,'OP079',0,191),(540,2.7,3.1,'2008-06-02 00:00:00',2,19,9,1,'OP034',0,241),(541,0.1,0.3,'2008-06-30 00:00:00',1,NULL,9,1,'OP050',0,241),(542,2.7,3.1,'2008-06-05 00:00:00',2,18,9,1,'OP035',0,241),(543,2.7,3.1,'2008-06-07 00:00:00',2,22,9,1,'OP037',0,241),(544,2.9,3.4,'2008-06-06 00:00:00',5,13,9,1,'OP036',0,241),(545,2.7,3.2,'2008-06-11 00:00:00',2,21,9,1,'OP038',0,241),(546,2.8,3.1,'2008-06-20 00:00:00',2,21,9,1,'OP044',0,241),(547,2.6,3,'2008-06-12 00:00:00',2,15,9,1,'OP039',0,241),(548,7,7.9,'2008-06-21 00:00:00',5,20,9,1,'OP045',0,241),(549,2.6,3.1,'2008-06-26 00:00:00',2,16,9,1,'OP048',0,241),(550,2.6,3,'2008-06-27 00:00:00',2,19,9,1,'OP049',0,241),(551,2.7,3.1,'2008-06-14 00:00:00',2,10,9,1,'OP040',0,241),(552,2.7,3.2,'2008-06-24 00:00:00',2,24,9,1,'OP046',0,241),(553,0.2,0.4,'2008-06-25 00:00:00',1,5,9,1,'OP047',0,241),(554,2.6,3.1,'2008-06-16 00:00:00',2,24,9,1,'OP041',0,241),(555,2.7,3.1,'2008-06-18 00:00:00',2,23,9,1,'OP042',0,241),(556,2.7,3.2,'2008-06-19 00:00:00',2,23,9,1,'OP043',0,241),(557,NULL,NULL,'2008-06-29 00:00:00',NULL,10,NULL,1,NULL,0,241),(558,2.7,3.2,'2008-04-22 00:00:00',2,11,9,1,'OP015',0,201),(559,2.7,3.1,'2008-04-21 00:00:00',2,7,9,1,'OP014',0,201),(560,2.7,3,'2008-04-14 00:00:00',2,13,9,1,'OP010',0,201),(561,5.5,6.4,'2008-04-24 00:00:00',4,24,9,1,'OP016',0,201),(562,3,3.5,'2008-04-15 00:00:00',5,13,9,1,'OP011',0,201),(563,2.7,3.2,'2008-04-25 00:00:00',2,10,9,1,'OP017',0,201),(564,2.8,3.2,'2008-04-17 00:00:00',2,22,9,1,'OP012',0,201),(565,2.7,3.2,'2008-04-18 00:00:00',2,15,9,1,'OP013',0,201),(566,2.8,3.2,'2008-04-28 00:00:00',2,14,9,1,'OP018',0,201),(567,2.7,3.2,'2008-04-29 00:00:00',2,19,9,1,'OP019',0,201),(568,2.8,3.2,'2008-05-01 00:00:00',2,20,9,1,'OP020',0,242),(569,2.8,3.2,'2008-05-02 00:00:00',2,5,9,1,'OP021',0,242),(570,2.5,3,'2008-05-05 00:00:00',2,22,9,1,'OP022',0,242),(571,2.7,3.1,'2008-05-22 00:00:00',2,19,9,1,'OP030',0,242),(572,2.6,3,'2008-05-23 00:00:00',2,9,9,1,'OP031',0,242),(573,3,3.4,'2008-05-08 00:00:00',2,22,9,1,'OP023',0,242),(574,2.9,3,'2008-05-20 00:00:00',5,10,9,1,'OP029',0,242),(575,3.1,3.3,'2008-05-09 00:00:00',4,10,9,1,'OP024',0,242),(576,2.8,3,'2008-05-12 00:00:00',2,18,9,1,'OP025',0,242),(577,5.3,6,'2008-05-27 00:00:00',4,30,9,1,'OP032',0,242),(578,2.7,3,'2008-05-15 00:00:00',2,18,9,1,'OP026',0,242),(579,2.6,3,'2008-05-16 00:00:00',2,16,9,1,'OP027',0,242),(580,2.6,2.9,'2008-05-19 00:00:00',2,7,9,1,'OP028',0,242),(581,2.6,3.1,'2008-05-29 00:00:00',2,22,9,1,'OP033',0,242),(582,1.9,2.9,'2008-08-23 00:00:00',4,20,7,5,'10716',0,243),(583,1.4,1.7,'2008-08-10 00:00:00',2,25,7,5,'10710',0,243),(584,1.6,2.1,'2008-08-08 00:00:00',6,7,7,5,'10709',0,243),(585,1.3,1.7,'2008-08-26 00:00:00',2,6,7,5,'10719',0,243),(586,0.5,0.7,'2008-08-13 00:00:00',2,21,7,5,'10711',0,243),(587,2.5,5.6,'2008-08-14 00:00:00',3,3,7,5,'10712',0,243),(588,3.9,4.3,'2008-08-24 00:00:00',3,8,7,5,'10717',0,243),(589,2.5,2.7,'2008-08-25 00:00:00',1,NULL,7,5,'10718',0,243),(590,2.6,3.1,'2008-08-16 00:00:00',3,23,7,5,'10713',0,243),(591,3.1,3.5,'2008-08-19 00:00:00',2,4,7,5,'10715',0,243),(592,2.6,3.2,'2008-08-02 00:00:00',9,20,7,5,'10708',0,243),(593,0.3,0,'2008-08-04 00:00:00',1,0,NULL,5,'Base Check',0,243),(594,2.7,3.1,'2008-08-31 00:00:00',4,25,7,5,'10724',0,243),(595,1.2,1.5,'2008-08-28 00:00:00',2,12,7,5,'10720',0,243),(596,8,8.8,'2008-08-29 00:00:00',7,33,7,5,'10721-22',0,243),(597,1.3,1.5,'2008-08-30 00:00:00',2,6,7,5,'10723',0,243),(598,NULL,7.8,'2008-07-26 00:00:00',3,0,12,6,'Ferry',0,244),(599,NULL,3.7,'2008-07-25 00:00:00',2,0,12,6,'Ferry',0,244),(600,1.6,2.2,'2008-08-21 00:00:00',1,0,12,6,'RSH001',0,245),(601,1.8,2,'2008-08-16 00:00:00',7,0,12,6,'Training',0,245),(602,1.2,1.4,'2008-08-22 00:00:00',2,0,NULL,2,NULL,0,246),(603,2.5,3.1,'2008-08-23 00:00:00',3,9,NULL,2,NULL,0,246),(604,2.6,2.8,'2008-08-21 00:00:00',1,0,NULL,2,NULL,0,246),(605,4.4,5.4,'2008-08-31 00:00:00',7,15,NULL,2,NULL,0,246),(606,0,2.8,'2008-08-28 00:00:00',1,0,NULL,2,NULL,0,246),(607,1.3,1.7,'2008-08-30 00:00:00',2,6,NULL,2,NULL,0,246),(608,3,6.9,'2008-08-22 00:00:00',0,0,NULL,3,NULL,0,247),(609,1.5,1.5,'2008-08-23 00:00:00',0,0,NULL,3,NULL,0,247),(610,1.1,1.4,'2008-08-21 00:00:00',0,0,NULL,3,NULL,0,247),(611,5,5.4,'2008-08-26 00:00:00',0,0,NULL,3,NULL,0,247),(612,2.6,2.8,'2008-08-27 00:00:00',0,0,NULL,3,NULL,0,247),(613,2,2,'2008-08-24 00:00:00',0,0,NULL,3,NULL,0,247),(614,2.3,2.6,'2008-08-25 00:00:00',0,0,NULL,3,NULL,0,247),(615,5.6,6.4,'2008-08-19 00:00:00',3,0,NULL,3,NULL,0,247),(616,7.9,8.7,'2008-08-22 00:00:00',3,0,NULL,4,'Ferry',0,248),(617,4.3,4.9,'2008-08-21 00:00:00',3,0,NULL,4,'Ferry',0,248),(618,3.5,4.2,'2008-08-27 00:00:00',2,0,NULL,4,NULL,0,248),(619,1.2,1.6,'2008-08-28 00:00:00',1,4,NULL,4,NULL,0,248),(620,3.3,3.7,'2008-08-25 00:00:00',6,0,12,6,'RSH002',0,245),(621,1.1,1.7,'2008-08-28 00:00:00',1,10,12,6,'RSH003',0,245),(622,5,5.9,'2008-08-31 00:00:00',NULL,0,NULL,3,NULL,0,247),(623,2.8,3.1,'2008-09-03 00:00:00',2,4,9,1,'OP081',0,249),(624,2.7,3.2,'2008-09-02 00:00:00',2,20,9,1,'OP080',0,249),(625,5.4,6.3,'2008-09-07 00:00:00',4,13,9,1,'OP082',0,249),(626,4,5.5,'2008-09-03 00:00:00',11,86,12,2,NULL,0,250),(627,4.4,6.2,'2008-09-02 00:00:00',10,63,12,2,NULL,0,250),(628,2.5,3.1,'2008-09-05 00:00:00',NULL,NULL,12,2,NULL,0,250),(629,5.2,6.8,'2008-09-04 00:00:00',15,36,12,2,NULL,0,250),(630,3.7,5,'2008-09-07 00:00:00',7,31,12,2,NULL,0,250),(631,3.4,4,'2008-09-08 00:00:00',6,44,7,5,'10729',0,251),(632,2,2.2,'2008-09-01 00:00:00',4,22,7,5,'10725',0,251),(633,2,2.2,'2008-09-02 00:00:00',0,0,7,5,'10726',0,251),(634,5,5.2,'2008-09-05 00:00:00',2,2,7,5,'10727',0,251),(635,4.1,4.6,'2008-09-06 00:00:00',6,39,7,5,'10728',0,251),(636,NULL,2.4,'2008-09-04 00:00:00',1,0,12,9,'3 sep',0,252),(637,NULL,3,'2008-09-07 00:00:00',6,6,12,9,'12 sep',0,252),(638,NULL,4.8,'2008-09-06 00:00:00',10,19,12,9,'11 sep',0,252),(639,1.5,1.7,'2008-09-01 00:00:00',2,0,12,7,'Ferry',0,253),(640,5,5.4,'2008-09-03 00:00:00',4,7,12,7,NULL,0,253),(641,7,8,'2008-09-02 00:00:00',4,0,12,7,'Ferry',0,253),(642,5.2,5.6,'2008-09-05 00:00:00',4,5,12,7,NULL,0,253),(643,4.2,4.6,'2008-09-04 00:00:00',6,12,12,7,NULL,0,253),(644,5.5,6.1,'2008-09-10 00:00:00',8,73,7,5,'10730/1',0,251),(645,2.5,2.7,'2008-09-11 00:00:00',4,19,7,5,'10732',0,251),(646,1.9,2.1,'2008-09-13 00:00:00',2,4,7,5,'10733',0,251),(647,3.2,3.5,'2008-09-14 00:00:00',6,25,7,5,'10734',0,251),(648,3.9,4.4,'2008-09-21 00:00:00',1,0,12,3,NULL,0,261),(649,3.8,4.5,'2008-09-01 00:00:00',0,0,12,3,NULL,0,261),(650,5.9,7.4,'2008-09-03 00:00:00',0,0,12,3,NULL,0,261),(651,3.1,3.8,'2008-09-02 00:00:00',0,0,12,3,NULL,0,261),(652,6.6,7.4,'2008-09-04 00:00:00',0,0,12,3,NULL,0,261),(653,5,5.9,'2008-09-07 00:00:00',7,33,12,3,NULL,0,261),(654,2,2.3,'2008-09-20 00:00:00',1,0,12,4,NULL,0,262),(655,4,4.5,'2008-09-21 00:00:00',3,0,12,4,NULL,0,262),(656,7.7,8.5,'2008-09-12 00:00:00',5,17,12,4,NULL,0,262),(657,0.7,0.9,'2008-09-13 00:00:00',16,0,12,4,NULL,0,262),(658,2.4,2.6,'2008-09-15 00:00:00',1,0,12,4,NULL,0,262),(659,3.1,3.3,'2008-09-13 00:00:00',2,4,12,7,NULL,0,253),(660,0.6,0.7,'2008-09-14 00:00:00',1,2,12,7,NULL,0,253),(661,5.5,6.1,'2008-09-03 00:00:00',3,NULL,12,12,'RVM0447',0,263),(662,4.8,5.3,'2008-09-05 00:00:00',9,NULL,12,12,'RVM0449',0,263),(663,4.6,5.2,'2008-09-04 00:00:00',6,NULL,12,12,'RVM0448',0,263),(664,4.9,5.6,'2008-09-07 00:00:00',7,NULL,12,12,'RVM0801',0,263),(665,2.5,2.7,'2008-09-06 00:00:00',7,NULL,12,12,'RVM0450',0,263),(666,1,1.3,'2008-09-10 00:00:00',0,0,12,3,NULL,0,261),(667,5.9,6.5,'2008-09-11 00:00:00',0,0,12,3,NULL,0,261),(668,2.8,3.1,'2008-09-08 00:00:00',0,0,12,3,NULL,0,261),(669,1.2,1.3,'2008-09-12 00:00:00',0,0,12,3,NULL,0,261),(670,2.7,3.1,'2008-09-13 00:00:00',0,0,12,3,NULL,0,261),(671,1.9,2.1,'2008-09-14 00:00:00',0,0,12,3,NULL,0,261),(672,2.1,2.5,'2008-09-22 00:00:00',1,0,11,1,NULL,0,249),(673,2.6,2.8,'2008-09-23 00:00:00',1,0,11,1,NULL,0,249),(674,5.4,6.9,'2008-09-26 00:00:00',6,38,11,1,NULL,0,249),(675,1.4,1.6,'2008-09-27 00:00:00',2,7,11,1,NULL,0,249),(676,0.5,0.5,'2008-09-24 00:00:00',1,0,11,1,NULL,0,249),(677,1.5,2.1,'2008-09-28 00:00:00',4,27,11,1,NULL,0,249),(678,5.1,NULL,'2008-09-08 00:00:00',1,NULL,9,1,'Ferry',0,249),(679,3.7,NULL,'2008-09-09 00:00:00',3,NULL,9,1,'Ferry',0,249),(680,1,1.3,'2008-09-10 00:00:00',1,0,12,7,NULL,0,253),(681,5.9,6.5,'2008-09-11 00:00:00',NULL,0,12,7,NULL,0,253),(682,2.8,3.1,'2008-09-08 00:00:00',1,0,12,7,NULL,0,253),(683,1.2,1.3,'2008-09-12 00:00:00',1,0,12,7,NULL,0,253),(684,2.1,2.2,'2008-09-17 00:00:00',1,0,12,7,NULL,0,253),(685,NULL,2.5,'2008-09-20 00:00:00',2,6,12,9,NULL,0,252),(686,NULL,2.9,'2008-09-21 00:00:00',2,NULL,12,9,NULL,0,252),(687,NULL,1,'2008-09-13 00:00:00',2,6,12,9,NULL,0,252),(688,NULL,2.7,'2008-09-14 00:00:00',4,4,12,9,NULL,0,252),(689,NULL,1.4,'2008-09-15 00:00:00',2,2,12,9,NULL,0,252),(690,NULL,3.1,'2008-09-17 00:00:00',1,1,12,9,NULL,0,252),(691,NULL,2.6,'2008-09-19 00:00:00',2,11,12,9,NULL,0,252),(692,2.9,3.1,'2008-09-15 00:00:00',2,8,7,5,'10735',0,251),(693,3,3.2,'2008-09-17 00:00:00',2,6,7,5,'10736',0,251),(694,2.6,2.7,'2008-09-18 00:00:00',1,5,7,5,'10737',0,251),(695,2.6,2.7,'2008-09-29 00:00:00',1,NULL,7,5,'10738',0,251),(696,5.2,5.8,'2008-09-29 00:00:00',4,4,11,1,NULL,0,249),(697,1.6,2,'2008-09-30 00:00:00',4,37,11,1,NULL,0,249),(698,0.9,1.1,'2008-10-10 00:00:00',2,13,11,1,NULL,0,364),(699,2.4,2.9,'2008-10-13 00:00:00',3,3,11,1,NULL,0,364),(700,1.6,2.2,'2008-10-14 00:00:00',4,39,11,1,NULL,0,364),(701,1.4,1.7,'2008-10-15 00:00:00',14,0,11,1,'Training',0,364),(702,1.6,2.2,'2008-10-16 00:00:00',12,0,11,1,'Training',0,364),(703,0.1,0.4,'2008-10-17 00:00:00',1,NULL,11,1,'Training',0,364),(704,1.4,2,'2008-10-01 00:00:00',7,27,11,1,NULL,0,364),(705,4.8,5.7,'2008-10-03 00:00:00',8,37,11,1,NULL,0,364),(706,0.8,1,'2008-10-04 00:00:00',2,3,11,1,NULL,0,364),(707,3.1,3.7,'2008-10-07 00:00:00',4,19,11,1,NULL,0,364),(708,NULL,0.1,'2008-10-13 00:00:00',1,NULL,12,8,NULL,0,411),(709,NULL,1.4,'2008-10-03 00:00:00',6,NULL,12,8,NULL,0,411),(710,NULL,3.3,'2008-10-05 00:00:00',4,NULL,12,8,NULL,0,411),(711,NULL,0.4,'2008-10-04 00:00:00',2,NULL,12,8,NULL,0,411),(712,3.5,4.1,'2008-10-31 00:00:00',2,4,12,9,NULL,0,412),(713,1.2,1.7,'2008-10-15 00:00:00',10,0,12,9,NULL,0,412),(714,1.4,2.1,'2008-10-16 00:00:00',19,0,12,9,NULL,0,412),(715,3.5,4,'2008-10-28 00:00:00',2,7,12,9,NULL,0,412),(716,2.8,3.4,'2008-10-23 00:00:00',0,0,11,1,NULL,0,364),(717,0.8,1.2,'2008-10-20 00:00:00',2,14,11,1,NULL,0,364),(718,3.3,4.1,'2008-10-21 00:00:00',0,19,11,1,NULL,0,364),(719,1.6,2.3,'2008-10-31 00:00:00',4,42,11,1,NULL,0,364),(720,3.1,4,'2008-10-24 00:00:00',5,0,11,1,NULL,0,364),(721,2.5,2.9,'2008-10-25 00:00:00',3,0,11,1,NULL,0,364),(722,3.9,5,'2008-10-28 00:00:00',6,56,11,1,NULL,0,364),(723,4.5,5.9,'2008-10-19 00:00:00',10,51,11,1,NULL,0,364),(724,0.8,1,'2008-10-29 00:00:00',2,2,11,1,NULL,0,364),(725,7,7.9,'2008-10-14 00:00:00',0,2,12,2,NULL,0,413),(726,6.3,7.5,'2008-10-15 00:00:00',6,33,12,2,NULL,0,413),(727,1,1.5,'2008-10-17 00:00:00',6,0,12,2,NULL,0,413),(728,1.7,2.5,'2008-10-18 00:00:00',19,0,12,2,NULL,0,413),(729,3.5,4.3,'2008-10-07 00:00:00',2,6,12,2,NULL,0,413),(730,3.6,4.1,'2008-10-06 00:00:00',2,2,12,2,NULL,0,413),(731,4.3,4.9,'2008-10-14 00:00:00',4,20,12,3,NULL,0,414),(732,6,7.1,'2008-10-15 00:00:00',6,28,12,3,NULL,0,414),(733,3.5,3.7,'2008-10-17 00:00:00',1,0,12,3,NULL,0,414),(734,2.3,2.6,'2008-10-01 00:00:00',2,16,12,3,NULL,0,414),(735,3.3,3.5,'2008-10-19 00:00:00',1,2,12,3,NULL,0,414),(736,4.5,5.2,'2008-10-03 00:00:00',4,28,12,3,NULL,0,414),(737,1.1,1.4,'2008-10-05 00:00:00',1,6,12,3,NULL,0,414),(738,3.4,4,'2008-10-04 00:00:00',3,24,12,3,NULL,0,414),(739,6.2,6.8,'2008-10-15 00:00:00',3,7,12,6,NULL,0,415),(740,2.8,3.5,'2008-10-16 00:00:00',2,6,12,6,NULL,0,415),(741,2.4,2.6,'2008-10-05 00:00:00',1,0,12,6,NULL,0,415),(742,3.3,3.7,'2008-10-04 00:00:00',14,0,12,6,NULL,0,415),(743,3.2,3.4,'2008-10-27 00:00:00',2,3,12,7,NULL,0,416),(744,2.9,3.3,'2008-10-22 00:00:00',5,15,7,5,NULL,0,417),(745,3.6,4.2,'2008-10-21 00:00:00',5,30,7,5,NULL,0,417),(746,2.4,3.1,'2008-10-09 00:00:00',4,10,7,5,NULL,0,417),(747,5.2,6.3,'2008-10-31 00:00:00',7,49,7,5,NULL,0,417),(748,1.9,2.3,'2008-10-17 00:00:00',3,5,7,5,NULL,0,417),(749,1.9,2.4,'2008-10-01 00:00:00',2,5,7,5,NULL,0,417),(750,3.6,4.4,'2008-10-18 00:00:00',5,17,7,5,NULL,0,417),(751,2.1,2.5,'2008-10-28 00:00:00',3,41,7,5,NULL,0,417),(752,3,3.5,'2008-10-29 00:00:00',5,34,7,5,NULL,0,417),(753,1.3,1.7,'2008-10-05 00:00:00',2,2,7,5,NULL,0,417),(754,3.2,3.6,'2008-10-31 00:00:00',3,NULL,12,12,NULL,0,418),(755,2.1,2.5,'2008-10-15 00:00:00',2,NULL,12,12,NULL,0,418),(756,0.8,1,'2008-11-02 00:00:00',2,5,11,1,NULL,0,420),(757,0.8,1.1,'2008-11-30 00:00:00',2,0,11,1,NULL,0,420),(758,0.9,1.1,'2008-11-05 00:00:00',2,1,11,1,NULL,0,420),(759,0.8,1.2,'2008-11-04 00:00:00',2,20,11,1,NULL,0,420),(760,1.6,2.2,'2008-11-07 00:00:00',4,30,11,1,NULL,0,420),(761,2.2,2.6,'2008-11-06 00:00:00',0,0,11,1,NULL,0,420),(762,0.8,1.1,'2008-11-22 00:00:00',2,19,11,1,NULL,0,420),(763,0.9,1.2,'2008-11-23 00:00:00',2,16,11,1,NULL,0,420),(764,1.6,2.1,'2008-11-11 00:00:00',4,49,11,1,NULL,0,420),(765,0.8,1.2,'2008-11-09 00:00:00',2,12,11,1,NULL,0,420),(766,1,1.3,'2008-11-21 00:00:00',4,7,11,1,NULL,0,420),(767,1,1.3,'2008-11-26 00:00:00',3,30,11,1,NULL,0,420),(768,0.8,1,'2008-11-13 00:00:00',2,0,11,1,NULL,0,420),(769,3,3.7,'2008-11-27 00:00:00',4,1,11,1,NULL,0,420),(770,1.5,2.1,'2008-11-14 00:00:00',4,42,11,1,NULL,0,420),(771,1.8,2.4,'2008-11-25 00:00:00',4,43,11,1,NULL,0,420),(772,0.8,1,'2008-11-16 00:00:00',2,0,11,1,NULL,0,420),(773,1,1,'2008-11-18 00:00:00',3,9,11,1,NULL,0,420),(774,1,1.3,'2008-11-28 00:00:00',3,2,11,1,NULL,0,420),(775,1.7,2.2,'2008-11-29 00:00:00',4,38,11,1,NULL,0,420),(776,2.4,2.9,'2008-11-23 00:00:00',1,6,12,2,NULL,0,421),(777,0.4,0.8,'2008-11-10 00:00:00',3,0,12,2,NULL,0,421),(778,4.3,5,'2008-11-20 00:00:00',3,12,12,2,NULL,0,421),(779,0.9,1.6,'2008-11-12 00:00:00',12,0,12,2,NULL,0,421),(780,2.3,2.8,'2008-11-26 00:00:00',1,6,12,2,NULL,0,421),(781,1.1,1.3,'2008-11-13 00:00:00',1,6,12,2,NULL,0,421),(782,4.1,5,'2008-11-14 00:00:00',3,18,12,2,NULL,0,421),(783,5,6.5,'2008-11-18 00:00:00',4,20,12,2,NULL,0,421),(784,1.2,1.5,'2008-11-29 00:00:00',1,NULL,12,2,NULL,0,421),(785,0.7,0.9,'2008-11-06 00:00:00',2,16,12,2,NULL,0,421),(786,0.9,1.2,'2008-11-05 00:00:00',2,13,12,3,NULL,0,422),(787,2.4,3.1,'2008-11-07 00:00:00',3,17,12,3,NULL,0,422),(788,1,1.2,'2008-11-10 00:00:00',1,5,12,3,NULL,0,422),(789,2.4,2.9,'2008-11-23 00:00:00',2,6,12,3,NULL,0,422),(790,4.9,5.5,'2008-11-11 00:00:00',4,5,12,3,NULL,0,422),(791,4.3,5.1,'2008-11-20 00:00:00',3,15,12,3,NULL,0,422),(792,2.3,2.7,'2008-11-09 00:00:00',2,6,12,3,NULL,0,422),(793,1,1.3,'2008-11-13 00:00:00',1,6,12,3,NULL,0,422),(794,6.8,7.1,'2008-11-26 00:00:00',0,3,12,3,NULL,0,422),(795,4.1,4.9,'2008-11-14 00:00:00',3,23,12,3,NULL,0,422),(796,0.9,1.2,'2008-11-27 00:00:00',8,0,12,3,NULL,0,422),(797,6.9,7.4,'2008-11-25 00:00:00',2,4,12,3,NULL,0,422),(798,5.1,6.1,'2008-11-18 00:00:00',4,22,12,3,NULL,0,422),(799,5.5,6.1,'2008-11-29 00:00:00',3,NULL,12,3,NULL,0,422),(800,4,4.5,'2008-11-29 00:00:00',2,NULL,12,4,NULL,0,423),(801,2.6,3,'2008-11-01 00:00:00',5,12,7,5,NULL,0,424),(802,3.2,3.8,'2008-11-02 00:00:00',5,26,7,5,NULL,0,424),(803,5.1,5.8,'2008-11-30 00:00:00',0,NULL,7,5,NULL,0,424),(804,4.9,5.4,'2008-11-05 00:00:00',2,6,7,5,NULL,0,424),(805,4,4.9,'2008-11-20 00:00:00',7,30,7,5,NULL,0,424),(806,0.9,1.2,'2008-11-21 00:00:00',2,20,7,5,NULL,0,424),(807,2.6,2.8,'2008-11-14 00:00:00',1,4,7,5,NULL,0,424),(808,1.8,2.1,'2008-11-15 00:00:00',1,4,7,5,NULL,0,424),(809,0.6,0.7,'2008-11-16 00:00:00',0,0,7,5,NULL,0,424),(810,1.3,1.7,'2008-11-25 00:00:00',2,11,7,5,NULL,0,424),(811,1.3,1.6,'2008-11-17 00:00:00',2,19,7,5,NULL,0,424),(812,2.4,2.7,'2008-11-18 00:00:00',0,0,7,5,NULL,0,424),(813,1.3,1.6,'2008-11-28 00:00:00',2,10,7,5,NULL,0,424),(814,0.7,1.1,'2008-11-29 00:00:00',3,19,7,5,NULL,0,424),(815,7.1,7.1,'2008-11-12 00:00:00',2,6,12,6,NULL,0,425),(816,4.1,4.1,'2008-11-13 00:00:00',2,3,12,6,NULL,0,425),(817,6.8,6.8,'2008-11-14 00:00:00',2,3,12,6,NULL,0,425),(818,6.6,7.3,'2008-11-05 00:00:00',5,7,12,6,NULL,0,425),(819,3.8,4.2,'2008-11-26 00:00:00',4,13,12,7,NULL,0,426),(820,1.5,1.6,'2008-11-27 00:00:00',1,0,12,7,NULL,0,426),(821,6.4,6.8,'2008-11-16 00:00:00',4,1,12,7,NULL,0,426),(822,NULL,0.6,'2008-11-10 00:00:00',3,NULL,12,8,NULL,0,427),(823,NULL,1.8,'2008-11-14 00:00:00',NULL,NULL,12,8,NULL,0,427),(824,1.8,2.4,'2008-12-12 00:00:00',4,53,11,1,NULL,0,488),(825,2.6,3.6,'2008-12-09 00:00:00',6,59,11,1,NULL,0,488),(826,0.8,1.1,'2008-12-02 00:00:00',2,16,11,1,NULL,0,488),(827,0.9,1.2,'2008-12-05 00:00:00',2,23,11,1,NULL,0,488),(828,1.1,1.3,'2008-11-22 00:00:00',1,6,12,9,NULL,0,489),(829,6.8,7.5,'2008-11-23 00:00:00',2,0,12,9,NULL,0,489),(830,1,1.3,'2008-11-21 00:00:00',1,3,12,9,NULL,0,489),(831,2.3,2.7,'2008-11-26 00:00:00',2,7,12,9,NULL,0,489),(832,2.2,2.6,'2008-11-28 00:00:00',2,10,12,9,NULL,0,489),(833,1.2,1.4,'2008-11-29 00:00:00',1,NULL,12,9,NULL,0,489),(834,NULL,4.6,'2008-12-11 00:00:00',2,2,12,9,NULL,0,490),(835,1.9,2.1,'2008-12-12 00:00:00',1,NULL,12,9,NULL,0,490),(836,1.1,1.4,'2008-12-01 00:00:00',2,20,12,9,NULL,0,490),(837,0.8,1.5,'2008-12-03 00:00:00',3,12,12,9,NULL,0,490),(838,2.7,3.1,'2008-12-05 00:00:00',3,10,12,9,NULL,0,490),(839,0.8,1.4,'2008-12-04 00:00:00',3,22,12,9,NULL,0,490),(840,1.3,1.9,'2008-12-06 00:00:00',2,20,12,9,NULL,0,490),(841,2.1,3,'2008-12-01 00:00:00',4,24,12,2,NULL,0,491),(842,0.8,1.3,'2008-12-03 00:00:00',2,0,12,2,NULL,0,491),(843,3.2,3.6,'2008-12-04 00:00:00',2,15,12,2,NULL,0,491),(844,3,3.8,'2008-12-07 00:00:00',4,20,12,2,NULL,0,491),(845,1.5,2,'2008-12-06 00:00:00',2,18,12,2,NULL,0,491),(846,4.4,4.8,'2008-12-09 00:00:00',2,2,12,3,NULL,0,492),(847,4,4.6,'2008-12-13 00:00:00',3,18,12,3,NULL,0,492),(848,6.4,7.6,'2008-12-14 00:00:00',6,38,12,3,NULL,0,492),(849,2.7,3.4,'2008-12-10 00:00:00',4,NULL,7,5,NULL,0,493),(850,1.2,1.3,'2008-12-06 00:00:00',2,8,7,5,NULL,0,493),(851,1.3,1.7,'2008-11-26 00:00:00',2,NULL,14,14,NULL,0,494),(852,2,2.5,'2008-11-24 00:00:00',5,NULL,14,14,NULL,0,494),(853,2.8,2.8,'2008-11-25 00:00:00',2,NULL,14,14,NULL,0,494),(854,3.1,3.5,'2008-11-28 00:00:00',3,NULL,14,14,NULL,0,494),(855,1.6,2,'2008-11-29 00:00:00',2,NULL,14,14,NULL,0,494),(856,2.9,3.3,'2008-12-04 00:00:00',3,NULL,14,14,NULL,0,495),(857,4.6,5,'2008-11-20 00:00:00',3,1,12,12,NULL,0,496),(858,0.4,0.6,'2008-11-28 00:00:00',1,0,12,12,NULL,0,496),(859,6.3,7.1,'2008-11-19 00:00:00',4,1,12,12,NULL,0,496),(860,2,2.7,'2008-12-01 00:00:00',2,NULL,12,12,NULL,0,497),(861,0.6,1,'2008-12-12 00:00:00',1,0,12,6,NULL,0,498),(862,1.7,2.1,'2008-12-13 00:00:00',1,0,12,6,NULL,0,498),(863,3.2,4,'2008-12-09 00:00:00',NULL,28,12,2,NULL,0,491),(864,3.4,4.1,'2008-12-12 00:00:00',5,24,12,2,NULL,0,491),(865,2.9,3.9,'2008-12-13 00:00:00',5,24,12,2,NULL,0,491),(866,2.7,3.6,'2008-12-23 00:00:00',6,47,11,1,NULL,0,488),(867,1.1,1.5,'2008-12-31 00:00:00',3,4,11,1,NULL,0,488),(868,1.7,2.6,'2008-12-26 00:00:00',4,35,11,1,NULL,0,488),(869,1,1.3,'2008-12-24 00:00:00',2,6,11,1,NULL,0,488),(870,0.9,1.3,'2008-12-16 00:00:00',2,19,11,1,NULL,0,488),(871,0.8,1.1,'2008-12-28 00:00:00',2,6,11,1,NULL,0,488),(872,0.9,1.2,'2008-12-19 00:00:00',2,20,11,1,NULL,0,488),(873,1.1,1.2,'2008-12-30 00:00:00',2,20,11,1,NULL,0,488),(874,0.9,1.2,'2009-01-03 00:00:00',2,0,11,1,NULL,0,502),(875,1.1,1.4,'2009-01-02 00:00:00',2,6,11,1,NULL,0,502),(876,NULL,1.1,'2009-01-04 00:00:00',2,6,11,1,NULL,0,502),(877,0.3,0.7,'2008-12-15 00:00:00',3,0,12,2,NULL,0,491),(878,4.4,4.9,'2008-12-16 00:00:00',2,2,12,2,NULL,0,491),(879,1.5,2.2,'2008-12-15 00:00:00',4,20,12,3,NULL,0,492),(880,4.4,4.8,'2008-12-16 00:00:00',2,0,12,3,NULL,0,492),(881,0.5,1,'2008-12-18 00:00:00',1,2,NULL,4,NULL,0,503),(882,1.9,2.6,'2008-12-19 00:00:00',1,2,12,4,NULL,0,503),(883,0.9,1.5,'2008-12-29 00:00:00',2,0,NULL,4,NULL,0,503),(884,2,2.5,'2008-12-22 00:00:00',4,28,7,5,NULL,0,493),(885,1.3,1.5,'2008-12-27 00:00:00',2,8,7,5,NULL,0,493),(886,3.7,4.8,'2008-12-25 00:00:00',8,37,7,5,NULL,0,493),(887,2.1,2.7,'2008-12-17 00:00:00',7,20,7,5,NULL,0,493),(888,4.1,5,'2008-12-28 00:00:00',8,56,7,5,NULL,0,493),(889,2.4,2.7,'2008-12-29 00:00:00',3,11,7,5,NULL,0,493),(890,0.1,0.2,'2008-12-30 00:00:00',1,0,7,5,NULL,0,493),(891,0.2,0.2,'2008-12-31 00:00:00',1,1,7,5,NULL,0,493),(892,1.2,1.5,'2009-01-01 00:00:00',2,16,7,5,NULL,0,504),(893,1.6,1.8,'2009-01-03 00:00:00',2,6,7,5,NULL,0,504),(894,1.7,2,'2009-01-02 00:00:00',3,24,7,5,NULL,0,504),(895,1.7,1.9,'2008-12-19 00:00:00',1,0,12,6,NULL,0,498),(896,2.7,2.9,'2008-12-16 00:00:00',2,3,12,7,NULL,0,505),(897,2.6,2.8,'2008-12-17 00:00:00',NULL,NULL,12,7,NULL,0,505),(898,0.7,0.8,'2008-12-18 00:00:00',NULL,NULL,12,7,NULL,0,505),(899,1.8,2,'2008-12-29 00:00:00',NULL,NULL,12,9,NULL,0,490),(902,2,2.7,'2008-12-02 00:00:00',2,NULL,12,12,NULL,0,497),(903,3.9,4,'2008-12-05 00:00:00',2,NULL,12,12,NULL,0,497),(904,3.8,4.1,'2008-12-23 00:00:00',NULL,NULL,12,12,NULL,0,497),(905,3.8,4.5,'2008-12-18 00:00:00',NULL,NULL,12,12,NULL,0,497),(906,3.5,4.1,'2008-10-31 00:00:00',2,NULL,14,13,NULL,0,506),(907,3.5,4,'2008-10-28 00:00:00',2,7,14,13,NULL,0,506),(908,NULL,1.3,'2008-11-22 00:00:00',NULL,NULL,14,13,NULL,0,507),(909,1,1.3,'2008-11-21 00:00:00',NULL,NULL,14,13,NULL,0,507),(910,NULL,1.1,'2008-12-11 00:00:00',NULL,NULL,14,14,NULL,0,495),(911,0.9,1.2,'2009-01-08 00:00:00',NULL,NULL,11,1,NULL,0,502),(912,2.6,3.6,'2009-01-09 00:00:00',NULL,NULL,11,1,NULL,0,502),(913,1.7,2.3,'2009-01-13 00:00:00',4,17,11,1,NULL,0,502),(914,0.9,1.2,'2009-01-16 00:00:00',2,16,11,1,NULL,0,502),(915,0.8,1.1,'2009-01-17 00:00:00',2,NULL,11,1,NULL,0,502),(916,1.1,1.4,'2009-01-07 00:00:00',NULL,NULL,11,1,NULL,0,502),(917,2.5,3.4,'2009-01-06 00:00:00',NULL,NULL,11,1,NULL,0,502),(918,0.5,0.7,'2009-01-13 00:00:00',0,0,14,14,NULL,0,519),(919,2.6,2.9,'2009-01-17 00:00:00',2,NULL,14,14,NULL,0,519),(920,1.7,2.3,'2009-01-23 00:00:00',4,NULL,11,1,NULL,0,502),(921,1.8,2.3,'2009-01-20 00:00:00',4,28,11,1,NULL,0,502),(922,2.5,3.1,'2009-01-07 00:00:00',4,21,7,5,NULL,0,504),(923,0.1,0.2,'2009-01-06 00:00:00',NULL,NULL,NULL,5,NULL,0,504),(924,4,4.7,'2009-01-23 00:00:00',6,20,7,5,NULL,0,504),(925,1.6,1.8,'2009-01-08 00:00:00',2,12,7,5,NULL,0,504),(926,2.4,2.9,'2009-01-11 00:00:00',3,16,7,5,NULL,0,504),(927,4.6,6.3,'2009-01-20 00:00:00',9,81,7,5,NULL,0,504),(928,1.3,1.5,'2009-01-09 00:00:00',2,19,7,5,NULL,0,504),(929,1.8,2.3,'2009-01-12 00:00:00',4,15,7,5,NULL,0,504),(930,0.7,1.1,'2009-01-21 00:00:00',2,16,7,5,NULL,0,504),(931,1.3,1.6,'2009-01-25 00:00:00',2,NULL,7,5,NULL,0,504),(932,1.5,2,'2009-01-17 00:00:00',3,15,7,5,NULL,0,504),(933,3.1,3.4,'2009-01-18 00:00:00',2,8,7,5,NULL,0,504),(934,1.3,1.7,'2009-01-19 00:00:00',2,9,7,5,NULL,0,504),(935,1.1,1.3,'2009-01-24 00:00:00',1,7,14,14,NULL,0,519),(936,2.1,2.5,'2009-01-25 00:00:00',2,NULL,14,14,NULL,0,519),(937,1.2,1.4,'2009-01-27 00:00:00',1,NULL,14,14,NULL,0,519),(938,3,3.2,'2010-07-01 00:00:00',2,3,12,2,'123',0,580),(939,2,4.1,'2010-07-02 00:00:00',3,4,9,2,'345',0,580);
/*!40000 ALTER TABLE `actuals` ENABLE KEYS */;
UNLOCK TABLES;

--
-- Table structure for table `aircraft`
--

DROP TABLE IF EXISTS `aircraft`;
CREATE TABLE `aircraft` (
  `id` int(11) NOT NULL auto_increment,
  `ref` varchar(255) default NULL,
  `cargoSize` varchar(255) default NULL,
  `licence` varchar(255) default NULL,
  `performanceCounter` varchar(255) default NULL,
  `licences` varchar(255) default NULL,
  `model` varchar(255) default NULL,
  `ownership` varchar(255) default NULL,
  `type` varchar(255) default NULL,
  `aircraftmaintenanceorganisation` varchar(255) default NULL,
  `aircraftoperatingcertificate` varchar(255) default NULL,
  `certificateofairworthiness` varchar(255) default NULL,
  `certificateofregistration` varchar(255) default NULL,
  `coaexpirydate` date default NULL,
  `livery` varchar(255) default NULL,
  `aircraftoperatingcertificate_expirydate` date default NULL,
  `aircraftoperatingcertificate_issuedate` date default NULL,
  `aircraftoperatingcertificate_number` varchar(255) default NULL,
  `certificateofairworthiness_expirydate` date default NULL,
  `certificateofairworthiness_issuedate` date default NULL,
  `certificateofairworthiness_number` varchar(255) default NULL,
  `certificateofregistration_expirydate` date default NULL,
  `certificateofregistration_issuedate` date default NULL,
  `certificateofregistration_number` varchar(255) default NULL,
  `aircraftoperatingcertificate_hours` double default NULL,
  `aircraftoperatingcertificate_quantity` varchar(255) default NULL,
  `aircraftoperatingcertificate_type` varchar(255) default NULL,
  `certificateofairworthiness_hours` double default NULL,
  `certificateofairworthiness_quantity` varchar(255) default NULL,
  `certificateofairworthiness_type` varchar(255) default NULL,
  `certificateofregistration_hours` double default NULL,
  `certificateofregistration_quantity` varchar(255) default NULL,
  `certificateofregistration_type` varchar(255) default NULL,
  `engines` int(11) default NULL,
  `air` int(11) default NULL,
  `bambi` int(11) default NULL,
  `cargo` int(11) default NULL,
  `fdr` int(11) default NULL,
  `ferry` int(11) default NULL,
  `flir` int(11) default NULL,
  `floa` int(11) default NULL,
  `hoist` int(11) default NULL,
  `indi` int(11) default NULL,
  `mmel` int(11) default NULL,
  `night` int(11) default NULL,
  `nvg` int(11) default NULL,
  `tcas` int(11) default NULL,
  `troop` int(11) default NULL,
  `vip` int(11) default NULL,
  PRIMARY KEY  (`id`)
) ENGINE=InnoDB DEFAULT CHARSET=latin1;

--
-- Dumping data for table `aircraft`
--

LOCK TABLES `aircraft` WRITE;
/*!40000 ALTER TABLE `aircraft` DISABLE KEYS */;
INSERT INTO `aircraft` VALUES (1,'ZS-HIZ','','SACAA','','','J','Puma Partners.  South Africa','S330J','Heidelberg',NULL,NULL,NULL,NULL,'SL Standard','2006-09-05',NULL,'C Of R Issue Date','2008-09-18',NULL,'4624/ZS-HIZ/5','2008-12-31',NULL,'Radio licence expiry',NULL,NULL,NULL,NULL,NULL,NULL,NULL,NULL,NULL,1,NULL,NULL,NULL,NULL,NULL,NULL,NULL,NULL,NULL,NULL,NULL,NULL,NULL,NULL,NULL),(2,'ZS-HJA','','SACAA','','','J','Puma Partners.  South Africa','S330J','Heidelberg',NULL,NULL,NULL,NULL,'SL Standard','2002-05-24',NULL,'C Of R Issue Date','2009-08-10',NULL,'4625/ZS-HJA/7','2008-12-31',NULL,'Radio licence expiry',NULL,NULL,NULL,NULL,NULL,NULL,NULL,NULL,NULL,1,NULL,NULL,NULL,NULL,NULL,NULL,NULL,NULL,NULL,NULL,NULL,NULL,NULL,NULL,NULL),(3,'ZS-RNK','','SACAA','','','J','Puma Partners.  South Africa','S330J','Heidelberg',NULL,'347/ZS-RNK/3','347/RNK',NULL,'SL Standard','2002-05-24',NULL,'C Of R Issue Date','2008-06-06',NULL,'347/ZS-RNK/4','2008-12-31',NULL,'Radio licence expiry',NULL,NULL,NULL,NULL,NULL,NULL,NULL,NULL,NULL,0,NULL,NULL,NULL,NULL,NULL,NULL,NULL,NULL,NULL,NULL,NULL,NULL,NULL,NULL,NULL),(4,'ZS-RWO','','SACAA','','','J','Puma Partners.  South Africa','S330J','Heidelberg',NULL,'350/ZS-RWO/3',NULL,NULL,'SL Standard',NULL,NULL,'C Of R Issue Date','2008-06-27',NULL,'350/ZS-RWO/3',NULL,NULL,'Radio licence expiry',NULL,NULL,NULL,NULL,NULL,NULL,NULL,NULL,NULL,0,NULL,NULL,NULL,NULL,NULL,NULL,NULL,NULL,NULL,NULL,NULL,NULL,NULL,NULL,NULL),(5,'ZS-RUH','','SACAA','','','J','Heavy Lift Charters Ltd','S330J','Heidelberg',NULL,NULL,NULL,NULL,'SL Standard','2004-12-02',NULL,'C Of R Issue Date','2009-01-12',NULL,'','2008-12-31',NULL,'Radio licence expiry',NULL,NULL,NULL,NULL,NULL,NULL,NULL,NULL,NULL,1,NULL,NULL,NULL,NULL,NULL,NULL,NULL,NULL,NULL,NULL,NULL,NULL,NULL,NULL,NULL),(6,'ZS-RSH',NULL,'SACAA',NULL,NULL,'A','Aref Group Ltd','Sikorsky S-92 A','Heidelberg',NULL,NULL,NULL,NULL,'SL Standard',NULL,NULL,'',NULL,NULL,'',NULL,NULL,'',NULL,NULL,NULL,NULL,NULL,NULL,NULL,NULL,NULL,NULL,NULL,NULL,NULL,NULL,NULL,NULL,NULL,NULL,NULL,NULL,NULL,NULL,NULL,NULL,NULL),(7,'ZS RST',NULL,'SACAA',NULL,NULL,'407','Heavy Lift Charters Ltd','Bell 407','',NULL,NULL,NULL,NULL,'',NULL,NULL,'',NULL,NULL,'',NULL,NULL,'',NULL,NULL,NULL,NULL,NULL,NULL,NULL,NULL,NULL,0,NULL,NULL,NULL,NULL,NULL,NULL,NULL,NULL,NULL,NULL,NULL,NULL,NULL,NULL,NULL),(8,'5Y EXG',NULL,'',NULL,NULL,'','Everett Aviation','BK117','Everett Nairobi',NULL,NULL,NULL,NULL,'',NULL,NULL,'',NULL,NULL,'',NULL,NULL,'',NULL,NULL,NULL,NULL,NULL,NULL,NULL,NULL,NULL,NULL,NULL,NULL,NULL,NULL,NULL,NULL,NULL,NULL,NULL,NULL,NULL,NULL,NULL,NULL,NULL),(9,'D HAXE',NULL,'',NULL,NULL,'J','Helog DE','S330J','Helog Germany',NULL,NULL,NULL,NULL,'',NULL,NULL,'',NULL,NULL,'',NULL,NULL,'',NULL,NULL,NULL,NULL,NULL,NULL,NULL,NULL,NULL,1,NULL,NULL,NULL,NULL,NULL,NULL,NULL,NULL,NULL,NULL,NULL,NULL,NULL,NULL,NULL),(10,'ZS-RIB',NULL,'SACAA',NULL,NULL,'','Karl Kebert','Bell 407','',NULL,NULL,NULL,NULL,'','2010-09-11',NULL,'',NULL,NULL,'','2009-09-11',NULL,'',NULL,NULL,NULL,NULL,NULL,NULL,NULL,NULL,NULL,0,NULL,NULL,NULL,NULL,NULL,NULL,NULL,NULL,NULL,NULL,NULL,NULL,NULL,NULL,NULL),(11,'5Y EXA',NULL,'',NULL,NULL,'B2','Everett Aviation','R 22','Everett Nairobi',NULL,NULL,NULL,NULL,'',NULL,NULL,'',NULL,NULL,'',NULL,NULL,'',NULL,NULL,NULL,NULL,NULL,NULL,NULL,NULL,NULL,0,NULL,NULL,NULL,NULL,NULL,NULL,NULL,NULL,NULL,NULL,NULL,NULL,NULL,NULL,NULL),(12,'ZS-RVM',NULL,'SACAA',NULL,NULL,'','MCC Aviation (Pty) Ltd','Bell 407','',NULL,NULL,NULL,NULL,'',NULL,NULL,'','2009-06-22',NULL,'514/ZS-RVM/4',NULL,NULL,'',NULL,NULL,NULL,NULL,NULL,NULL,NULL,NULL,NULL,0,NULL,NULL,NULL,NULL,NULL,NULL,NULL,NULL,NULL,NULL,NULL,NULL,NULL,NULL,NULL),(13,'D-HAXI',NULL,'',NULL,NULL,'J','Heavy Lift Charters Ltd','S330J','Helog Germany',NULL,NULL,NULL,NULL,'',NULL,NULL,'',NULL,NULL,'',NULL,NULL,'',NULL,NULL,NULL,NULL,NULL,NULL,NULL,NULL,NULL,1,NULL,NULL,NULL,NULL,NULL,NULL,NULL,NULL,NULL,NULL,NULL,NULL,NULL,NULL,NULL),(14,'ZS-RKC',NULL,'',NULL,NULL,'J','Heavy Lift Charters Ltd','S330J','Heidelberg',NULL,NULL,NULL,NULL,'',NULL,NULL,'',NULL,NULL,'SACAA 16228',NULL,NULL,'SACAA 12458',NULL,NULL,NULL,NULL,NULL,NULL,NULL,NULL,NULL,1,NULL,NULL,NULL,NULL,NULL,NULL,NULL,NULL,NULL,NULL,NULL,NULL,NULL,NULL,NULL);
/*!40000 ALTER TABLE `aircraft` ENABLE KEYS */;
UNLOCK TABLES;

--
-- Table structure for table `aircrafttype`
--

DROP TABLE IF EXISTS `aircrafttype`;
CREATE TABLE `aircrafttype` (
  `id` int(11) NOT NULL auto_increment,
  `description` varchar(255) default NULL,
  `name` varchar(255) default NULL,
  PRIMARY KEY  (`id`)
) ENGINE=MyISAM AUTO_INCREMENT=6 DEFAULT CHARSET=latin1;

--
-- Dumping data for table `aircrafttype`
--

LOCK TABLES `aircrafttype` WRITE;
/*!40000 ALTER TABLE `aircrafttype` DISABLE KEYS */;
INSERT INTO `aircrafttype` VALUES (1,'Robin','R 22'),(2,'Robin','R 44'),(3,'S330J','S330J'),(4,'S92','S92'),(5,'Bell 407','Bell 407');
/*!40000 ALTER TABLE `aircrafttype` ENABLE KEYS */;
UNLOCK TABLES;

--
-- Table structure for table `allocation`
--

DROP TABLE IF EXISTS `allocation`;
CREATE TABLE `allocation` (
  `id` int(11) NOT NULL auto_increment,
  `assignableId` int(11) default NULL,
  `assignableType` varchar(255) default NULL,
  `assignmentId` int(11) default NULL,
  `assignmentType` varchar(255) default NULL,
  `dateFrom` date default NULL,
  `notes` varchar(255) default NULL,
  `dateTo` date default NULL,
  PRIMARY KEY  (`id`)
) ENGINE=InnoDB DEFAULT CHARSET=latin1;

--
-- Dumping data for table `allocation`
--

LOCK TABLES `allocation` WRITE;
/*!40000 ALTER TABLE `allocation` DISABLE KEYS */;
INSERT INTO `allocation` VALUES (38,5,'Aircraft',7,'Charter','2008-01-01',NULL,'2008-05-30'),(40,1,'CrewMember',7,'Charter','2008-03-01',NULL,'2008-03-15'),(41,2,'CrewMember',7,'Charter','2008-03-14',NULL,'2008-03-31'),(42,3,'CrewMember',7,'Charter','2008-03-01',NULL,'2008-03-11'),(43,4,'CrewMember',7,'Charter','2008-03-10',NULL,'2008-03-31'),(44,9,'CrewMember',7,'Charter','2008-03-01',NULL,'2008-03-31'),(45,8,'CrewMember',7,'Charter','2008-03-01',NULL,'2008-03-13'),(46,10,'CrewMember',7,'Charter','2008-03-11',NULL,'2008-03-31'),(47,1,'CrewMember',7,'Charter','2008-02-12',NULL,'2008-02-29'),(48,2,'CrewMember',7,'Charter','2008-02-01',NULL,'2008-02-14'),(49,3,'CrewMember',7,'Charter','2008-02-01',NULL,'2008-01-29'),(50,3,'CrewMember',7,'Charter','2008-02-01',NULL,'2008-02-29'),(51,9,'CrewMember',7,'Charter','2008-02-05',NULL,'2008-02-29'),(52,8,'CrewMember',7,'Charter','2008-02-04',NULL,'2008-02-29'),(53,7,'CrewMember',7,'Charter','2008-02-01',NULL,'2008-02-08'),(54,6,'CrewMember',7,'Charter','2008-02-01',NULL,'2008-02-08'),(55,1,'CrewMember',7,'Charter','2008-01-01',NULL,'2008-01-13'),(56,2,'CrewMember',7,'Charter','2008-01-10',NULL,'2008-01-31'),(57,3,'CrewMember',7,'Charter','2008-01-10',NULL,'2008-01-31'),(58,4,'CrewMember',7,'Charter','2008-01-01',NULL,'2008-01-10'),(59,9,'CrewMember',7,'Charter','2008-01-01',NULL,'2008-01-10'),(60,7,'CrewMember',7,'Charter','2008-01-09',NULL,'2008-01-31'),(61,6,'CrewMember',7,'Charter','2008-01-01',NULL,'2008-01-31'),(62,24,'CrewMember',8,'Charter','2008-01-01',NULL,'2008-01-31'),(63,22,'CrewMember',8,'Charter','2008-01-01',NULL,'2008-01-31'),(64,20,'CrewMember',8,'Charter','2008-01-01',NULL,'2008-01-31'),(65,25,'CrewMember',8,'Charter','2008-01-01',NULL,'2008-01-31'),(66,24,'CrewMember',8,'Charter','2008-02-01',NULL,'2008-02-29'),(67,22,'CrewMember',8,'Charter','2008-02-01',NULL,'2008-02-29'),(68,20,'CrewMember',8,'Charter','2008-02-01',NULL,'2008-02-29'),(69,25,'CrewMember',8,'Charter','2008-02-01',NULL,'2008-02-29'),(70,24,'CrewMember',8,'Charter','2008-03-13',NULL,'2008-03-31'),(72,20,'CrewMember',8,'Charter','2008-03-01',NULL,'2008-03-14'),(73,25,'CrewMember',8,'Charter','2008-03-01',NULL,'2008-03-20'),(74,1,'Aircraft',9,'Charter','2008-02-01',NULL,'2008-04-30'),(79,22,'CrewMember',8,'Charter','2008-03-17',NULL,'2008-03-20'),(82,4,'CrewMember',7,'Charter','2008-04-01',NULL,'2008-04-30'),(83,31,'CrewMember',7,'Charter','2008-04-15',NULL,'2008-04-30'),(84,9,'CrewMember',7,'Charter','2008-04-01',NULL,'2008-04-17'),(85,8,'CrewMember',7,'Charter','2008-04-13',NULL,'2008-04-30'),(93,33,'CrewMember',9,'Charter','2008-04-21',NULL,'2008-04-30'),(98,1,'CrewMember',9,'Charter','2008-04-01',NULL,'2008-04-01'),(99,1,'CrewMember',9,'Charter','2008-04-14',NULL,'2008-04-29'),(101,19,'CrewMember',9,'Charter','2008-03-17',NULL,'2008-03-20'),(102,19,'CrewMember',9,'Charter','2008-04-02',NULL,'2008-04-04'),(103,19,'CrewMember',9,'Charter','2008-04-20',NULL,'2008-04-30'),(107,29,'CrewMember',9,'Charter','2008-04-01',NULL,'2008-04-22'),(108,21,'CrewMember',9,'Charter','2008-04-01',NULL,'2008-04-15'),(109,10,'CrewMember',9,'Charter','2008-04-01',NULL,'2008-04-30'),(110,7,'CrewMember',9,'Charter','2008-04-06',NULL,'2008-04-06'),(112,32,'CrewMember',9,'Charter','2008-04-17',NULL,'2008-04-30'),(113,9,'CrewMember',7,'Charter','2008-04-18',NULL,'2008-04-18'),(114,3,'CrewMember',7,'Charter','2008-04-01',NULL,'2008-04-01'),(115,3,'CrewMember',7,'Charter','2008-04-11',NULL,'2008-04-30'),(116,19,'CrewMember',7,'Charter','2008-04-01',NULL,'2008-04-01'),(117,2,'CrewMember',7,'Charter','2008-04-01',NULL,'2008-04-14'),(118,2,'Aircraft',10,'Charter','2008-05-26',NULL,'2008-06-30'),(119,3,'Aircraft',10,'Charter','2008-05-26',NULL,'2008-06-30'),(120,5,'Aircraft',7,'Charter','2008-05-31',NULL,'2008-12-31'),(121,1,'Aircraft',9,'Charter','2008-05-01',NULL,'2008-06-30'),(122,1,'CrewMember',7,'Charter','2008-05-14',NULL,'2008-05-31'),(124,2,'CrewMember',9,'Charter','2008-05-19',NULL,'2008-05-31'),(125,3,'CrewMember',7,'Charter','2008-05-01',NULL,'2008-05-15'),(126,4,'CrewMember',7,'Charter','2008-05-01',NULL,'2008-05-16'),(127,31,'CrewMember',7,'Charter','2008-05-11',NULL,'2008-05-31'),(128,9,'CrewMember',7,'Charter','2008-05-17',NULL,'2008-05-31'),(129,8,'CrewMember',7,'Charter','2008-05-01',NULL,'2008-05-23'),(130,29,'CrewMember',9,'Charter','2008-04-30',NULL,'2008-05-31'),(131,21,'CrewMember',9,'Charter','2008-05-08',NULL,'2008-05-20'),(132,10,'CrewMember',7,'Charter','2008-05-01',NULL,'2008-05-19'),(133,7,'CrewMember',7,'Charter','2008-05-19',NULL,'2008-05-31'),(134,32,'CrewMember',9,'Charter','2008-05-01',NULL,'2008-05-16'),(135,33,'CrewMember',9,'Charter','2008-05-01',NULL,'2008-05-02'),(136,6,'CrewMember',7,'Charter','2008-05-26',NULL,'2008-05-31'),(137,1,'CrewMember',7,'Charter','2008-06-01',NULL,'2008-06-05'),(138,2,'CrewMember',7,'Charter','2008-06-01',NULL,'2008-06-06'),(141,3,'CrewMember',7,'Charter','2008-06-03',NULL,'2008-06-25'),(142,4,'CrewMember',7,'Charter','2008-06-03',NULL,'2008-06-26'),(143,31,'CrewMember',7,'Charter','2008-06-01',NULL,'2008-06-05'),(144,31,'CrewMember',7,'Charter','2008-06-29',NULL,'2008-06-30'),(145,9,'CrewMember',7,'Charter','2008-06-01',NULL,'2008-06-06'),(146,9,'CrewMember',7,'Charter','2008-06-24',NULL,'2008-06-30'),(147,8,'CrewMember',10,'Charter','2008-05-27',NULL,'2008-05-30'),(148,8,'CrewMember',10,'Charter','2008-06-29',NULL,'2008-06-30'),(149,29,'CrewMember',9,'Charter','2008-06-01',NULL,'2008-06-30'),(150,21,'CrewMember',9,'Charter','2008-06-09',NULL,'2008-06-29'),(151,38,'CrewMember',10,'Charter','2008-06-24',NULL,'2008-06-30'),(153,39,'CrewMember',10,'Charter','2008-06-11',NULL,'2008-06-12'),(154,39,'CrewMember',10,'Charter','2008-05-28',NULL,'2008-06-09'),(155,40,'CrewMember',10,'Charter','2008-05-28',NULL,'2008-06-30'),(156,10,'CrewMember',7,'Charter','2008-06-03',NULL,'2008-06-27'),(157,7,'CrewMember',7,'Charter','2008-06-01',NULL,'2008-06-30'),(158,51,'CrewMember',9,'Charter','2008-05-25',NULL,'2008-06-30'),(159,23,'CrewMember',10,'Charter','2008-05-27',NULL,'2008-06-30'),(160,42,'CrewMember',10,'Charter','2008-05-27',NULL,'2008-06-30'),(161,43,'CrewMember',10,'Charter','2008-05-27',NULL,'2008-06-30'),(162,44,'CrewMember',10,'Charter','2008-05-27',NULL,'2008-06-30'),(163,45,'CrewMember',7,'Charter','2008-06-24',NULL,'2008-06-30'),(164,46,'CrewMember',7,'Charter','2008-06-24',NULL,'2008-06-30'),(165,47,'CrewMember',9,'Charter','2008-06-05',NULL,'2008-06-30'),(166,24,'CrewMember',9,'Charter','2008-06-01',NULL,'2008-06-30'),(167,35,'CrewMember',10,'Charter','2008-06-01',NULL,'2008-06-30'),(168,22,'CrewMember',8,'Charter','2008-05-17',NULL,'2008-05-31'),(169,35,'CrewMember',8,'Charter','2008-05-01',NULL,'2008-05-15'),(170,3,'Aircraft',12,'Charter','2008-07-18',NULL,'2009-01-18'),(171,2,'Aircraft',12,'Charter','2008-07-18',NULL,'2009-01-18'),(173,6,'Aircraft',8,'Charter','2007-11-01',NULL,'2008-07-01'),(174,6,'Aircraft',12,'Charter','2008-07-21',NULL,'2008-12-21'),(176,8,'Aircraft',12,'Charter','2008-08-21',NULL,'2009-02-21'),(177,1,'Aircraft',9,'Charter','2008-07-01',NULL,'2008-08-31'),(179,9,'Aircraft',12,'Charter','2008-09-01',NULL,'2009-02-28'),(180,7,'Aircraft',12,'Charter','2008-09-02',NULL,'2008-12-02'),(181,10,'Aircraft',12,'Charter','2008-09-02',NULL,'2008-12-02'),(182,11,'Aircraft',12,'Charter','2008-09-03',NULL,'2008-10-03'),(183,4,'Aircraft',11,'Charter','2008-06-24',NULL,'2008-09-02'),(184,4,'Aircraft',12,'Charter','2008-09-03',NULL,'2008-12-03'),(185,1,'Aircraft',13,'Charter','2008-09-22',NULL,'2008-11-22');
/*!40000 ALTER TABLE `allocation` ENABLE KEYS */;
UNLOCK TABLES;

--
-- Table structure for table `approvalgroup`
--

DROP TABLE IF EXISTS `approvalgroup`;
CREATE TABLE `approvalgroup` (
  `id` int(11) NOT NULL auto_increment,
  `approvalkey` varchar(255) default NULL,
  `approvalstatus` int(11) default NULL,
  `keyexpires` datetime default NULL,
  PRIMARY KEY  (`id`)
) ENGINE=MyISAM AUTO_INCREMENT=581 DEFAULT CHARSET=latin1;

--
-- Dumping data for table `approvalgroup`
--

LOCK TABLES `approvalgroup` WRITE;
/*!40000 ALTER TABLE `approvalgroup` DISABLE KEYS */;
INSERT INTO `approvalgroup` VALUES (1,NULL,0,NULL),(2,NULL,0,NULL),(3,NULL,0,NULL),(4,NULL,0,NULL),(5,NULL,0,NULL),(6,NULL,0,NULL),(7,NULL,0,NULL),(8,NULL,0,NULL),(9,NULL,0,NULL),(10,NULL,0,NULL),(11,NULL,0,NULL),(12,NULL,0,NULL),(13,NULL,0,NULL),(579,NULL,0,NULL),(14,NULL,0,NULL),(15,NULL,0,NULL),(16,NULL,0,NULL),(17,NULL,0,NULL),(18,NULL,0,NULL),(19,NULL,0,NULL),(20,NULL,0,NULL),(21,NULL,0,NULL),(22,NULL,0,NULL),(23,NULL,0,NULL),(24,NULL,0,NULL),(25,NULL,0,NULL),(26,NULL,0,NULL),(27,NULL,0,NULL),(28,NULL,0,NULL),(29,NULL,0,NULL),(30,NULL,0,NULL),(31,NULL,0,NULL),(32,NULL,0,NULL),(33,NULL,0,NULL),(34,NULL,0,NULL),(35,NULL,0,NULL),(36,NULL,0,NULL),(37,NULL,0,NULL),(38,NULL,0,NULL),(39,NULL,0,NULL),(40,NULL,0,NULL),(41,NULL,0,NULL),(42,NULL,0,NULL),(43,NULL,0,NULL),(44,NULL,0,NULL),(45,NULL,0,NULL),(46,NULL,0,NULL),(47,NULL,0,NULL),(49,NULL,0,NULL),(50,NULL,0,NULL),(51,NULL,0,NULL),(52,NULL,0,NULL),(53,NULL,2,NULL),(54,NULL,0,NULL),(55,NULL,0,NULL),(56,NULL,0,NULL),(57,NULL,0,NULL),(58,NULL,0,NULL),(59,NULL,0,NULL),(60,NULL,0,NULL),(61,NULL,0,NULL),(62,NULL,0,NULL),(63,NULL,0,NULL),(64,NULL,0,NULL),(65,NULL,0,NULL),(66,NULL,0,NULL),(67,NULL,0,NULL),(68,NULL,0,NULL),(69,NULL,0,NULL),(70,NULL,0,NULL),(71,NULL,0,NULL),(72,NULL,0,NULL),(73,NULL,0,NULL),(74,NULL,0,NULL),(75,NULL,0,NULL),(76,NULL,0,NULL),(77,NULL,0,NULL),(78,NULL,0,NULL),(79,NULL,0,NULL),(80,NULL,0,NULL),(81,NULL,0,NULL),(82,NULL,0,NULL),(83,NULL,0,NULL),(84,NULL,0,NULL),(85,NULL,0,NULL),(86,NULL,0,NULL),(87,NULL,0,NULL),(88,NULL,0,NULL),(89,NULL,0,NULL),(90,NULL,0,NULL),(91,NULL,0,NULL),(92,NULL,0,NULL),(93,NULL,0,NULL),(94,NULL,0,NULL),(95,NULL,0,NULL),(96,NULL,0,NULL),(97,NULL,0,NULL),(98,NULL,0,NULL),(99,NULL,0,NULL),(100,NULL,0,NULL),(101,NULL,0,NULL),(102,NULL,0,NULL),(103,NULL,0,NULL),(104,NULL,0,NULL),(105,NULL,0,NULL),(106,NULL,0,NULL),(107,NULL,0,NULL),(108,NULL,0,NULL),(109,NULL,0,NULL),(110,NULL,0,NULL),(111,NULL,0,NULL),(112,NULL,0,NULL),(113,NULL,0,NULL),(114,NULL,0,NULL),(115,NULL,0,NULL),(116,NULL,0,NULL),(117,NULL,0,NULL),(118,NULL,0,NULL),(119,NULL,0,NULL),(120,NULL,0,NULL),(121,NULL,0,NULL),(122,NULL,0,NULL),(123,NULL,0,NULL),(124,NULL,0,NULL),(125,NULL,0,NULL),(126,NULL,0,NULL),(127,NULL,0,NULL),(128,NULL,0,NULL),(129,NULL,0,NULL),(130,NULL,0,NULL),(131,NULL,0,NULL),(132,NULL,0,NULL),(133,NULL,0,NULL),(134,NULL,0,NULL),(135,NULL,0,NULL),(136,NULL,0,NULL),(137,NULL,0,NULL),(138,NULL,0,NULL),(139,NULL,0,NULL),(140,NULL,0,NULL),(141,NULL,0,NULL),(142,NULL,0,NULL),(143,NULL,0,NULL),(144,NULL,0,NULL),(145,NULL,0,NULL),(146,NULL,0,NULL),(147,NULL,0,NULL),(148,NULL,0,NULL),(149,NULL,0,NULL),(150,NULL,0,NULL),(151,NULL,0,NULL),(152,NULL,0,NULL),(153,NULL,0,NULL),(154,NULL,0,NULL),(155,NULL,0,NULL),(156,NULL,0,NULL),(157,NULL,0,NULL),(158,NULL,0,NULL),(159,NULL,0,NULL),(160,NULL,0,NULL),(161,NULL,0,NULL),(162,NULL,0,NULL),(163,NULL,0,NULL),(164,NULL,0,NULL),(165,NULL,0,NULL),(166,NULL,0,NULL),(167,NULL,0,NULL),(168,NULL,0,NULL),(169,NULL,0,NULL),(170,NULL,0,NULL),(171,NULL,0,NULL),(172,NULL,0,NULL),(173,NULL,0,NULL),(174,NULL,0,NULL),(175,NULL,0,NULL),(176,NULL,0,NULL),(177,NULL,0,NULL),(178,NULL,0,NULL),(179,NULL,0,NULL),(180,NULL,0,NULL),(181,NULL,0,NULL),(182,NULL,0,NULL),(183,NULL,0,NULL),(184,NULL,0,NULL),(185,NULL,0,NULL),(186,NULL,0,NULL),(187,NULL,0,NULL),(188,NULL,0,NULL),(189,NULL,0,NULL),(190,NULL,0,NULL),(191,NULL,0,NULL),(192,NULL,0,NULL),(193,NULL,0,NULL),(194,NULL,0,NULL),(195,NULL,0,NULL),(196,NULL,0,NULL),(197,NULL,0,NULL),(198,NULL,0,NULL),(199,NULL,0,NULL),(200,NULL,0,NULL),(201,NULL,0,NULL),(202,NULL,0,NULL),(203,NULL,0,NULL),(204,NULL,0,NULL),(205,NULL,0,NULL),(206,NULL,0,NULL),(207,NULL,0,NULL),(208,NULL,0,NULL),(209,NULL,0,NULL),(210,NULL,0,NULL),(211,NULL,0,NULL),(212,NULL,0,NULL),(213,NULL,0,NULL),(214,NULL,0,NULL),(215,NULL,0,NULL),(216,NULL,0,NULL),(217,NULL,0,NULL),(218,NULL,0,NULL),(219,NULL,0,NULL),(220,NULL,0,NULL),(221,NULL,0,NULL),(222,NULL,0,NULL),(223,NULL,0,NULL),(224,NULL,0,NULL),(225,NULL,0,NULL),(226,NULL,0,NULL),(227,NULL,0,NULL),(228,NULL,0,NULL),(229,NULL,0,NULL),(230,NULL,0,NULL),(231,NULL,0,NULL),(232,NULL,0,NULL),(233,NULL,0,NULL),(234,NULL,0,NULL),(235,NULL,0,NULL),(236,NULL,0,NULL),(237,NULL,0,NULL),(238,NULL,0,NULL),(239,NULL,0,NULL),(240,NULL,0,NULL),(241,NULL,0,NULL),(242,NULL,0,NULL),(243,NULL,0,NULL),(244,NULL,0,NULL),(245,NULL,0,NULL),(246,NULL,0,NULL),(247,NULL,0,NULL),(248,NULL,0,NULL),(249,NULL,0,NULL),(250,NULL,0,NULL),(251,NULL,0,NULL),(252,NULL,0,NULL),(253,NULL,0,NULL),(254,NULL,0,NULL),(255,NULL,0,NULL),(256,NULL,0,NULL),(257,NULL,0,NULL),(258,NULL,0,NULL),(259,NULL,0,NULL),(260,NULL,0,NULL),(261,NULL,0,NULL),(262,NULL,0,NULL),(263,NULL,0,NULL),(264,NULL,0,NULL),(265,NULL,0,NULL),(266,NULL,0,NULL),(267,NULL,0,NULL),(268,NULL,0,NULL),(269,NULL,0,NULL),(270,NULL,0,NULL),(271,NULL,0,NULL),(272,NULL,0,NULL),(273,NULL,0,NULL),(274,NULL,0,NULL),(275,NULL,0,NULL),(276,NULL,0,NULL),(277,NULL,0,NULL),(278,NULL,0,NULL),(279,NULL,0,NULL),(280,NULL,0,NULL),(281,NULL,0,NULL),(282,NULL,0,NULL),(283,NULL,0,NULL),(284,NULL,0,NULL),(285,NULL,0,NULL),(286,NULL,0,NULL),(287,NULL,0,NULL),(288,NULL,0,NULL),(289,NULL,0,NULL),(290,NULL,0,NULL),(291,NULL,0,NULL),(292,NULL,0,NULL),(293,NULL,0,NULL),(294,NULL,0,NULL),(295,NULL,0,NULL),(296,NULL,0,NULL),(297,NULL,0,NULL),(298,NULL,0,NULL),(299,NULL,0,NULL),(300,NULL,0,NULL),(301,NULL,0,NULL),(302,NULL,0,NULL),(303,NULL,0,NULL),(304,NULL,0,NULL),(305,NULL,0,NULL),(306,NULL,0,NULL),(307,NULL,0,NULL),(308,NULL,0,NULL),(309,NULL,0,NULL),(310,NULL,0,NULL),(311,NULL,2,NULL),(312,NULL,0,NULL),(313,NULL,0,NULL),(314,NULL,0,NULL),(315,NULL,0,NULL),(316,NULL,0,NULL),(317,NULL,0,NULL),(318,NULL,0,NULL),(319,NULL,0,NULL),(320,NULL,0,NULL),(321,NULL,0,NULL),(322,NULL,0,NULL),(323,NULL,0,NULL),(324,NULL,0,NULL),(325,NULL,0,NULL),(326,NULL,0,NULL),(327,NULL,0,NULL),(328,NULL,0,NULL),(329,NULL,0,NULL),(330,NULL,0,NULL),(331,NULL,0,NULL),(332,NULL,0,NULL),(333,NULL,0,NULL),(334,NULL,0,NULL),(335,NULL,0,NULL),(336,NULL,0,NULL),(337,NULL,0,NULL),(338,NULL,0,NULL),(339,NULL,0,NULL),(340,NULL,0,NULL),(341,NULL,0,NULL),(342,NULL,0,NULL),(343,NULL,0,NULL),(344,NULL,0,NULL),(345,NULL,0,NULL),(346,NULL,0,NULL),(347,NULL,0,NULL),(348,NULL,0,NULL),(349,NULL,0,NULL),(350,NULL,0,NULL),(351,NULL,0,NULL),(352,NULL,0,NULL),(353,NULL,0,NULL),(354,NULL,0,NULL),(355,NULL,0,NULL),(356,NULL,0,NULL),(357,NULL,0,NULL),(358,NULL,0,NULL),(359,NULL,0,NULL),(360,NULL,0,NULL),(361,NULL,0,NULL),(362,NULL,0,NULL),(363,NULL,0,NULL),(364,NULL,0,NULL),(365,NULL,0,NULL),(366,NULL,0,NULL),(367,NULL,0,NULL),(368,NULL,0,NULL),(369,NULL,0,NULL),(370,NULL,0,NULL),(371,NULL,0,NULL),(372,NULL,0,NULL),(373,NULL,0,NULL),(374,NULL,0,NULL),(375,NULL,0,NULL),(376,NULL,0,NULL),(377,NULL,0,NULL),(378,NULL,0,NULL),(379,NULL,0,NULL),(380,NULL,0,NULL),(381,NULL,0,NULL),(382,NULL,0,NULL),(383,NULL,0,NULL),(384,NULL,0,NULL),(385,NULL,0,NULL),(386,NULL,0,NULL),(387,NULL,0,NULL),(388,NULL,0,NULL),(389,NULL,0,NULL),(390,NULL,0,NULL),(391,NULL,0,NULL),(392,NULL,0,NULL),(393,NULL,0,NULL),(394,NULL,0,NULL),(395,NULL,0,NULL),(396,NULL,0,NULL),(397,NULL,0,NULL),(398,NULL,0,NULL),(399,NULL,0,NULL),(400,NULL,0,NULL),(401,NULL,0,NULL),(402,NULL,0,NULL),(403,NULL,0,NULL),(404,NULL,0,NULL),(405,NULL,0,NULL),(406,NULL,0,NULL),(407,NULL,0,NULL),(408,NULL,0,NULL),(409,NULL,0,NULL),(410,NULL,0,NULL),(411,NULL,0,NULL),(412,NULL,0,NULL),(413,NULL,0,NULL),(414,NULL,0,NULL),(415,NULL,0,NULL),(416,NULL,0,NULL),(417,NULL,0,NULL),(418,NULL,0,NULL),(419,NULL,0,NULL),(420,NULL,0,NULL),(421,NULL,0,NULL),(422,NULL,0,NULL),(423,NULL,0,NULL),(424,NULL,0,NULL),(425,NULL,0,NULL),(426,NULL,0,NULL),(427,NULL,0,NULL),(428,NULL,0,NULL),(429,NULL,0,NULL),(430,NULL,0,NULL),(431,NULL,0,NULL),(432,NULL,0,NULL),(433,NULL,0,NULL),(434,NULL,0,NULL),(435,NULL,0,NULL),(436,NULL,0,NULL),(437,NULL,0,NULL),(438,NULL,0,NULL),(439,NULL,0,NULL),(440,NULL,0,NULL),(441,NULL,0,NULL),(442,NULL,0,NULL),(443,NULL,0,NULL),(444,NULL,0,NULL),(445,NULL,0,NULL),(446,NULL,0,NULL),(447,NULL,0,NULL),(448,NULL,0,NULL),(449,NULL,0,NULL),(450,NULL,0,NULL),(451,NULL,0,NULL),(452,NULL,0,NULL),(453,NULL,0,NULL),(454,NULL,0,NULL),(455,NULL,0,NULL),(456,NULL,0,NULL),(457,NULL,0,NULL),(458,NULL,0,NULL),(459,NULL,0,NULL),(460,NULL,0,NULL),(461,NULL,0,NULL),(462,NULL,0,NULL),(463,NULL,0,NULL),(464,NULL,0,NULL),(465,NULL,0,NULL),(466,NULL,0,NULL),(467,NULL,0,NULL),(468,NULL,0,NULL),(469,NULL,0,NULL),(470,NULL,0,NULL),(471,NULL,0,NULL),(472,NULL,0,NULL),(473,NULL,0,NULL),(474,NULL,0,NULL),(475,NULL,0,NULL),(476,NULL,0,NULL),(477,NULL,0,NULL),(478,NULL,0,NULL),(479,NULL,0,NULL),(480,NULL,0,NULL),(481,NULL,0,NULL),(482,NULL,0,NULL),(483,NULL,0,NULL),(484,NULL,0,NULL),(485,NULL,0,NULL),(486,NULL,0,NULL),(487,NULL,0,NULL),(488,NULL,0,NULL),(489,NULL,0,NULL),(490,NULL,0,NULL),(491,NULL,0,NULL),(492,NULL,0,NULL),(493,NULL,0,NULL),(494,NULL,0,NULL),(495,NULL,0,NULL),(496,NULL,0,NULL),(497,NULL,0,NULL),(498,NULL,0,NULL),(499,NULL,0,NULL),(500,NULL,0,NULL),(501,NULL,0,NULL),(502,NULL,0,NULL),(503,NULL,0,NULL),(504,NULL,0,NULL),(505,NULL,0,NULL),(506,NULL,0,NULL),(507,NULL,0,NULL),(508,NULL,0,NULL),(509,NULL,0,NULL),(510,NULL,0,NULL),(511,NULL,0,NULL),(512,NULL,0,NULL),(513,NULL,0,NULL),(514,NULL,0,NULL),(515,NULL,0,NULL),(516,NULL,0,NULL),(517,NULL,0,NULL),(518,NULL,0,NULL),(519,NULL,0,NULL),(520,NULL,0,NULL),(521,NULL,0,NULL),(522,NULL,0,NULL),(523,NULL,0,NULL),(524,NULL,0,NULL),(525,NULL,0,NULL),(526,NULL,0,NULL),(527,NULL,0,NULL),(528,NULL,0,NULL),(529,NULL,0,NULL),(530,NULL,0,NULL),(531,NULL,0,NULL),(532,NULL,0,NULL),(533,NULL,0,NULL),(534,NULL,0,NULL),(535,NULL,0,NULL),(536,NULL,0,NULL),(537,NULL,0,NULL),(538,NULL,0,NULL),(539,NULL,0,NULL),(540,NULL,0,NULL),(541,NULL,0,NULL),(542,NULL,0,NULL),(543,NULL,0,NULL),(544,NULL,0,NULL),(545,NULL,0,NULL),(546,NULL,0,NULL),(547,NULL,0,NULL),(548,NULL,0,NULL),(549,NULL,0,NULL),(550,NULL,0,NULL),(551,NULL,0,NULL),(552,NULL,0,NULL),(553,NULL,0,NULL),(554,NULL,0,NULL),(555,NULL,0,NULL),(556,NULL,0,NULL),(557,NULL,0,NULL),(558,NULL,0,NULL),(559,NULL,0,NULL),(560,NULL,0,NULL),(561,NULL,0,NULL),(562,NULL,0,NULL),(563,NULL,0,NULL),(564,NULL,0,NULL),(565,NULL,0,NULL),(566,NULL,0,NULL),(567,NULL,0,NULL),(568,NULL,0,NULL),(569,NULL,0,NULL),(570,NULL,0,NULL),(571,NULL,0,NULL),(572,NULL,0,NULL),(573,NULL,0,NULL),(574,NULL,0,NULL),(575,NULL,0,NULL),(576,NULL,0,NULL),(577,NULL,0,NULL),(578,NULL,0,NULL),(580,NULL,0,NULL);
/*!40000 ALTER TABLE `approvalgroup` ENABLE KEYS */;
UNLOCK TABLES;

--
-- Table structure for table `bookmark`
--

DROP TABLE IF EXISTS `bookmark`;
CREATE TABLE `bookmark` (
  `id` int(11) NOT NULL auto_increment,
  `bookmarkedid` varchar(255) default NULL,
  `name` varchar(255) default NULL,
  `bookmarktype_id` int(11) default NULL,
  PRIMARY KEY  (`id`),
  KEY `FK7787A536F63EA14C` (`bookmarktype_id`)
) ENGINE=MyISAM AUTO_INCREMENT=99 DEFAULT CHARSET=latin1;

--
-- Dumping data for table `bookmark`
--

LOCK TABLES `bookmark` WRITE;
/*!40000 ALTER TABLE `bookmark` DISABLE KEYS */;
INSERT INTO `bookmark` VALUES (28,'/charters/PDOC001/RUH insurance.pdf','RUH insurance.pdf',1),(26,'/general/CRI -29 Feb 08 Mgt Accts.pdf','CRI -29 Feb 08 Mgt Accts.pdf',1),(27,'/charters/PDOC001/SFS Puma Contract Draft (2).doc','SFS Puma Contract Draft (2).doc',1),(17,'/crew/Bea01/Willem Beaurain - CRI Contract.pdf','Willem Beaurain - CRI Contract.pdf',1),(29,'/charters/S92/s92 Pilots approved precedent March 08.pdf','s92 Pilots approved precedent March 08.pdf',1),(22,'/crew/Era01/Daniel Erasmus - CRI Contract.pdf','Daniel Erasmus - CRI Contract.pdf',1),(23,'/crew/Bur01/Benjamin Burger - CRI Contract.pdf','Benjamin Burger - CRI Contract.pdf',1),(24,'/general/CRI -31 Dec 07 Mgt Accts.pdf','CRI -31 Dec 07 Mgt Accts.pdf',1),(34,'/crew/Jan01/Flying medical.pdf','Flying medical.pdf',1),(30,'/charters/PDOC001/ZS RUH Insurance from Hayward0001.pdf','ZS RUH Insurance from Hayward0001.pdf',1),(31,'/charters/S92/S92 Insurance from Hayward0001.pdf','S92 Insurance from Hayward0001.pdf',1),(32,'/general/CRI - 31 Mar 08 Mgt Accts.pdf','CRI - 31 Mar 08 Mgt Accts.pdf',1),(35,'/crew/Jan01/Nutsrekening, DG, CRM, File copy.pdf','Nutsrekening, DG, CRM, File copy.pdf',1),(36,'/crew/Jan01/Paspoort, ID, bestuurslisensie.pdf','Paspoort, ID, bestuurslisensie.pdf',1),(37,'/crew/Jan01/Pgs1,2,7,8 lisensie.pdf','Pgs1,2,7,8 lisensie.pdf',1),(38,'/crew/Jan01/Pgs 3,4,5,6 lisensie.pdf','Pgs 3,4,5,6 lisensie.pdf',1),(42,'/crew/Col01/Passport 2.jpg','Passport 2.jpg',1),(43,'/crew/Col01/2007-2009 AME certificate.pdf','2007-2009 AME certificate.pdf',1),(44,'/crew/Col01/Medical certificate 2007.pdf','Medical certificate 2007.pdf',1),(45,'/general/hull ground.pdf','hull ground.pdf',1),(46,'/aircraft/ZS-RSH/hull rim 15.02.08.pdf','hull rim 15.02.08.pdf',1),(47,'/aircraft/ZS-RSH/liab renewal.pdf','liab renewal.pdf',1),(48,'/aircraft/ZS-RSH/liab rim 15.02.08.pdf','liab rim 15.02.08.pdf',1),(49,'/aircraft/ZS-RSH/statement.pdf','statement.pdf',1),(50,'/general/CRI FS APRIL 2008.pdf','CRI FS APRIL 2008.pdf',1),(51,'/general/CRI MAY FS 2008.pdf','CRI MAY FS 2008.pdf',1),(52,'/general/CRI JUNE FS 2008.pdf','CRI JUNE FS 2008.pdf',1),(53,'/general/CRI JULY FS 2008.pdf','CRI JULY FS 2008.pdf',1),(54,'/general/CRI AUGUST FS 2008.pdf','CRI AUGUST FS 2008.pdf',1),(55,'/crew/Ple01/Johannes du Plessis passport.pdf','Johannes du Plessis passport.pdf',1),(56,'/crew/Tal01/Johan Taljaard banking details.doc','Johan Taljaard banking details.doc',1),(57,'/crew/Tal01/Johan Taljaard Passport.pdf','Johan Taljaard Passport.pdf',1),(58,'/crew/Gre01/Johan Greyling Passport and AME License.doc','Johan Greyling Passport and AME License.doc',1),(59,'/crew/Gre03/Passport details.jpg','Passport details.jpg',1),(60,'/crew/Gre03/Employee Details Form.doc','Employee Details Form.doc',1),(61,'/crew/Gre03/Jason Grey License014.pdf','Jason Grey License014.pdf',1),(62,'/crew/Vel01/Employee Details Form.doc','Employee Details Form.doc',1),(63,'/crew/Vel01/Michiel Veltman Passport.pdf','Michiel Veltman Passport.pdf',1),(64,'/crew/Vel01/null',NULL,1),(65,'/crew/Vel01/Career Summary - Hours.xls','Career Summary - Hours.xls',1),(66,'/crew/Joo01/null',NULL,1),(67,'/crew/Joo01/CIRRICULUM VITA STARLITE, Petrus Jooste.doc','CIRRICULUM VITA STARLITE, Petrus Jooste.doc',1),(68,'/crew/Joo01/paspoort0005.jpg','paspoort0005.jpg',1),(69,'/crew/Wii01/Morne Wiid Passport.pdf','Morne Wiid Passport.pdf',1),(70,'/crew/Wii01/Employee Details Form.doc','Employee Details Form.doc',1),(71,'/crew/Wii01/Hour Breakdown.pdf','Hour Breakdown.pdf',1),(72,'/crew/Wii01/Wiid CDN Licence.pdf','Wiid CDN Licence.pdf',1),(73,'/crew/Wii01/Wiid, Morne.pdf','Wiid, Morne.pdf',1),(74,'/crew/Wii01/Training and Assessment Qualification.jpg','Training and Assessment Qualification.jpg',1),(75,'/crew/Vil01/Eugene Viljoen ATP.pdf','Eugene Viljoen ATP.pdf',1),(76,'/crew/Vil01/Eugene Viljoen Passport.pdf','Eugene Viljoen Passport.pdf',1),(80,'/crew/Bas01/Starlite_AMO 1_Stores Management_v5_PB.pdf','Starlite_AMO 1_Stores Management_v5_PB.pdf',1),(79,'/crew/Bas01/Copy of delay_mugshot.jpg','Copy of delay_mugshot.jpg',1),(91,'/crew/Bas01/photo.jpg','photo.jpg',1),(92,'/distribution/Starlite_AMO 1_AD SB Management_v1_PB.pdf','Starlite_AMO 1_AD SB Management_v1_PB.pdf',1),(82,'/crew/Bas01/id=Bas01.pdf','id=Bas01.pdf',1),(97,'/crew/Bas01/Visio-Starlite Crew level FandD time management v1 khe.pdf','Visio-Starlite Crew level FandD time management v1 khe.pdf',1),(84,'/crew/Ern01/Starlite_AMO 1_Stores Management_v5_PB.pdf','Starlite_AMO 1_Stores Management_v5_PB.pdf',1),(85,'/crew/Ern01/Starlite_AMO 1_Stores Management_v2_PB_DD.pdf','Starlite_AMO 1_Stores Management_v2_PB_DD.pdf',1),(86,'/crew/Ern01/Starlite_AMO 1_Stores Management_v5_PB.pdf','Starlite_AMO 1_Stores Management_v5_PB.pdf',1),(87,'/crew/Bas01/Starlite_AMO 1_Stores Management_v4_PB.pdf','Starlite_AMO 1_Stores Management_v4_PB.pdf',1),(88,'/crew/Bas01/Starlite_AMO 1_Stores Management_v1_PB_DD.pdf','Starlite_AMO 1_Stores Management_v1_PB_DD.pdf',1),(89,'/crew/Bas01/Starlite_AMO 1_Stores Management_v3_PB.pdf','Starlite_AMO 1_Stores Management_v3_PB.pdf',1),(90,'/crew/Bas01/Starlite_AMO 1_Stores Management_v5_PB.pdf','Starlite_AMO 1_Stores Management_v5_PB.pdf',1),(93,'/distribution/Starlite AMO level 1 Hangar management process v2_PB_DD.pdf','Starlite AMO level 1 Hangar management process v2_PB_DD.pdf',1),(95,'/crew/Bas01/Visio-Starlite Crew level FandD time management v1 khe.pdf','Visio-Starlite Crew level FandD time management v1 khe.pdf',1),(96,'/crew/Bas01/Starlite_AMO 1_Stores Management_v5_PB.pdf','Starlite_AMO 1_Stores Management_v5_PB.pdf',1),(98,'/crew/Bas01/Test ID photo2.jpg','Test ID photo2.jpg',1);
/*!40000 ALTER TABLE `bookmark` ENABLE KEYS */;
UNLOCK TABLES;

--
-- Table structure for table `bookmark_tag`
--

DROP TABLE IF EXISTS `bookmark_tag`;
CREATE TABLE `bookmark_tag` (
  `bookmark_id` int(11) NOT NULL default '0',
  `tags_id` int(11) NOT NULL default '0',
  PRIMARY KEY  (`bookmark_id`,`tags_id`),
  KEY `FK7453091154C7D86C` (`bookmark_id`),
  KEY `FK7453091158F5A0E9` (`tags_id`)
) ENGINE=MyISAM DEFAULT CHARSET=latin1;

--
-- Dumping data for table `bookmark_tag`
--

LOCK TABLES `bookmark_tag` WRITE;
/*!40000 ALTER TABLE `bookmark_tag` DISABLE KEYS */;
INSERT INTO `bookmark_tag` VALUES (17,20),(17,22),(22,17),(22,25),(23,17),(23,18),(24,23),(24,24),(26,23),(26,24),(27,20),(27,26),(28,13),(28,27),(29,20),(29,26),(30,13),(30,27),(31,13),(31,27),(34,13),(34,14),(45,13),(45,29),(46,13),(46,30),(47,13),(47,30),(48,13),(48,30),(49,13),(49,30),(79,31),(80,32),(82,32),(84,32),(85,32),(86,32),(87,32),(88,32),(89,32),(90,34),(91,31),(93,35),(95,17),(96,17),(97,14),(98,31);
/*!40000 ALTER TABLE `bookmark_tag` ENABLE KEYS */;
UNLOCK TABLES;

--
-- Table structure for table `bookmarktype`
--

DROP TABLE IF EXISTS `bookmarktype`;
CREATE TABLE `bookmarktype` (
  `id` int(11) NOT NULL auto_increment,
  `name` varchar(255) default NULL,
  `pattern` varchar(255) default NULL,
  PRIMARY KEY  (`id`)
) ENGINE=MyISAM AUTO_INCREMENT=2 DEFAULT CHARSET=latin1;

--
-- Dumping data for table `bookmarktype`
--

LOCK TABLES `bookmarktype` WRITE;
/*!40000 ALTER TABLE `bookmarktype` DISABLE KEYS */;
INSERT INTO `bookmarktype` VALUES (1,'Document','/documents${id}');
/*!40000 ALTER TABLE `bookmarktype` ENABLE KEYS */;
UNLOCK TABLES;

--
-- Table structure for table `charter$cost$itemgroup`
--

DROP TABLE IF EXISTS `charter$cost$itemgroup`;
CREATE TABLE `charter$cost$itemgroup` (
  `id` int(11) NOT NULL auto_increment,
  `name` varchar(255) default NULL,
  PRIMARY KEY  (`id`)
) ENGINE=MyISAM AUTO_INCREMENT=49 DEFAULT CHARSET=latin1;

--
-- Dumping data for table `charter$cost$itemgroup`
--

LOCK TABLES `charter$cost$itemgroup` WRITE;
/*!40000 ALTER TABLE `charter$cost$itemgroup` DISABLE KEYS */;
INSERT INTO `charter$cost$itemgroup` VALUES (1,'Preparation'),(2,'Fuel'),(3,'Airport Expenses'),(4,'Subsistence'),(5,'Hangar Services'),(6,'Freight'),(7,'Preparation'),(8,'Fuel'),(9,'Airport Expenses'),(10,'Subsistence'),(11,'Hangar Services'),(12,'Freight'),(13,'Preparation'),(14,'Fuel'),(15,'Airport Expenses'),(16,'Subsistence'),(17,'Hangar Services'),(18,'Freight'),(19,'Preparation'),(20,'Fuel'),(21,'Airport Expenses'),(22,'Subsistence'),(23,'Hangar Services'),(24,'Freight'),(25,'Preparation'),(26,'Fuel'),(27,'Airport Expenses'),(28,'Subsistence'),(29,'Hangar Services'),(30,'Freight'),(31,'Preparation'),(32,'Fuel'),(33,'Airport Expenses'),(34,'Subsistence'),(35,'Hangar Services'),(36,'Freight'),(37,'Preparation'),(38,'Fuel'),(39,'Airport Expenses'),(40,'Subsistence'),(41,'Hangar Services'),(42,'Freight'),(43,'Preparation'),(44,'Fuel'),(45,'Airport Expenses'),(46,'Subsistence'),(47,'Hangar Services'),(48,'Freight');
/*!40000 ALTER TABLE `charter$cost$itemgroup` ENABLE KEYS */;
UNLOCK TABLES;

--
-- Table structure for table `charter$cost$itemgroup_items`
--

DROP TABLE IF EXISTS `charter$cost$itemgroup_items`;
CREATE TABLE `charter$cost$itemgroup_items` (
  `charter$cost$itemgroup_id` int(11) NOT NULL default '0',
  `items_element_comments` varchar(255) default NULL,
  `items_element_item` varchar(255) default NULL,
  `items_element_limit_amount` bigint(20) NOT NULL default '0',
  `items_element_limit_currencycode` char(3) default NULL,
  `items_element_status` varchar(255) default NULL,
  `position` int(11) NOT NULL default '0',
  PRIMARY KEY  (`charter$cost$itemgroup_id`,`position`),
  KEY `FK4665002FD7964F85` (`charter$cost$itemgroup_id`)
) ENGINE=MyISAM DEFAULT CHARSET=latin1;

--
-- Dumping data for table `charter$cost$itemgroup_items`
--

LOCK TABLES `charter$cost$itemgroup_items` WRITE;
/*!40000 ALTER TABLE `charter$cost$itemgroup_items` DISABLE KEYS */;
INSERT INTO `charter$cost$itemgroup_items` VALUES (1,NULL,'Mobilisation',0,NULL,NULL,0),(1,NULL,'Demobilisation',0,NULL,NULL,1),(1,NULL,'Aircraft Assembly',0,NULL,NULL,2),(1,NULL,'Aircraft Dissassembly',0,NULL,NULL,3),(2,NULL,'Operational Fuel',0,NULL,NULL,0),(2,NULL,'Fueling Equipment',0,NULL,NULL,1),(2,NULL,'Lubricants',0,NULL,NULL,2),(2,NULL,'Ground Handling - Equipment',0,NULL,NULL,3),(2,NULL,'Ground Handling - Crew',0,NULL,NULL,4),(2,NULL,'Catering On-Board',0,NULL,NULL,5),(2,NULL,'Additional Personnel',0,NULL,NULL,6),(3,NULL,'Landing',0,NULL,NULL,0),(3,NULL,'Taxes',0,NULL,NULL,1),(3,NULL,'Route Charges',0,NULL,NULL,2),(3,NULL,'Other',0,NULL,NULL,3),(4,NULL,'Accomodation',0,NULL,NULL,0),(4,NULL,'Meals',0,NULL,NULL,1),(4,NULL,'Satellite Comms',0,NULL,NULL,2),(4,NULL,'Internet Access',0,NULL,NULL,3),(4,NULL,'TV',0,NULL,NULL,4),(4,NULL,'Base Transport',0,NULL,NULL,5),(5,NULL,'Lighting',0,NULL,NULL,0),(5,NULL,'2 Tonne Crane',0,NULL,NULL,1),(5,NULL,'Maintenance Stands',0,NULL,NULL,2),(5,NULL,'GPU',0,NULL,NULL,3),(5,NULL,'Towing Tractor',0,NULL,NULL,4),(6,NULL,'Local',0,NULL,NULL,0),(6,NULL,'International',0,NULL,NULL,1),(7,'','Mobilisation',0,NULL,'Yes',0),(7,'mob and demob ex South Africa','Demobilisation',9000000,NULL,'Yes',1),(7,'','Aircraft Assembly',0,NULL,'No',2),(7,'','Aircraft Dissassembly',0,NULL,'No',3),(8,'','Operational Fuel',0,NULL,'Extra',0),(8,'','Fueling Equipment',0,NULL,'Extra',1),(8,'','Lubricants',0,NULL,'Extra',2),(8,'','Ground Handling - Equipment',0,NULL,'Extra',3),(8,'','Ground Handling - Crew',0,NULL,'No',4),(8,'','Catering On-Board',0,NULL,'No',5),(8,'payable to CRI plus any ohter than pilot, co pilot and ame','Additional Personnel',3840000,NULL,'Yes',6),(9,'','Landing',0,NULL,'Extra',0),(9,'','Taxes',0,NULL,'Extra',1),(9,'','Route Charges',0,NULL,'Extra',2),(9,'','Other',0,NULL,'No',3),(10,'','Accomodation',0,NULL,'Extra',0),(10,'','Meals',0,NULL,'Extra',1),(10,'','Satellite Comms',0,NULL,'Extra',2),(10,'','Internet Access',0,NULL,'Extra',3),(10,'','TV',0,NULL,'Extra',4),(10,'','Base Transport',0,NULL,'Extra',5),(11,'','Lighting',0,NULL,'No',0),(11,'','2 Tonne Crane',0,NULL,'Extra',1),(11,'','Maintenance Stands',0,NULL,'No',2),(11,'','GPU',0,NULL,'No',3),(11,'','Towing Tractor',0,NULL,'No',4),(12,'','Local',0,NULL,'No',0),(12,'','International',0,NULL,'No',1),(13,NULL,'Mobilisation',0,NULL,NULL,0),(13,NULL,'Demobilisation',0,NULL,NULL,1),(13,NULL,'Aircraft Assembly',0,NULL,NULL,2),(13,NULL,'Aircraft Dissassembly',0,NULL,NULL,3),(14,NULL,'Operational Fuel',0,NULL,NULL,0),(14,NULL,'Fueling Equipment',0,NULL,NULL,1),(14,NULL,'Lubricants',0,NULL,NULL,2),(14,NULL,'Ground Handling - Equipment',0,NULL,NULL,3),(14,NULL,'Ground Handling - Crew',0,NULL,NULL,4),(14,NULL,'Catering On-Board',0,NULL,NULL,5),(14,NULL,'Additional Personnel',0,NULL,NULL,6),(15,NULL,'Landing',0,NULL,NULL,0),(15,NULL,'Taxes',0,NULL,NULL,1),(15,NULL,'Route Charges',0,NULL,NULL,2),(15,NULL,'Other',0,NULL,NULL,3),(16,NULL,'Accomodation',0,NULL,NULL,0),(16,NULL,'Meals',0,NULL,NULL,1),(16,NULL,'Satellite Comms',0,NULL,NULL,2),(16,NULL,'Internet Access',0,NULL,NULL,3),(16,NULL,'TV',0,NULL,NULL,4),(16,NULL,'Base Transport',0,NULL,NULL,5),(17,NULL,'Lighting',0,NULL,NULL,0),(17,NULL,'2 Tonne Crane',0,NULL,NULL,1),(17,NULL,'Maintenance Stands',0,NULL,NULL,2),(17,NULL,'GPU',0,NULL,NULL,3),(17,NULL,'Towing Tractor',0,NULL,NULL,4),(18,NULL,'Local',0,NULL,NULL,0),(18,NULL,'International',0,NULL,NULL,1),(19,'','Mobilisation',0,NULL,'No',0),(19,'','Demobilisation',0,NULL,'No',1),(19,'','Aircraft Assembly',0,NULL,'No',2),(19,'','Aircraft Dissassembly',0,NULL,'No',3),(20,'','Operational Fuel',0,NULL,'Extra',0),(20,'','Fueling Equipment',0,NULL,'No',1),(20,'','Lubricants',0,NULL,'No',2),(20,'','Ground Handling - Equipment',0,NULL,'No',3),(20,'','Ground Handling - Crew',0,NULL,'No',4),(20,'','Catering On-Board',0,NULL,'No',5),(20,'','Additional Personnel',0,NULL,'No',6),(21,'','Landing',0,NULL,'Extra',0),(21,'','Taxes',0,NULL,'No',1),(21,'','Route Charges',0,NULL,'No',2),(21,'','Other',0,NULL,'No',3),(22,'per month per airframe','Accomodation',3000000,NULL,'Yes',0),(22,'in above','Meals',0,NULL,'Yes',1),(22,'','Satellite Comms',0,NULL,'No',2),(22,'','Internet Access',0,NULL,'No',3),(22,'','TV',0,NULL,'No',4),(22,'','Base Transport',0,NULL,'No',5),(23,'','Lighting',0,NULL,'No',0),(23,'','2 Tonne Crane',0,NULL,'No',1),(23,'','Maintenance Stands',0,NULL,'No',2),(23,'','GPU',0,NULL,'No',3),(23,'','Towing Tractor',0,NULL,'No',4),(24,'','Local',0,NULL,'No',0),(24,'','International',0,NULL,'No',1),(25,NULL,'Mobilisation',0,NULL,NULL,0),(25,NULL,'Demobilisation',0,NULL,NULL,1),(25,NULL,'Aircraft Assembly',0,NULL,NULL,2),(25,NULL,'Aircraft Dissassembly',0,NULL,NULL,3),(26,NULL,'Operational Fuel',0,NULL,NULL,0),(26,NULL,'Fueling Equipment',0,NULL,NULL,1),(26,NULL,'Lubricants',0,NULL,NULL,2),(26,NULL,'Ground Handling - Equipment',0,NULL,NULL,3),(26,NULL,'Ground Handling - Crew',0,NULL,NULL,4),(26,NULL,'Catering On-Board',0,NULL,NULL,5),(26,NULL,'Additional Personnel',0,NULL,NULL,6),(27,NULL,'Landing',0,NULL,NULL,0),(27,NULL,'Taxes',0,NULL,NULL,1),(27,NULL,'Route Charges',0,NULL,NULL,2),(27,NULL,'Other',0,NULL,NULL,3),(28,NULL,'Accomodation',0,NULL,NULL,0),(28,NULL,'Meals',0,NULL,NULL,1),(28,NULL,'Satellite Comms',0,NULL,NULL,2),(28,NULL,'Internet Access',0,NULL,NULL,3),(28,NULL,'TV',0,NULL,NULL,4),(28,NULL,'Base Transport',0,NULL,NULL,5),(29,NULL,'Lighting',0,NULL,NULL,0),(29,NULL,'2 Tonne Crane',0,NULL,NULL,1),(29,NULL,'Maintenance Stands',0,NULL,NULL,2),(29,NULL,'GPU',0,NULL,NULL,3),(29,NULL,'Towing Tractor',0,NULL,NULL,4),(30,NULL,'Local',0,NULL,NULL,0),(30,NULL,'International',0,NULL,NULL,1),(31,'per aircraft includes demob','Mobilisation',18000000,NULL,'Yes',0),(31,'','Demobilisation',0,NULL,'No',1),(31,'','Aircraft Assembly',0,NULL,'No',2),(31,'','Aircraft Dissassembly',0,NULL,'No',3),(32,'','Operational Fuel',0,NULL,'Excluded',0),(32,'','Fueling Equipment',0,NULL,'No',1),(32,'','Lubricants',0,NULL,'Excluded',2),(32,'','Ground Handling - Equipment',0,NULL,'Excluded',3),(32,'','Ground Handling - Crew',0,NULL,'Excluded',4),(32,'','Catering On-Board',0,NULL,'No',5),(32,'','Additional Personnel',0,NULL,'No',6),(33,'','Landing',0,NULL,'Excluded',0),(33,'','Taxes',0,NULL,'Excluded',1),(33,'','Route Charges',0,NULL,'Excluded',2),(33,'','Other',0,NULL,'No',3),(34,'','Accomodation',0,NULL,'Excluded',0),(34,'','Meals',0,NULL,'Excluded',1),(34,'','Satellite Comms',0,NULL,'No',2),(34,'','Internet Access',0,NULL,'No',3),(34,'','TV',0,NULL,'No',4),(34,'','Base Transport',0,NULL,'No',5),(35,'','Lighting',0,NULL,'No',0),(35,'','2 Tonne Crane',0,NULL,'No',1),(35,'','Maintenance Stands',0,NULL,'No',2),(35,'','GPU',0,NULL,'No',3),(35,'','Towing Tractor',0,NULL,'No',4),(36,'','Local',0,NULL,'No',0),(36,'','International',0,NULL,'No',1),(37,NULL,'Mobilisation',0,NULL,NULL,0),(37,NULL,'Demobilisation',0,NULL,NULL,1),(37,NULL,'Aircraft Assembly',0,NULL,NULL,2),(37,NULL,'Aircraft Dissassembly',0,NULL,NULL,3),(38,NULL,'Operational Fuel',0,NULL,NULL,0),(38,NULL,'Fueling Equipment',0,NULL,NULL,1),(38,NULL,'Lubricants',0,NULL,NULL,2),(38,NULL,'Ground Handling - Equipment',0,NULL,NULL,3),(38,NULL,'Ground Handling - Crew',0,NULL,NULL,4),(38,NULL,'Catering On-Board',0,NULL,NULL,5),(38,NULL,'Additional Personnel',0,NULL,NULL,6),(39,NULL,'Landing',0,NULL,NULL,0),(39,NULL,'Taxes',0,NULL,NULL,1),(39,NULL,'Route Charges',0,NULL,NULL,2),(39,NULL,'Other',0,NULL,NULL,3),(40,NULL,'Accomodation',0,NULL,NULL,0),(40,NULL,'Meals',0,NULL,NULL,1),(40,NULL,'Satellite Comms',0,NULL,NULL,2),(40,NULL,'Internet Access',0,NULL,NULL,3),(40,NULL,'TV',0,NULL,NULL,4),(40,NULL,'Base Transport',0,NULL,NULL,5),(41,NULL,'Lighting',0,NULL,NULL,0),(41,NULL,'2 Tonne Crane',0,NULL,NULL,1),(41,NULL,'Maintenance Stands',0,NULL,NULL,2),(41,NULL,'GPU',0,NULL,NULL,3),(41,NULL,'Towing Tractor',0,NULL,NULL,4),(42,NULL,'Local',0,NULL,NULL,0),(42,NULL,'International',0,NULL,NULL,1),(43,NULL,'Mobilisation',0,NULL,NULL,0),(43,NULL,'Demobilisation',0,NULL,NULL,1),(43,NULL,'Aircraft Assembly',0,NULL,NULL,2),(43,NULL,'Aircraft Dissassembly',0,NULL,NULL,3),(44,NULL,'Operational Fuel',0,NULL,NULL,0),(44,NULL,'Fueling Equipment',0,NULL,NULL,1),(44,NULL,'Lubricants',0,NULL,NULL,2),(44,NULL,'Ground Handling - Equipment',0,NULL,NULL,3),(44,NULL,'Ground Handling - Crew',0,NULL,NULL,4),(44,NULL,'Catering On-Board',0,NULL,NULL,5),(44,NULL,'Additional Personnel',0,NULL,NULL,6),(45,NULL,'Landing',0,NULL,NULL,0),(45,NULL,'Taxes',0,NULL,NULL,1),(45,NULL,'Route Charges',0,NULL,NULL,2),(45,NULL,'Other',0,NULL,NULL,3),(46,NULL,'Accomodation',0,NULL,NULL,0),(46,NULL,'Meals',0,NULL,NULL,1),(46,NULL,'Satellite Comms',0,NULL,NULL,2),(46,NULL,'Internet Access',0,NULL,NULL,3),(46,NULL,'TV',0,NULL,NULL,4),(46,NULL,'Base Transport',0,NULL,NULL,5),(47,NULL,'Lighting',0,NULL,NULL,0),(47,NULL,'2 Tonne Crane',0,NULL,NULL,1),(47,NULL,'Maintenance Stands',0,NULL,NULL,2),(47,NULL,'GPU',0,NULL,NULL,3),(47,NULL,'Towing Tractor',0,NULL,NULL,4),(48,NULL,'Local',0,NULL,NULL,0),(48,NULL,'International',0,NULL,NULL,1);
/*!40000 ALTER TABLE `charter$cost$itemgroup_items` ENABLE KEYS */;
UNLOCK TABLES;

--
-- Table structure for table `charter`
--

DROP TABLE IF EXISTS `charter`;
CREATE TABLE `charter` (
  `id` int(11) NOT NULL auto_increment,
  `client` varchar(255) default NULL,
  `code` varchar(255) default NULL,
  `description` varchar(255) default NULL,
  `endDate` date default NULL,
  `location` varchar(255) default NULL,
  `startDate` date default NULL,
  `status` tinyblob,
  `contract` varchar(255) default NULL,
  `administrative_clientcode` varchar(255) default NULL,
  `administrative_clientname` varchar(255) default NULL,
  `administrative_code` varchar(255) default NULL,
  `administrative_currency` varchar(255) default NULL,
  `administrative_enddate` date default NULL,
  `administrative_icao` varchar(255) default NULL,
  `administrative_invoicingaddress1` varchar(255) default NULL,
  `administrative_invoicingaddress2` varchar(255) default NULL,
  `administrative_invoicingaddress3` varchar(255) default NULL,
  `administrative_invoicingaddress4` varchar(255) default NULL,
  `administrative_invoicingaddress5` varchar(255) default NULL,
  `administrative_openended` tinyint(1) default NULL,
  `administrative_operatingarea` varchar(255) default NULL,
  `administrative_operatingbase` varchar(255) default NULL,
  `administrative_physicaladdress1` varchar(255) default NULL,
  `administrative_physicaladdress2` varchar(255) default NULL,
  `administrative_physicaladdress3` varchar(255) default NULL,
  `administrative_physicaladdress4` varchar(255) default NULL,
  `administrative_physicaladdress5` varchar(255) default NULL,
  `administrative_startdate` date default NULL,
  `administrative_status` int(11) default NULL,
  `administrative_terminationperiod` int(11) default NULL,
  `resources_captainrequirement` int(11) default NULL,
  `resources_comments` varchar(255) default NULL,
  `resources_copilotrequirement` int(11) default NULL,
  `resources_flightengineerrequirement` int(11) default NULL,
  `resources_forfeitperday_amount` int(11) default NULL,
  `resources_forfeitperday_currencycode` varchar(255) default NULL,
  `resources_groundcrewrequirement` int(11) default NULL,
  `resources_groundengineerrequirement` int(11) default NULL,
  `resources_maximumterm` int(11) default NULL,
  `resources_aircrafttype` varchar(255) default NULL,
  PRIMARY KEY  (`id`)
) ENGINE=InnoDB DEFAULT CHARSET=latin1;

--
-- Dumping data for table `charter`
--

LOCK TABLES `charter` WRITE;
/*!40000 ALTER TABLE `charter` DISABLE KEYS */;
INSERT INTO `charter` VALUES (7,'PDOC','PDOC001','','2007-05-29','N/A','2008-02-16','\0~r\0+com.itao.starlite.model.types.CharterStatus\0\0\0\0\0\0\0\0\0\0xr\0java.lang.Enum\0\0\0\0\0\0\0\0\0\0xpt\0OPERATE','http://apollo.i-tao.com/starlite/SFSPumaContract080101.pdf','PDOC','Specialised Flight Services','PDOC001','USD','2008-12-31','','Block No. 10','Plot No. 161','Obied Khatim Street','Riyaad','Khartoum, Sudan',0,'Sudan','Palogue','Block No. 10','Plot No. 161','Obied Khatim Street','Riyaad','Khartoum, Sudan','2008-01-01',4,0,1,'',1,1,0,NULL,0,1,0,'Puma SA 330J'),(8,'','S92','',NULL,'',NULL,'\0~r\0+com.itao.starlite.model.types.CharterStatus\0\0\0\0\0\0\0\0\0\0xr\0java.lang.Enum\0\0\0\0\0\0\0\0\0\0xpt\0PROSPECT',NULL,NULL,'test client','','USD','2008-07-01','','P O Box 24100','Safat','13101','Kuwait','',0,'','','','','','','','2007-11-01',0,0,0,'',0,0,0,NULL,0,0,0,'S 92'),(9,'','Namibia','',NULL,'',NULL,'\0~r\0+com.itao.starlite.model.types.CharterStatus\0\0\0\0\0\0\0\0\0\0xr\0java.lang.Enum\0\0\0\0\0\0\0\0\0\0xpt\0PROSPECT',NULL,NULL,'Nomad Aviation (Pty) Ltd','','USD','2008-08-31','','P O Box 357','Walvis Bay','Namibia','','',0,'Namibia','','','','','','','2008-02-01',0,0,0,NULL,0,0,0,NULL,0,0,0,NULL),(10,'','WFP','',NULL,'',NULL,'\0~r\0+com.itao.starlite.model.types.CharterStatus\0\0\0\0\0\0\0\0\0\0xr\0java.lang.Enum\0\0\0\0\0\0\0\0\0\0xpt\0PROSPECT',NULL,NULL,'World Food Program','','USD','2008-07-05','','','','','','',0,'Myanmar','Yangoon','','','','','','2008-05-26',4,0,0,'Four crew per aircraft plus a dispatcher',0,0,0,NULL,0,0,0,'Puma SA 330J'),(11,'','Sasol','',NULL,'',NULL,'\0~r\0+com.itao.starlite.model.types.CharterStatus\0\0\0\0\0\0\0\0\0\0xr\0java.lang.Enum\0\0\0\0\0\0\0\0\0\0xpt\0PROSPECT',NULL,NULL,'Sasol Petroleum Sofala','','USD','2008-09-21','','SPD LLC','Dubai World Trade Center','Level Nine','P o Box 9378','Dubai',0,'Mocambique','Villancoulos','Avenida 25','de Setembro','420 predio jat','Maputo','Mocambique','2008-06-24',4,0,1,'',1,1,0,NULL,0,0,0,''),(12,'','Angola','',NULL,'',NULL,'\0~r\0+com.itao.starlite.model.types.CharterStatus\0\0\0\0\0\0\0\0\0\0xr\0java.lang.Enum\0\0\0\0\0\0\0\0\0\0xpt\0PROSPECT',NULL,NULL,'VIP Aero SA','','USD','2009-01-18','','25th St','28 North','San Jose','Costa Rica','',0,'Angola','Luanda','25th St','28 North','San Jose','Costa Rica','','2008-07-18',4,0,2,'',2,2,0,NULL,0,2,0,'Puma'),(13,'','Sasol operational','',NULL,'',NULL,'\0~r\0+com.itao.starlite.model.types.CharterStatus\0\0\0\0\0\0\0\0\0\0xr\0java.lang.Enum\0\0\0\0\0\0\0\0\0\0xpt\0PROSPECT',NULL,NULL,'','','USD','2008-11-22','','','','','','',0,'','','','','','','','2008-09-22',0,0,0,NULL,0,0,0,NULL,0,0,0,NULL),(14,'','Ivory Coast','',NULL,'',NULL,'\0~r\0+com.itao.starlite.model.types.CharterStatus\0\0\0\0\0\0\0\0\0\0xr\0java.lang.Enum\0\0\0\0\0\0\0\0\0\0xpt\0PROSPECT',NULL,NULL,NULL,NULL,NULL,NULL,NULL,NULL,NULL,NULL,NULL,NULL,0,NULL,NULL,NULL,NULL,NULL,NULL,NULL,NULL,0,0,0,NULL,0,0,0,NULL,0,0,0,NULL);
/*!40000 ALTER TABLE `charter` ENABLE KEYS */;
UNLOCK TABLES;

--
-- Table structure for table `charter_charter$cost$itemgroup`
--

DROP TABLE IF EXISTS `charter_charter$cost$itemgroup`;
CREATE TABLE `charter_charter$cost$itemgroup` (
  `charter_id` int(11) NOT NULL default '0',
  `cost_itemgroups_id` int(11) NOT NULL default '0',
  `position` int(11) NOT NULL default '0',
  PRIMARY KEY  (`charter_id`,`position`),
  UNIQUE KEY `cost_itemgroups_id` (`cost_itemgroups_id`),
  KEY `FK934CDDA2A5E1608F` (`charter_id`),
  KEY `FK934CDDA215E3E53A` (`cost_itemgroups_id`)
) ENGINE=MyISAM DEFAULT CHARSET=latin1;

--
-- Dumping data for table `charter_charter$cost$itemgroup`
--

LOCK TABLES `charter_charter$cost$itemgroup` WRITE;
/*!40000 ALTER TABLE `charter_charter$cost$itemgroup` DISABLE KEYS */;
INSERT INTO `charter_charter$cost$itemgroup` VALUES (8,1,0),(8,2,1),(8,3,2),(8,4,3),(8,5,4),(8,6,5),(7,7,0),(7,8,1),(7,9,2),(7,10,3),(7,11,4),(7,12,5),(9,13,0),(9,14,1),(9,15,2),(9,16,3),(9,17,4),(9,18,5),(10,19,0),(10,20,1),(10,21,2),(10,22,3),(10,23,4),(10,24,5),(11,25,0),(11,26,1),(11,27,2),(11,28,3),(11,29,4),(11,30,5),(12,31,0),(12,32,1),(12,33,2),(12,34,3),(12,35,4),(12,36,5),(13,37,0),(13,38,1),(13,39,2),(13,40,3),(13,41,4),(13,42,5),(14,43,0),(14,44,1),(14,45,2),(14,46,3),(14,47,4),(14,48,5);
/*!40000 ALTER TABLE `charter_charter$cost$itemgroup` ENABLE KEYS */;
UNLOCK TABLES;

--
-- Table structure for table `charter_insurance_items`
--

DROP TABLE IF EXISTS `charter_insurance_items`;
CREATE TABLE `charter_insurance_items` (
  `charter_id` int(11) NOT NULL default '0',
  `insurance_items_element_comments` varchar(255) default NULL,
  `insurance_items_element_item` varchar(255) default NULL,
  `insurance_items_element_limit_amount` bigint(20) NOT NULL default '0',
  `insurance_items_element_limit_currencycode` char(3) default NULL,
  `insurance_items_element_required` tinyint(1) NOT NULL default '0',
  `position` int(11) NOT NULL default '0',
  `insurance_items_element_brokerdetails` varchar(255) default NULL,
  `insurance_items_element_policyexpdate` date default NULL,
  `insurance_items_element_policynumber` varchar(255) default NULL,
  `insurance_items_element_premiumduedate` date default NULL,
  PRIMARY KEY  (`charter_id`,`position`),
  KEY `FK7A802AE7A5E1608F` (`charter_id`)
) ENGINE=MyISAM DEFAULT CHARSET=latin1;

--
-- Dumping data for table `charter_insurance_items`
--

LOCK TABLES `charter_insurance_items` WRITE;
/*!40000 ALTER TABLE `charter_insurance_items` DISABLE KEYS */;
INSERT INTO `charter_insurance_items` VALUES (8,'Hull policy from 16 Nov 07 to 15 Nov 08','All Risk - Hull Insurance',2800000000,NULL,1,0,NULL,NULL,NULL,NULL),(8,'flight risks commence 15 Feb','Third Party',5000000000,NULL,1,1,NULL,NULL,NULL,NULL),(8,'','Employers Liability',0,NULL,0,2,NULL,NULL,NULL,NULL),(8,'','War Risk - Hull Insurance',0,NULL,0,3,NULL,NULL,NULL,NULL),(8,'','War Risk - Combined',0,NULL,0,4,NULL,NULL,NULL,NULL),(8,'','Performance Guarantees',0,NULL,0,5,NULL,NULL,NULL,NULL),(7,'operator to maintain','All Risk - Hull Insurance',135000000,NULL,1,0,'Businesssure','2008-05-31','FLY003538POL','2008-04-10'),(7,'legal liab, bodily injury, passenger baggage and freight','Third Party',5000000000,NULL,1,1,'',NULL,'',NULL),(7,'operator to maintain adequate','Employers Liability',0,NULL,1,2,'',NULL,'',NULL),(7,'if declared by London war risk underwriter','War Risk - Hull Insurance',135000000,NULL,1,3,'Businesssure','2008-05-31','B0433A08','2008-04-10'),(7,'as above','War Risk - Combined',5000000000,NULL,1,4,'',NULL,'',NULL),(7,'','Performance Guarantees',0,NULL,0,5,'',NULL,'',NULL),(9,'','All Risk - Hull Insurance',0,NULL,0,0,NULL,NULL,NULL,NULL),(9,'','Third Party',0,NULL,0,1,NULL,NULL,NULL,NULL),(9,'','Employers Liability',0,NULL,0,2,NULL,NULL,NULL,NULL),(9,'','War Risk - Hull Insurance',0,NULL,0,3,NULL,NULL,NULL,NULL),(9,'','War Risk - Combined',0,NULL,0,4,NULL,NULL,NULL,NULL),(9,'','Performance Guarantees',0,NULL,0,5,NULL,NULL,NULL,NULL),(10,NULL,'All Risk - Hull Insurance',0,NULL,0,0,NULL,NULL,NULL,NULL),(10,NULL,'Third Party',0,NULL,0,1,NULL,NULL,NULL,NULL),(10,NULL,'Employers Liability',0,NULL,0,2,NULL,NULL,NULL,NULL),(10,NULL,'War Risk - Hull Insurance',0,NULL,0,3,NULL,NULL,NULL,NULL),(10,NULL,'War Risk - Combined',0,NULL,0,4,NULL,NULL,NULL,NULL),(10,NULL,'Performance Guarantees',0,NULL,0,5,NULL,NULL,NULL,NULL),(11,'','All Risk - Hull Insurance',0,NULL,0,0,'',NULL,'',NULL),(11,'','Third Party',1000000000,NULL,1,1,'',NULL,'',NULL),(11,'','Employers Liability',200000000,NULL,1,2,'',NULL,'',NULL),(11,'','War Risk - Hull Insurance',0,NULL,0,3,'',NULL,'',NULL),(11,'','War Risk - Combined',0,NULL,0,4,'',NULL,'',NULL),(11,'','Performance Guarantees',0,NULL,0,5,'',NULL,'',NULL),(12,'','All Risk - Hull Insurance',135000000,NULL,1,0,'',NULL,'',NULL),(12,'','Third Party',2000000000,NULL,1,1,'',NULL,'',NULL),(12,'adequate','Employers Liability',0,NULL,1,2,'',NULL,'',NULL),(12,'','War Risk - Hull Insurance',0,NULL,0,3,'',NULL,'',NULL),(12,'','War Risk - Combined',0,NULL,0,4,'',NULL,'',NULL),(12,'','Performance Guarantees',0,NULL,0,5,'',NULL,'',NULL),(13,NULL,'All Risk - Hull Insurance',0,NULL,0,0,NULL,NULL,NULL,NULL),(13,NULL,'Third Party',0,NULL,0,1,NULL,NULL,NULL,NULL),(13,NULL,'Employers Liability',0,NULL,0,2,NULL,NULL,NULL,NULL),(13,NULL,'War Risk - Hull Insurance',0,NULL,0,3,NULL,NULL,NULL,NULL),(13,NULL,'War Risk - Combined',0,NULL,0,4,NULL,NULL,NULL,NULL),(13,NULL,'Performance Guarantees',0,NULL,0,5,NULL,NULL,NULL,NULL),(14,NULL,'All Risk - Hull Insurance',0,NULL,0,0,NULL,NULL,NULL,NULL),(14,NULL,'Third Party',0,NULL,0,1,NULL,NULL,NULL,NULL),(14,NULL,'Employers Liability',0,NULL,0,2,NULL,NULL,NULL,NULL),(14,NULL,'War Risk - Hull Insurance',0,NULL,0,3,NULL,NULL,NULL,NULL),(14,NULL,'War Risk - Combined',0,NULL,0,4,NULL,NULL,NULL,NULL),(14,NULL,'Performance Guarantees',0,NULL,0,5,NULL,NULL,NULL,NULL);
/*!40000 ALTER TABLE `charter_insurance_items` ENABLE KEYS */;
UNLOCK TABLES;

--
-- Table structure for table `charter_pricing_items`
--

DROP TABLE IF EXISTS `charter_pricing_items`;
CREATE TABLE `charter_pricing_items` (
  `charter_id` int(11) NOT NULL default '0',
  `pricing_items_element_comments` varchar(255) default NULL,
  `pricing_items_element_item` varchar(255) default NULL,
  `pricing_items_element_limit_amount` bigint(20) NOT NULL default '0',
  `pricing_items_element_limit_currencycode` char(3) default NULL,
  `pricing_items_element_status` varchar(255) default NULL,
  `position` int(11) NOT NULL default '0',
  PRIMARY KEY  (`charter_id`,`position`),
  KEY `FK842585D3A5E1608F` (`charter_id`)
) ENGINE=MyISAM DEFAULT CHARSET=latin1;

--
-- Dumping data for table `charter_pricing_items`
--

LOCK TABLES `charter_pricing_items` WRITE;
/*!40000 ALTER TABLE `charter_pricing_items` DISABLE KEYS */;
INSERT INTO `charter_pricing_items` VALUES (8,'','Deposit',0,NULL,'No',0),(8,'','Advance Payment',0,NULL,'No',1),(8,'','Standing Fee per Aircraft',0,NULL,'No',2),(8,'','Flight Hour Rate I',0,NULL,'No',3),(8,'','Flight Hour Rate II',0,NULL,'No',4),(7,'1 month standing plus 50 hours, held for contract','Deposit',20000500,NULL,'Yes',0),(7,'mob and demob per aircraft from South Africa','Advance Payment',0,NULL,'Yes',1),(7,'per month','Standing Fee per Aircraft',14615500,NULL,'Yes',2),(7,'per block hour flown up to 50 hours per aircraft','Flight Hour Rate I',107700,NULL,'Yes',3),(7,'per block hour over 51 hours per aircraft','Flight Hour Rate II',165000,NULL,'Yes',4),(9,'','Deposit',0,NULL,'No',0),(9,'','Advance Payment',0,NULL,'No',1),(9,'','Standing Fee per Aircraft',0,NULL,'No',2),(9,'','Flight Hour Rate I',0,NULL,'No',3),(9,'','Flight Hour Rate II',0,NULL,'No',4),(10,'','Deposit',0,NULL,'No',0),(10,'for painting','Advance Payment',2000000,NULL,'Yes',1),(10,'','Standing Fee per Aircraft',0,NULL,'No',2),(10,'80 hours minimum per month','Flight Hour Rate I',428750,NULL,'Yes',3),(10,'','Flight Hour Rate II',260000,NULL,'Yes',4),(11,NULL,'Deposit',0,NULL,NULL,0),(11,NULL,'Advance Payment',0,NULL,NULL,1),(11,NULL,'Standing Fee per Aircraft',0,NULL,NULL,2),(11,NULL,'Flight Hour Rate I',0,NULL,NULL,3),(11,NULL,'Flight Hour Rate II',0,NULL,NULL,4),(12,'','Deposit',0,NULL,'No',0),(12,'mob demob of $180k per aircraft','Advance Payment',36000000,NULL,'Yes',1),(12,'per aircraft','Standing Fee per Aircraft',28000000,NULL,'Yes',2),(12,'per block hour up to 70 hours per aicraft pm','Flight Hour Rate I',185000,NULL,'Yes',3),(12,'per block hour in excess of 210 per 3 m cycle','Flight Hour Rate II',225000,NULL,'Yes',4),(13,NULL,'Deposit',0,NULL,NULL,0),(13,NULL,'Advance Payment',0,NULL,NULL,1),(13,NULL,'Standing Fee per Aircraft',0,NULL,NULL,2),(13,NULL,'Flight Hour Rate I',0,NULL,NULL,3),(13,NULL,'Flight Hour Rate II',0,NULL,NULL,4),(14,NULL,'Deposit',0,NULL,NULL,0),(14,NULL,'Advance Payment',0,NULL,NULL,1),(14,NULL,'Standing Fee per Aircraft',0,NULL,NULL,2),(14,NULL,'Flight Hour Rate I',0,NULL,NULL,3),(14,NULL,'Flight Hour Rate II',0,NULL,NULL,4);
/*!40000 ALTER TABLE `charter_pricing_items` ENABLE KEYS */;
UNLOCK TABLES;

--
-- Table structure for table `component$componenthistory`
--

DROP TABLE IF EXISTS `component$componenthistory`;
CREATE TABLE `component$componenthistory` (
  `id` int(11) NOT NULL auto_increment,
  `date` date default NULL,
  `description` varchar(255) default NULL,
  `field` varchar(255) default NULL,
  `fromval` varchar(255) default NULL,
  `location` varchar(255) default NULL,
  `time` time default NULL,
  `toval` varchar(255) default NULL,
  `type` varchar(255) default NULL,
  `user` varchar(255) default NULL,
  PRIMARY KEY  (`id`)
) ENGINE=MyISAM AUTO_INCREMENT=25 DEFAULT CHARSET=latin1;

--
-- Dumping data for table `component$componenthistory`
--

LOCK TABLES `component$componenthistory` WRITE;
/*!40000 ALTER TABLE `component$componenthistory` DISABLE KEYS */;
INSERT INTO `component$componenthistory` VALUES (1,'2010-05-26','test','Purchase','0','HLFLS 0101020304','08:45:46','null','transaction','paul'),(2,'2010-05-26','test purchase','Purchase','0','DBBND 0101020304','08:48:54','2300','transaction','paul'),(3,'2010-05-26','test','Purchase','0','HLFLS xxxxxxxxxx','13:36:06','1','transaction','paul'),(4,'2010-05-28','','Purchase','0','HLFLS 0102030405','07:34:25','1','transaction','paul'),(5,'2010-05-28','Moved to Durban.','Move','1','HLFLS 0102030405','07:36:07','0','transaction','paul'),(6,'2010-05-28','Moved to Durban.','Move','0','DBBND 0101020304','07:36:07','1','transaction','paul'),(7,'2010-05-28','moved components for HL','Move','0','HLFLS 0101020304','07:54:41','500','transaction','paul'),(8,'2010-05-28','Purchase components. Stored in HLFLS.','Purchase','0','HLFLS 0101020302','08:33:55','200','transaction','paul'),(9,'2010-05-28','','Purchase','0','ZSRWO','08:43:50','1','transaction','paul'),(10,'2010-05-28','reserved for sudan','Reserve','5','HLFLS 0102030405','09:23:34','0','transaction','paul'),(11,'2010-05-28','reserved for sudan','Reserve','0','HLFLS 0102030405','09:23:34','0','transaction','paul'),(12,'2010-05-28','move to moz','Move','5','null null','09:24:50','0','transaction','paul'),(13,'2010-05-28','move to moz','Move','0','MSMOZ','09:24:50','5','transaction','paul'),(14,'2010-05-28','','Reserve','0','MSMOZ','09:35:08','3','transaction','paul'),(15,'2010-05-28','','Reserve','0','MSMOZ','09:40:15','5','transaction','paul'),(16,'2010-05-28','','Move','0','HLFLS','09:41:35','100','transaction','paul'),(17,'2010-05-28','Seals for all aircraft alternators.','Purchase','0','HLFLS 0203040506','10:09:48','2000','transaction','paul'),(18,'2010-05-28','Reserve for ZSHIZ','Reserve','0','HLFLS 0203040506','10:12:32','1500','transaction','paul'),(19,'2010-05-28','new purchase from denel','Purchase','0','HLFLS 0101020304','10:26:57','1','transaction','paul'),(20,'2010-06-02','Test purchase','Purchase','0','HLFLS 0101020306','06:47:30','1400','transaction','paul'),(21,'2010-06-02','','Purchase','0','HLFLS 0101020304','07:40:51','1000','transaction','paul'),(22,'2010-06-02','Test purchase','Purchase','0','HLFLS 0102030404','07:43:19','2000','transaction','paul'),(23,'2010-07-26','','Move','0','MSMOZ','13:02:07','23','transaction','ron'),(24,'2010-07-26','for sudan','Reserve','0','MSMOZ','13:22:52','21','transaction','ron');
/*!40000 ALTER TABLE `component$componenthistory` ENABLE KEYS */;
UNLOCK TABLES;

--
-- Table structure for table `component$componentlocation`
--

DROP TABLE IF EXISTS `component$componentlocation`;
CREATE TABLE `component$componentlocation` (
  `id` int(11) NOT NULL auto_increment,
  `bin` varchar(255) default NULL,
  `current` int(11) default NULL,
  `location` varchar(255) default NULL,
  `quantity` int(11) default NULL,
  `batch` varchar(255) default NULL,
  `status` varchar(255) default NULL,
  PRIMARY KEY  (`id`)
) ENGINE=MyISAM AUTO_INCREMENT=58 DEFAULT CHARSET=latin1;

--
-- Dumping data for table `component$componentlocation`
--

LOCK TABLES `component$componentlocation` WRITE;
/*!40000 ALTER TABLE `component$componentlocation` DISABLE KEYS */;
INSERT INTO `component$componentlocation` VALUES (1,'0102030101',1,'HLFLS',2,NULL,NULL),(2,'',1,'DBBND',20,NULL,NULL),(3,'0102030201',1,'DBFLS',1,NULL,NULL),(4,'',1,'HLBND',1,NULL,NULL),(5,'0203020301',1,'HLFLS',13,NULL,NULL),(6,'',1,'ZSRWO',1,NULL,NULL),(7,'0000000000',1,'ZSRWO',1,NULL,NULL),(8,'00',1,'ZSRWO',1,NULL,NULL),(9,'',1,'ZSRWO',1,NULL,NULL),(10,'00',1,'ZSRWO',1,NULL,NULL),(11,'',1,'ZSRW1',1,NULL,NULL),(12,'',1,'ZSRWO',1,NULL,NULL),(13,'',1,'HLSUD',333,NULL,NULL),(14,'',1,'MSSUD',200,NULL,NULL),(15,'0101000101',1,'HLFLS',21,NULL,NULL),(16,'0101000101',1,'HLFLS',1,NULL,NULL),(17,'',1,'ZSRWO',1,NULL,NULL),(18,'0102030405',1,'HLFLS',0,NULL,NULL),(19,'',1,'HLFLS',999,NULL,NULL),(20,'0102030405',1,'HLFLS',1,NULL,NULL),(21,'0203040501',1,'HLFLS',1,NULL,NULL),(22,'',1,'HLFLS',2,NULL,NULL),(23,'',1,'ZSHIZ',1,NULL,NULL),(24,'',1,'ZSRIH',1,NULL,NULL),(25,'0102030405',1,'HLFLS',1,NULL,NULL),(26,'',1,'ZSRWO',19,NULL,NULL),(27,'0101000101',1,'HLFLS',12,NULL,NULL),(28,'',1,'HLFLS',1000,NULL,NULL),(29,'',1,'HLFLS',2,NULL,NULL),(30,'0102030405',1,'DBFLS',2000,NULL,NULL),(31,'0101020304',NULL,'HLFLS',NULL,'900',NULL),(32,'0101020304',NULL,'DBBND',2200,'21',NULL),(33,'xxxxxxxxxx',NULL,'HLFLS',1,'1',NULL),(34,'0102030405',NULL,'HLFLS',0,'99',NULL),(35,'0101020304',34,'DBBND',1,NULL,NULL),(36,'0101020304',30,'HLFLS',500,NULL,NULL),(37,'0102030405',1,'HLFLS',500,NULL,NULL),(38,'',1,'ZSRWO',1,NULL,NULL),(39,'0102030303',1,'HLFLS',3000,NULL,NULL),(40,'0101020302',NULL,'HLFLS',200,'99',NULL),(41,'',NULL,'ZSRWO',1,'100',NULL),(42,NULL,18,NULL,0,NULL,'Reserve'),(43,'',1,'MSMOZ',10,NULL,NULL),(44,NULL,43,NULL,2,NULL,'Reserve'),(45,NULL,43,NULL,5,NULL,'Reserve'),(46,'',32,'HLFLS',100,NULL,NULL),(47,'0203040506',NULL,'HLFLS',1500,'B0001',NULL),(48,NULL,47,NULL,500,NULL,'Reserve'),(49,'0101020304',NULL,'HLFLS',1,'b100',NULL),(50,'0101020306',NULL,'HLFLS',1400,'1',NULL),(51,'0101020304',NULL,'HLFLS',1000,'BL12',NULL),(52,'01020202',1,'HLFLS',1,'BL14',NULL),(53,'01010201',1,'HLFLS',1,NULL,NULL),(54,'',52,'MSMOZ',21,NULL,NULL),(55,NULL,54,NULL,2,NULL,'Reserve'),(56,'04010102',1,'HLFLS',1,NULL,NULL),(57,'0104030420',1,'LHFLS',1,NULL,NULL);
/*!40000 ALTER TABLE `component$componentlocation` ENABLE KEYS */;
UNLOCK TABLES;

--
-- Table structure for table `component$componentvaluation`
--

DROP TABLE IF EXISTS `component$componentvaluation`;
CREATE TABLE `component$componentvaluation` (
  `id` int(11) NOT NULL auto_increment,
  `date` date default NULL,
  `marketcurrency` varchar(255) default NULL,
  `marketval` double default NULL,
  `purchasecurrency` varchar(255) default NULL,
  `purchaseval` double default NULL,
  `replacecurrency` varchar(255) default NULL,
  `replaceval` double default NULL,
  `time` time default NULL,
  `user` varchar(255) default NULL,
  PRIMARY KEY  (`id`)
) ENGINE=MyISAM AUTO_INCREMENT=13 DEFAULT CHARSET=latin1;

--
-- Dumping data for table `component$componentvaluation`
--

LOCK TABLES `component$componentvaluation` WRITE;
/*!40000 ALTER TABLE `component$componentvaluation` DISABLE KEYS */;
INSERT INTO `component$componentvaluation` VALUES (1,'2010-03-10','USD',20,'USD',30,'USD',20,'01:00:00','paul'),(2,'2010-03-02','USD',10,'USD',20,'USD',15,'02:00:00','paul'),(3,'2010-03-09','USD',10,'USD',20,'USD',15,'01:00:00','paul'),(4,'2010-03-10','USD',22,'USD',33,'USD',28,'02:00:00','paul'),(5,'2010-05-04','USD',10,'USD',12,'USD',NULL,'12:00:00','paul'),(6,'2010-05-03','USD',99,'USD',NULL,'USD',NULL,'12:00:00','paul'),(7,'2010-04-26','USD',NULL,'USD',140,'USD',200,'13:00:00','paul'),(8,'2010-04-27','USD',0.3,'USD',NULL,'USD',0.7,'13:00:00','paul'),(9,'2010-06-02',NULL,NULL,'USD',10,NULL,NULL,'06:47:00','paul'),(10,'2010-06-02',NULL,NULL,'USD',100,NULL,NULL,'07:43:00','paul'),(11,'2010-07-13','ZAR',1000,'USD',NULL,'ZAR',2000,'15:12:00','ron'),(12,'2010-07-26','USD',1000,'USD',1200,'USD',NULL,'12:15:00','ron');
/*!40000 ALTER TABLE `component$componentvaluation` ENABLE KEYS */;
UNLOCK TABLES;

--
-- Table structure for table `component`
--

DROP TABLE IF EXISTS `component`;
CREATE TABLE `component` (
  `id` int(11) NOT NULL auto_increment,
  `air` int(11) default NULL,
  `airframehours` double default NULL,
  `bambi` int(11) default NULL,
  `cargo` int(11) default NULL,
  `condition` varchar(255) default NULL,
  `description` varchar(255) default NULL,
  `expirydate` date default NULL,
  `expiryhours` double default NULL,
  `fdr` int(11) default NULL,
  `ferry` int(11) default NULL,
  `flir` int(11) default NULL,
  `floa` int(11) default NULL,
  `hoist` int(11) default NULL,
  `hoursoninstall` double default NULL,
  `hoursrun` double default NULL,
  `indi` int(11) default NULL,
  `installdate` date default NULL,
  `installtime` time default NULL,
  `manufactureddate` date default NULL,
  `manufacturer` varchar(255) default NULL,
  `mmel` int(11) default NULL,
  `name` varchar(255) default NULL,
  `night` int(11) default NULL,
  `number` varchar(255) default NULL,
  `nvg` int(11) default NULL,
  `serial` varchar(255) default NULL,
  `servicelifelimited` varchar(255) default NULL,
  `status` varchar(255) default NULL,
  `tcas` int(11) default NULL,
  `timebetweenoverhaul` double default NULL,
  `troop` int(11) default NULL,
  `type` varchar(255) default NULL,
  `vip` int(11) default NULL,
  `active` int(1) default '1',
  `state` varchar(255) default NULL,
  PRIMARY KEY  (`id`)
) ENGINE=MyISAM AUTO_INCREMENT=20 DEFAULT CHARSET=latin1;

--
-- Dumping data for table `component`
--

LOCK TABLES `component` WRITE;
/*!40000 ALTER TABLE `component` DISABLE KEYS */;
INSERT INTO `component` VALUES (1,NULL,10417.3,NULL,NULL,NULL,'Pressure Gauge',NULL,11039.8,NULL,NULL,NULL,NULL,NULL,10104.5,2664.7,NULL,'2007-05-05','05:00:00','2007-03-14','Eurocopter',NULL,'Pressure Gauge',NULL,'1913HT',NULL,'1718',NULL,NULL,NULL,3600,NULL,'Class A',NULL,1,'SER'),(2,NULL,NULL,NULL,NULL,NULL,'Turbine cooler parts',NULL,NULL,NULL,NULL,NULL,NULL,NULL,NULL,NULL,NULL,NULL,NULL,'2010-02-03','Unkown',NULL,'Washer',NULL,'0249980350',NULL,'NSN',NULL,NULL,NULL,NULL,NULL,'Class E',NULL,1,NULL),(3,NULL,1000,NULL,NULL,NULL,'',NULL,NULL,NULL,NULL,NULL,NULL,NULL,200,300,NULL,'2009-02-06',NULL,'2007-03-13','TURBOMECA',NULL,'TACHOMETER GENERATOR',NULL,'545-344',NULL,'5339',NULL,NULL,NULL,2000,NULL,'Class A',NULL,1,NULL),(4,NULL,10417,NULL,NULL,NULL,'',NULL,NULL,NULL,NULL,NULL,NULL,NULL,10104,1324,NULL,NULL,NULL,NULL,'Boeing',NULL,'Brake Cup',NULL,'3443245LL',NULL,'23528',NULL,NULL,NULL,2500,NULL,'Class A',NULL,1,''),(5,NULL,NULL,NULL,NULL,NULL,'','2010-06-10',NULL,NULL,NULL,NULL,NULL,NULL,NULL,NULL,NULL,'2010-06-01','05:56:00',NULL,'',NULL,'Screw',NULL,'1913HT',NULL,'NSN',NULL,NULL,NULL,NULL,NULL,'Class E',NULL,1,''),(15,NULL,NULL,NULL,NULL,NULL,'Alternator seals',NULL,NULL,NULL,NULL,NULL,NULL,NULL,NULL,NULL,NULL,NULL,NULL,NULL,'Blister',NULL,'Seal',NULL,'4326745',NULL,'',NULL,NULL,NULL,NULL,NULL,'Class E',NULL,1,NULL),(6,NULL,10417.3,NULL,NULL,NULL,'',NULL,12479.9,NULL,NULL,NULL,NULL,NULL,10079.9,0,NULL,'2008-10-21',NULL,'2006-07-03','EUROCOPTER',NULL,'Emergency Hydraulic Assembly',NULL,'B2245H1',NULL,'ED102',NULL,NULL,NULL,2400,NULL,'Class A',NULL,1,NULL),(7,NULL,10417,NULL,NULL,NULL,'',NULL,NULL,NULL,NULL,NULL,NULL,NULL,9495,809,NULL,'2009-03-04','05:00:00',NULL,'',NULL,'PRESSURE GUAGE',NULL,'1913HT',NULL,'1986',NULL,NULL,NULL,1800,NULL,'Class A',NULL,1,NULL),(8,NULL,1000,NULL,NULL,NULL,'',NULL,NULL,NULL,NULL,NULL,NULL,NULL,600,500,NULL,'2009-03-02',NULL,NULL,'',NULL,'Alternator',NULL,'325325XA',NULL,'43555',NULL,NULL,NULL,1000,NULL,'Class A',NULL,1,NULL),(9,NULL,1000,NULL,NULL,NULL,'','2010-02-06',NULL,NULL,NULL,NULL,NULL,NULL,500,50,NULL,NULL,NULL,NULL,'',NULL,'Alternator',NULL,'123456BL',NULL,'3423',NULL,NULL,NULL,1000,NULL,'Class A',NULL,1,NULL),(10,NULL,NULL,NULL,NULL,NULL,'Seal Rubber','2010-03-06',NULL,NULL,NULL,NULL,NULL,NULL,NULL,NULL,NULL,'2010-01-06',NULL,NULL,'UNKNOWN',NULL,'Seal',NULL,'330A33-2341-20',NULL,'NSN',NULL,NULL,NULL,NULL,NULL,'Class E',NULL,1,NULL),(11,NULL,NULL,NULL,NULL,NULL,'',NULL,NULL,NULL,NULL,NULL,NULL,NULL,NULL,NULL,NULL,NULL,NULL,'2009-11-02','EUROCOPTER',NULL,'QUICK RELEASE PIN',NULL,'2342345235325NW',NULL,'NSN',NULL,NULL,NULL,NULL,NULL,'Class E',NULL,1,NULL),(12,NULL,1000,NULL,NULL,NULL,'',NULL,NULL,NULL,NULL,NULL,NULL,NULL,700,200,NULL,'2010-06-01',NULL,'2010-02-03','UNKOWN',NULL,'Alternator',NULL,'1234214127lk',NULL,'8764',NULL,NULL,NULL,550,NULL,'Class A',NULL,1,'SER'),(13,NULL,100,NULL,NULL,NULL,'S330J',NULL,NULL,NULL,NULL,NULL,NULL,NULL,123,222,NULL,NULL,NULL,NULL,'EUROCOPTER',NULL,'Rotor Blades',NULL,'443466FG545L',NULL,'79599Q',NULL,NULL,NULL,1000,NULL,'Class A',NULL,1,NULL),(14,NULL,NULL,NULL,NULL,NULL,'Alternator rings',NULL,NULL,NULL,NULL,NULL,NULL,NULL,NULL,NULL,NULL,NULL,NULL,'2009-02-06','Blister',NULL,'O-rings',NULL,'12345',NULL,'NSN',NULL,NULL,NULL,NULL,NULL,'Class E',NULL,1,''),(16,NULL,NULL,NULL,NULL,NULL,'Screw',NULL,NULL,NULL,NULL,NULL,NULL,NULL,NULL,NULL,NULL,NULL,NULL,NULL,'',NULL,'Screw',NULL,'1913HT',NULL,'S2355W',NULL,NULL,NULL,NULL,NULL,'Class E',NULL,1,''),(17,NULL,NULL,NULL,NULL,NULL,'ABC',NULL,NULL,NULL,NULL,NULL,NULL,NULL,NULL,NULL,NULL,NULL,NULL,'2010-07-12','EC',NULL,'ABC',NULL,'1234',NULL,'1234',NULL,NULL,NULL,NULL,NULL,'Class A',NULL,1,'SER'),(18,NULL,NULL,NULL,NULL,NULL,'Turmo IV C',NULL,NULL,NULL,NULL,NULL,NULL,NULL,10000,NULL,NULL,NULL,'00:00:01',NULL,'Turbo Mecca',NULL,'Engine',NULL,'0279005070',NULL,'1624',NULL,NULL,NULL,NULL,NULL,'Class A',NULL,1,'SER'),(19,NULL,NULL,NULL,NULL,NULL,'Dummy Engine',NULL,NULL,NULL,NULL,NULL,NULL,NULL,100,50,NULL,'2010-07-26',NULL,'2010-07-27','Eurocpoter',NULL,'Dummy Engine',NULL,'54321',NULL,'321',NULL,NULL,NULL,1000,NULL,'Class A',NULL,1,'SER');
/*!40000 ALTER TABLE `component` ENABLE KEYS */;
UNLOCK TABLES;

--
-- Table structure for table `component_component$componenthistory`
--

DROP TABLE IF EXISTS `component_component$componenthistory`;
CREATE TABLE `component_component$componenthistory` (
  `component_id` int(11) NOT NULL default '0',
  `history_id` int(11) NOT NULL default '0',
  UNIQUE KEY `history_id` (`history_id`),
  KEY `FK2CE79A401DD72A0F` (`component_id`),
  KEY `FK2CE79A402C1AA98F` (`history_id`)
) ENGINE=MyISAM DEFAULT CHARSET=latin1;

--
-- Dumping data for table `component_component$componenthistory`
--

LOCK TABLES `component_component$componenthistory` WRITE;
/*!40000 ALTER TABLE `component_component$componenthistory` DISABLE KEYS */;
INSERT INTO `component_component$componenthistory` VALUES (1,1),(10,2),(7,3),(1,4),(1,5),(1,6),(2,7),(14,8),(3,9),(5,10),(5,11),(5,14),(5,15),(5,13),(5,12),(10,16),(15,17),(15,18),(3,19),(10,20),(5,21),(14,22),(14,23),(14,24);
/*!40000 ALTER TABLE `component_component$componenthistory` ENABLE KEYS */;
UNLOCK TABLES;

--
-- Table structure for table `component_component$componentlocation`
--

DROP TABLE IF EXISTS `component_component$componentlocation`;
CREATE TABLE `component_component$componentlocation` (
  `component_id` int(11) NOT NULL default '0',
  `locations_id` int(11) NOT NULL default '0',
  UNIQUE KEY `locations_id` (`locations_id`),
  KEY `FK309E9F891DD72A0F` (`component_id`),
  KEY `FK309E9F89FF61AF9C` (`locations_id`)
) ENGINE=MyISAM DEFAULT CHARSET=latin1;

--
-- Dumping data for table `component_component$componentlocation`
--

LOCK TABLES `component_component$componentlocation` WRITE;
/*!40000 ALTER TABLE `component_component$componentlocation` DISABLE KEYS */;
INSERT INTO `component_component$componentlocation` VALUES (10,46),(10,50),(6,3),(10,32),(17,53),(15,48),(4,9),(14,52),(9,38),(8,12),(15,47),(5,51),(13,21),(14,54),(3,49),(12,23),(1,31),(2,30),(7,6),(14,55),(1,56),(19,57);
/*!40000 ALTER TABLE `component_component$componentlocation` ENABLE KEYS */;
UNLOCK TABLES;

--
-- Table structure for table `component_component$componentvaluation`
--

DROP TABLE IF EXISTS `component_component$componentvaluation`;
CREATE TABLE `component_component$componentvaluation` (
  `component_id` int(11) NOT NULL default '0',
  `valuations_id` int(11) NOT NULL default '0',
  UNIQUE KEY `valuations_id` (`valuations_id`),
  KEY `FKFCC360AD1DD72A0F` (`component_id`),
  KEY `FKFCC360AD773B4AFE` (`valuations_id`)
) ENGINE=MyISAM DEFAULT CHARSET=latin1;

--
-- Dumping data for table `component_component$componentvaluation`
--

LOCK TABLES `component_component$componentvaluation` WRITE;
/*!40000 ALTER TABLE `component_component$componentvaluation` DISABLE KEYS */;
INSERT INTO `component_component$componentvaluation` VALUES (5,1),(7,2),(3,3),(3,4),(6,5),(2,6),(1,7),(2,8),(10,9),(14,10),(10,11),(17,12);
/*!40000 ALTER TABLE `component_component$componentvaluation` ENABLE KEYS */;
UNLOCK TABLES;

--
-- Table structure for table `crewday`
--

DROP TABLE IF EXISTS `crewday`;
CREATE TABLE `crewday` (
  `id` int(11) NOT NULL auto_increment,
  `activity` varchar(255) default NULL,
  `comments` varchar(255) default NULL,
  `date` datetime default NULL,
  `flown` double NOT NULL default '0',
  `hours` varchar(255) default NULL,
  `instruments` varchar(255) default NULL,
  `position` varchar(255) default NULL,
  `timein` varchar(255) default NULL,
  `timeout` varchar(255) default NULL,
  `type` varchar(255) default NULL,
  `crewmember_id` int(11) default NULL,
  `charter_id` int(11) default NULL,
  `aircraft_id` int(11) default NULL,
  PRIMARY KEY  (`id`),
  KEY `FK3D58429BB336D9E5` (`aircraft_id`),
  KEY `FK3D58429BA5E1608F` (`charter_id`),
  KEY `FK3D58429B33084925` (`crewmember_id`)
) ENGINE=MyISAM AUTO_INCREMENT=1387 DEFAULT CHARSET=latin1;

--
-- Dumping data for table `crewday`
--

LOCK TABLES `crewday` WRITE;
/*!40000 ALTER TABLE `crewday` DISABLE KEYS */;
INSERT INTO `crewday` VALUES (1,'W','','2009-11-01 00:00:00',2,'04:00','','Capt','18:00','22:00','d',19,14,1),(2,'W','','2009-11-02 00:00:00',3,'01:00','','Co','22:30','23:30','n',19,14,1),(3,'W','','2009-11-03 00:00:00',1,'01:00','','Dual','12:00','13:00','d',19,14,1),(4,'W','','2009-11-01 00:00:00',2,'04:00','','Capt','18:00','22:00','d',19,14,1),(5,'W','','2009-11-02 00:00:00',3,'01:00','','Co','22:30','23:30','n',19,14,1),(6,'W','','2009-11-03 00:00:00',1,'01:00','','Dual','12:00','13:00','d',19,14,1),(7,'D','','2009-11-04 00:00:00',2,'02:00','','','13:00','15:00','',19,NULL,NULL),(8,'R','','2009-11-05 00:00:00',0,'','','','','','',19,NULL,NULL),(9,'L','','2009-11-06 00:00:00',0,'','','','','','',19,NULL,NULL),(10,'T','','2009-11-07 00:00:00',0,'00:00','','','','','',19,NULL,NULL),(11,'W','','2009-11-01 00:00:00',2,'04:00','','Capt','18:00','22:00','d',19,14,1),(12,'W','','2009-11-02 00:00:00',3,'01:00','','Co','22:30','23:30','n',19,12,1),(13,'W','','2009-11-03 00:00:00',1,'01:00','','Dual','12:00','13:00','d',19,13,1),(14,'D','','2009-11-04 00:00:00',2,'02:00','','','13:00','15:00','',19,NULL,NULL),(15,'R','','2009-11-05 00:00:00',0,'','','','','','',19,NULL,NULL),(16,'L','','2009-11-06 00:00:00',0,'','','','','','',19,NULL,NULL),(17,'T','','2009-11-07 00:00:00',0,'00:00','','','','','',19,NULL,NULL),(18,'W',NULL,'2009-11-08 00:00:00',0,NULL,NULL,NULL,NULL,NULL,NULL,19,9,14),(19,'W',NULL,'2009-11-09 00:00:00',0,NULL,NULL,NULL,NULL,NULL,NULL,19,9,14),(20,'W',NULL,'2009-11-10 00:00:00',0,NULL,NULL,NULL,NULL,NULL,NULL,19,9,14),(21,'W',NULL,'2009-11-11 00:00:00',0,NULL,NULL,NULL,NULL,NULL,NULL,19,9,14),(22,'W',NULL,'2009-11-01 00:00:00',0,NULL,NULL,NULL,NULL,NULL,NULL,166,8,14),(23,'W',NULL,'2009-11-02 00:00:00',0,NULL,NULL,NULL,NULL,NULL,NULL,166,8,14),(24,'W',NULL,'2009-11-03 00:00:00',0,NULL,NULL,NULL,NULL,NULL,NULL,166,8,14),(25,'W',NULL,'2009-11-04 00:00:00',0,NULL,NULL,NULL,NULL,NULL,NULL,166,8,14),(26,'W',NULL,'2009-11-05 00:00:00',0,NULL,NULL,NULL,NULL,NULL,NULL,166,8,14),(27,'W',NULL,'2009-11-06 00:00:00',0,NULL,NULL,NULL,NULL,NULL,NULL,166,8,14),(28,'W',NULL,'2009-11-07 00:00:00',0,NULL,NULL,NULL,NULL,NULL,NULL,166,8,2),(29,'D',NULL,'2009-11-09 00:00:00',0,NULL,NULL,NULL,NULL,NULL,NULL,166,8,9),(30,'D',NULL,'2009-11-10 00:00:00',0,NULL,NULL,NULL,NULL,NULL,NULL,166,8,9),(31,'D',NULL,'2009-11-11 00:00:00',0,NULL,NULL,NULL,NULL,NULL,NULL,166,8,9),(32,'D',NULL,'2009-11-12 00:00:00',0,NULL,NULL,NULL,NULL,NULL,NULL,166,8,9),(33,'D',NULL,'2009-11-13 00:00:00',0,NULL,NULL,NULL,NULL,NULL,NULL,166,8,9),(34,'D',NULL,'2009-11-14 00:00:00',0,NULL,NULL,NULL,NULL,NULL,NULL,166,8,9),(35,'D',NULL,'2009-11-15 00:00:00',0,NULL,NULL,NULL,NULL,NULL,NULL,166,8,9),(36,'D',NULL,'2009-11-16 00:00:00',0,NULL,NULL,NULL,NULL,NULL,NULL,166,8,9),(37,'D',NULL,'2009-11-17 00:00:00',0,NULL,NULL,NULL,NULL,NULL,NULL,166,8,9),(38,'D',NULL,'2009-11-18 00:00:00',0,NULL,NULL,NULL,NULL,NULL,NULL,166,8,9),(39,'D',NULL,'2009-11-19 00:00:00',0,NULL,NULL,NULL,NULL,NULL,NULL,166,8,9),(40,'D',NULL,'2009-11-20 00:00:00',0,NULL,NULL,NULL,NULL,NULL,NULL,166,8,9),(41,'D',NULL,'2009-11-21 00:00:00',0,NULL,NULL,NULL,NULL,NULL,NULL,166,8,9),(42,'D',NULL,'2009-11-22 00:00:00',0,NULL,NULL,NULL,NULL,NULL,NULL,166,8,9),(43,'D',NULL,'2009-11-23 00:00:00',0,NULL,NULL,NULL,NULL,NULL,NULL,166,8,9),(44,'D',NULL,'2009-11-24 00:00:00',0,NULL,NULL,NULL,NULL,NULL,NULL,166,8,9),(45,'D',NULL,'2009-11-25 00:00:00',0,NULL,NULL,NULL,NULL,NULL,NULL,166,8,9),(46,'D',NULL,'2009-11-26 00:00:00',0,NULL,NULL,NULL,NULL,NULL,NULL,166,8,9),(47,'D',NULL,'2009-11-27 00:00:00',0,NULL,NULL,NULL,NULL,NULL,NULL,166,8,9),(48,'D',NULL,'2009-11-28 00:00:00',0,NULL,NULL,NULL,NULL,NULL,NULL,166,8,9),(49,'D',NULL,'2009-11-29 00:00:00',0,NULL,NULL,NULL,NULL,NULL,NULL,166,8,9),(50,'D',NULL,'2009-11-30 00:00:00',0,NULL,NULL,NULL,NULL,NULL,NULL,166,8,9),(51,'D',NULL,'2009-12-01 00:00:00',0,NULL,NULL,NULL,NULL,NULL,NULL,166,8,9),(52,'D',NULL,'2009-12-02 00:00:00',0,NULL,NULL,NULL,NULL,NULL,NULL,166,8,9),(53,'D',NULL,'2009-12-03 00:00:00',0,NULL,NULL,NULL,NULL,NULL,NULL,166,8,9),(54,'D',NULL,'2009-12-04 00:00:00',0,NULL,NULL,NULL,NULL,NULL,NULL,166,8,9),(55,'D',NULL,'2009-12-05 00:00:00',0,NULL,NULL,NULL,NULL,NULL,NULL,166,8,9),(56,'D',NULL,'2009-12-06 00:00:00',0,NULL,NULL,NULL,NULL,NULL,NULL,166,8,9),(57,'D',NULL,'2009-12-07 00:00:00',0,NULL,NULL,NULL,NULL,NULL,NULL,166,8,9),(58,'D',NULL,'2009-12-08 00:00:00',0,NULL,NULL,NULL,NULL,NULL,NULL,166,8,9),(59,'D',NULL,'2009-12-09 00:00:00',0,NULL,NULL,NULL,NULL,NULL,NULL,166,8,9),(60,'D',NULL,'2009-12-10 00:00:00',0,NULL,NULL,NULL,NULL,NULL,NULL,166,8,9),(61,'D',NULL,'2009-12-11 00:00:00',0,NULL,NULL,NULL,NULL,NULL,NULL,166,8,9),(62,'D',NULL,'2009-12-12 00:00:00',0,NULL,NULL,NULL,NULL,NULL,NULL,166,8,9),(63,'D',NULL,'2009-12-13 00:00:00',0,NULL,NULL,NULL,NULL,NULL,NULL,166,8,9),(64,'W','','2009-12-01 00:00:00',2,'04:00','','Dual','16:00','20:00','n',19,8,14),(65,'W','','2009-12-02 00:00:00',1,'02:00','','Capt','17:00','19:00','d',19,8,14),(66,'L','','2009-12-03 00:00:00',0,'','','','','','',19,8,14),(67,'W','','2009-12-04 00:00:00',2,'02:00','Sim','','12:00','14:00','i',19,8,14),(68,'W','','2009-12-05 00:00:00',3,'04:00','','Capt','13:00','17:00','d',19,8,14),(69,'W',NULL,'2009-03-03 00:00:00',0,NULL,NULL,NULL,NULL,NULL,NULL,19,13,7),(70,'W',NULL,'2009-03-04 00:00:00',0,NULL,NULL,NULL,NULL,NULL,NULL,19,13,7),(71,'W',NULL,'2009-03-05 00:00:00',0,NULL,NULL,NULL,NULL,NULL,NULL,19,13,7),(72,'W',NULL,'2009-03-06 00:00:00',0,NULL,NULL,NULL,NULL,NULL,NULL,19,13,7),(73,'W',NULL,'2009-11-01 00:00:00',0,NULL,NULL,NULL,NULL,NULL,NULL,134,8,1),(74,'W',NULL,'2009-11-02 00:00:00',0,NULL,NULL,NULL,NULL,NULL,NULL,134,8,1),(75,'W',NULL,'2009-11-03 00:00:00',0,NULL,NULL,NULL,NULL,NULL,NULL,134,8,1),(76,'W',NULL,'2009-11-04 00:00:00',0,NULL,NULL,NULL,NULL,NULL,NULL,134,8,1),(77,'W',NULL,'2009-11-05 00:00:00',0,NULL,NULL,NULL,NULL,NULL,NULL,134,8,1),(78,'W',NULL,'2009-11-06 00:00:00',0,NULL,NULL,NULL,NULL,NULL,NULL,134,8,1),(79,'W',NULL,'2009-11-07 00:00:00',0,NULL,NULL,NULL,NULL,NULL,NULL,134,8,1),(80,'W',NULL,'2009-11-08 00:00:00',0,NULL,NULL,NULL,NULL,NULL,NULL,134,8,1),(81,'W',NULL,'2009-11-09 00:00:00',0,NULL,NULL,NULL,NULL,NULL,NULL,134,8,1),(82,'W',NULL,'2009-11-10 00:00:00',0,NULL,NULL,NULL,NULL,NULL,NULL,134,8,1),(83,'W',NULL,'2009-11-11 00:00:00',0,NULL,NULL,NULL,NULL,NULL,NULL,134,8,1),(84,'W',NULL,'2009-11-12 00:00:00',0,NULL,NULL,NULL,NULL,NULL,NULL,134,8,1),(85,'W',NULL,'2009-11-13 00:00:00',0,NULL,NULL,NULL,NULL,NULL,NULL,134,8,1),(86,'W',NULL,'2009-11-14 00:00:00',0,NULL,NULL,NULL,NULL,NULL,NULL,134,8,1),(87,'W',NULL,'2009-11-15 00:00:00',0,NULL,NULL,NULL,NULL,NULL,NULL,134,8,1),(88,'W',NULL,'2009-11-16 00:00:00',0,NULL,NULL,NULL,NULL,NULL,NULL,134,8,1),(89,'W',NULL,'2009-11-17 00:00:00',0,NULL,NULL,NULL,NULL,NULL,NULL,134,8,1),(90,'W',NULL,'2009-11-18 00:00:00',0,NULL,NULL,NULL,NULL,NULL,NULL,134,8,1),(91,'W',NULL,'2009-11-19 00:00:00',0,NULL,NULL,NULL,NULL,NULL,NULL,134,8,1),(92,'W',NULL,'2009-11-20 00:00:00',0,NULL,NULL,NULL,NULL,NULL,NULL,134,8,1),(93,'W',NULL,'2009-11-21 00:00:00',0,NULL,NULL,NULL,NULL,NULL,NULL,134,8,1),(94,'W',NULL,'2009-11-22 00:00:00',0,NULL,NULL,NULL,NULL,NULL,NULL,134,8,1),(95,'W',NULL,'2009-11-23 00:00:00',0,NULL,NULL,NULL,NULL,NULL,NULL,134,8,1),(96,'W',NULL,'2009-11-24 00:00:00',0,NULL,NULL,NULL,NULL,NULL,NULL,134,8,1),(97,'W',NULL,'2009-11-25 00:00:00',0,NULL,NULL,NULL,NULL,NULL,NULL,134,8,1),(98,'W',NULL,'2009-11-26 00:00:00',0,NULL,NULL,NULL,NULL,NULL,NULL,134,8,1),(99,'W',NULL,'2009-11-27 00:00:00',0,NULL,NULL,NULL,NULL,NULL,NULL,134,8,1),(100,'W',NULL,'2009-11-28 00:00:00',0,NULL,NULL,NULL,NULL,NULL,NULL,134,8,1),(101,'W',NULL,'2009-11-29 00:00:00',0,NULL,NULL,NULL,NULL,NULL,NULL,134,8,1),(102,'W',NULL,'2009-11-01 00:00:00',0,NULL,NULL,NULL,NULL,NULL,NULL,148,8,1),(103,'W',NULL,'2009-11-02 00:00:00',0,NULL,NULL,NULL,NULL,NULL,NULL,148,8,1),(104,'W',NULL,'2009-11-03 00:00:00',0,NULL,NULL,NULL,NULL,NULL,NULL,148,8,1),(105,'W',NULL,'2009-11-04 00:00:00',0,NULL,NULL,NULL,NULL,NULL,NULL,148,8,1),(106,'W',NULL,'2009-11-05 00:00:00',0,NULL,NULL,NULL,NULL,NULL,NULL,148,8,1),(107,'W',NULL,'2009-11-06 00:00:00',0,NULL,NULL,NULL,NULL,NULL,NULL,148,8,1),(108,'W',NULL,'2009-11-07 00:00:00',0,NULL,NULL,NULL,NULL,NULL,NULL,148,8,1),(109,'W',NULL,'2009-11-08 00:00:00',0,NULL,NULL,NULL,NULL,NULL,NULL,148,8,1),(110,'W',NULL,'2009-11-09 00:00:00',0,NULL,NULL,NULL,NULL,NULL,NULL,148,8,1),(111,'W',NULL,'2009-11-10 00:00:00',0,NULL,NULL,NULL,NULL,NULL,NULL,148,8,1),(112,'W',NULL,'2009-11-11 00:00:00',0,NULL,NULL,NULL,NULL,NULL,NULL,148,8,1),(113,'W',NULL,'2009-11-12 00:00:00',0,NULL,NULL,NULL,NULL,NULL,NULL,148,8,1),(114,'W',NULL,'2009-11-13 00:00:00',0,NULL,NULL,NULL,NULL,NULL,NULL,148,8,1),(115,'W',NULL,'2009-11-14 00:00:00',0,NULL,NULL,NULL,NULL,NULL,NULL,148,8,1),(116,'W',NULL,'2009-11-15 00:00:00',0,NULL,NULL,NULL,NULL,NULL,NULL,148,8,1),(117,'W',NULL,'2009-11-16 00:00:00',0,NULL,NULL,NULL,NULL,NULL,NULL,148,8,1),(118,'W',NULL,'2009-11-17 00:00:00',0,NULL,NULL,NULL,NULL,NULL,NULL,148,8,1),(119,'W',NULL,'2009-11-18 00:00:00',0,NULL,NULL,NULL,NULL,NULL,NULL,148,8,1),(120,'W',NULL,'2009-11-19 00:00:00',0,NULL,NULL,NULL,NULL,NULL,NULL,148,8,1),(121,'W',NULL,'2009-11-20 00:00:00',0,NULL,NULL,NULL,NULL,NULL,NULL,148,8,1),(122,'W',NULL,'2009-11-21 00:00:00',0,NULL,NULL,NULL,NULL,NULL,NULL,148,8,1),(123,'W',NULL,'2009-11-22 00:00:00',0,NULL,NULL,NULL,NULL,NULL,NULL,148,8,1),(124,'W',NULL,'2009-11-23 00:00:00',0,NULL,NULL,NULL,NULL,NULL,NULL,148,8,1),(125,'W',NULL,'2009-11-24 00:00:00',0,NULL,NULL,NULL,NULL,NULL,NULL,148,8,1),(126,'W',NULL,'2009-11-25 00:00:00',0,NULL,NULL,NULL,NULL,NULL,NULL,148,8,1),(127,'W',NULL,'2009-11-26 00:00:00',0,NULL,NULL,NULL,NULL,NULL,NULL,148,8,1),(128,'W',NULL,'2009-11-27 00:00:00',0,NULL,NULL,NULL,NULL,NULL,NULL,148,8,1),(129,'W',NULL,'2009-11-28 00:00:00',0,NULL,NULL,NULL,NULL,NULL,NULL,148,8,1),(130,'W',NULL,'2009-11-29 00:00:00',0,NULL,NULL,NULL,NULL,NULL,NULL,148,8,1),(131,'W',NULL,'2009-12-09 00:00:00',0,NULL,NULL,NULL,NULL,NULL,NULL,19,11,3),(132,'W',NULL,'2009-12-10 00:00:00',0,NULL,NULL,NULL,NULL,NULL,NULL,19,11,3),(133,'W',NULL,'2009-12-11 00:00:00',0,NULL,NULL,NULL,NULL,NULL,NULL,19,11,3),(134,'W',NULL,'2009-12-12 00:00:00',0,NULL,NULL,NULL,NULL,NULL,NULL,19,11,3),(135,'W',NULL,'2009-12-13 00:00:00',0,NULL,NULL,NULL,NULL,NULL,NULL,19,11,3),(136,'W',NULL,'2009-12-14 00:00:00',0,NULL,NULL,NULL,NULL,NULL,NULL,19,11,3),(137,'W',NULL,'2009-12-15 00:00:00',0,NULL,NULL,NULL,NULL,NULL,NULL,19,11,3),(138,'W',NULL,'2009-12-16 00:00:00',0,NULL,NULL,NULL,NULL,NULL,NULL,19,11,3),(139,'W',NULL,'2009-12-17 00:00:00',0,NULL,NULL,NULL,NULL,NULL,NULL,19,11,3),(140,'W',NULL,'2009-12-18 00:00:00',0,NULL,NULL,NULL,NULL,NULL,NULL,19,11,3),(141,'W',NULL,'2009-12-19 00:00:00',0,NULL,NULL,NULL,NULL,NULL,NULL,19,11,3),(142,'W',NULL,'2009-12-20 00:00:00',0,NULL,NULL,NULL,NULL,NULL,NULL,19,11,3),(143,'W',NULL,'2009-12-21 00:00:00',0,NULL,NULL,NULL,NULL,NULL,NULL,19,11,3),(144,'W',NULL,'2009-12-22 00:00:00',0,NULL,NULL,NULL,NULL,NULL,NULL,19,11,3),(145,'W',NULL,'2009-12-23 00:00:00',0,NULL,NULL,NULL,NULL,NULL,NULL,19,11,3),(146,'W',NULL,'2009-01-01 00:00:00',0,NULL,NULL,NULL,NULL,NULL,NULL,32,12,14),(147,'W',NULL,'2009-01-02 00:00:00',0,NULL,NULL,NULL,NULL,NULL,NULL,32,12,14),(148,'W',NULL,'2009-01-03 00:00:00',0,NULL,NULL,NULL,NULL,NULL,NULL,32,12,14),(149,'W',NULL,'2009-01-04 00:00:00',0,NULL,NULL,NULL,NULL,NULL,NULL,32,12,14),(150,'W',NULL,'2009-01-05 00:00:00',0,NULL,NULL,NULL,NULL,NULL,NULL,32,12,14),(151,'W',NULL,'2009-01-06 00:00:00',0,NULL,NULL,NULL,NULL,NULL,NULL,32,12,14),(152,'W',NULL,'2009-01-07 00:00:00',0,NULL,NULL,NULL,NULL,NULL,NULL,32,12,14),(153,'W',NULL,'2009-01-08 00:00:00',0,NULL,NULL,NULL,NULL,NULL,NULL,32,12,14),(154,'W',NULL,'2009-01-09 00:00:00',0,NULL,NULL,NULL,NULL,NULL,NULL,32,12,14),(155,'W',NULL,'2009-01-10 00:00:00',0,NULL,NULL,NULL,NULL,NULL,NULL,32,12,14),(156,'W',NULL,'2009-01-11 00:00:00',0,NULL,NULL,NULL,NULL,NULL,NULL,32,12,14),(157,'W',NULL,'2009-01-12 00:00:00',0,NULL,NULL,NULL,NULL,NULL,NULL,32,12,14),(158,'W',NULL,'2009-01-13 00:00:00',0,NULL,NULL,NULL,NULL,NULL,NULL,32,12,14),(159,'W',NULL,'2009-01-14 00:00:00',0,NULL,NULL,NULL,NULL,NULL,NULL,32,12,14),(160,'W',NULL,'2009-01-16 00:00:00',0,NULL,NULL,NULL,NULL,NULL,NULL,32,12,1),(161,'W',NULL,'2009-01-17 00:00:00',0,NULL,NULL,NULL,NULL,NULL,NULL,32,12,1),(162,'W',NULL,'2009-01-18 00:00:00',0,NULL,NULL,NULL,NULL,NULL,NULL,32,12,1),(163,'W',NULL,'2009-01-19 00:00:00',0,NULL,NULL,NULL,NULL,NULL,NULL,32,12,1),(164,'W',NULL,'2009-01-20 00:00:00',0,NULL,NULL,NULL,NULL,NULL,NULL,32,12,1),(165,'W',NULL,'2009-01-21 00:00:00',0,NULL,NULL,NULL,NULL,NULL,NULL,32,12,1),(166,'W',NULL,'2009-01-22 00:00:00',0,NULL,NULL,NULL,NULL,NULL,NULL,32,12,1),(167,'W',NULL,'2009-01-23 00:00:00',0,NULL,NULL,NULL,NULL,NULL,NULL,32,12,1),(168,'W',NULL,'2009-01-24 00:00:00',0,NULL,NULL,NULL,NULL,NULL,NULL,32,12,1),(169,'W',NULL,'2009-01-25 00:00:00',0,NULL,NULL,NULL,NULL,NULL,NULL,32,12,1),(170,'W',NULL,'2009-01-26 00:00:00',0,NULL,NULL,NULL,NULL,NULL,NULL,32,12,1),(171,'W',NULL,'2009-01-27 00:00:00',0,NULL,NULL,NULL,NULL,NULL,NULL,32,12,1),(172,'W',NULL,'2009-01-28 00:00:00',0,NULL,NULL,NULL,NULL,NULL,NULL,32,12,1),(173,'W',NULL,'2009-01-29 00:00:00',0,NULL,NULL,NULL,NULL,NULL,NULL,32,12,1),(174,'W',NULL,'2009-01-30 00:00:00',0,NULL,NULL,NULL,NULL,NULL,NULL,32,12,1),(175,'W',NULL,'2009-01-31 00:00:00',0,NULL,NULL,NULL,NULL,NULL,NULL,32,12,1),(176,'W',NULL,'2009-02-01 00:00:00',0,NULL,NULL,NULL,NULL,NULL,NULL,32,12,1),(177,'W',NULL,'2009-02-02 00:00:00',0,NULL,NULL,NULL,NULL,NULL,NULL,32,12,1),(178,'W',NULL,'2009-02-03 00:00:00',0,NULL,NULL,NULL,NULL,NULL,NULL,32,12,1),(179,'W',NULL,'2009-02-04 00:00:00',0,NULL,NULL,NULL,NULL,NULL,NULL,32,12,1),(180,'W',NULL,'2009-02-05 00:00:00',0,NULL,NULL,NULL,NULL,NULL,NULL,32,12,1),(181,'W',NULL,'2009-02-06 00:00:00',0,NULL,NULL,NULL,NULL,NULL,NULL,32,12,1),(182,'W',NULL,'2009-02-07 00:00:00',0,NULL,NULL,NULL,NULL,NULL,NULL,32,12,1),(183,'W',NULL,'2009-02-08 00:00:00',0,NULL,NULL,NULL,NULL,NULL,NULL,32,12,1),(184,'W',NULL,'2009-02-09 00:00:00',0,NULL,NULL,NULL,NULL,NULL,NULL,32,12,1),(185,'W',NULL,'2009-02-10 00:00:00',0,NULL,NULL,NULL,NULL,NULL,NULL,32,12,1),(186,'W',NULL,'2009-02-11 00:00:00',0,NULL,NULL,NULL,NULL,NULL,NULL,32,12,1),(187,'W',NULL,'2009-02-12 00:00:00',0,NULL,NULL,NULL,NULL,NULL,NULL,32,12,1),(188,'W',NULL,'2009-02-13 00:00:00',0,NULL,NULL,NULL,NULL,NULL,NULL,32,12,1),(189,'W',NULL,'2009-02-14 00:00:00',0,NULL,NULL,NULL,NULL,NULL,NULL,32,12,1),(190,'W',NULL,'2009-02-15 00:00:00',0,NULL,NULL,NULL,NULL,NULL,NULL,32,12,1),(191,'W',NULL,'2009-02-16 00:00:00',0,NULL,NULL,NULL,NULL,NULL,NULL,32,12,1),(192,'W',NULL,'2009-02-17 00:00:00',0,NULL,NULL,NULL,NULL,NULL,NULL,32,12,1),(193,'W',NULL,'2009-02-18 00:00:00',0,NULL,NULL,NULL,NULL,NULL,NULL,32,12,1),(194,'W',NULL,'2009-02-19 00:00:00',0,NULL,NULL,NULL,NULL,NULL,NULL,32,12,1),(195,'W',NULL,'2009-02-20 00:00:00',0,NULL,NULL,NULL,NULL,NULL,NULL,32,12,1),(196,'W',NULL,'2009-02-21 00:00:00',0,NULL,NULL,NULL,NULL,NULL,NULL,32,12,1),(197,'W',NULL,'2009-02-22 00:00:00',0,NULL,NULL,NULL,NULL,NULL,NULL,32,12,1),(198,'W',NULL,'2009-02-23 00:00:00',0,NULL,NULL,NULL,NULL,NULL,NULL,32,12,1),(199,'W',NULL,'2009-02-24 00:00:00',0,NULL,NULL,NULL,NULL,NULL,NULL,32,12,1),(200,'W',NULL,'2009-02-25 00:00:00',0,NULL,NULL,NULL,NULL,NULL,NULL,32,12,1),(201,'W',NULL,'2009-02-26 00:00:00',0,NULL,NULL,NULL,NULL,NULL,NULL,32,12,1),(202,'W',NULL,'2009-02-27 00:00:00',0,NULL,NULL,NULL,NULL,NULL,NULL,32,12,1),(203,'W',NULL,'2009-02-28 00:00:00',0,NULL,NULL,NULL,NULL,NULL,NULL,32,12,1),(204,'W',NULL,'2009-03-01 00:00:00',0,NULL,NULL,NULL,NULL,NULL,NULL,32,12,1),(205,'W',NULL,'2009-03-02 00:00:00',0,NULL,NULL,NULL,NULL,NULL,NULL,32,12,1),(206,'W',NULL,'2009-03-03 00:00:00',0,NULL,NULL,NULL,NULL,NULL,NULL,32,12,1),(207,'W',NULL,'2009-03-04 00:00:00',0,NULL,NULL,NULL,NULL,NULL,NULL,32,12,1),(208,'W',NULL,'2009-03-05 00:00:00',0,NULL,NULL,NULL,NULL,NULL,NULL,32,12,1),(209,'W',NULL,'2009-03-06 00:00:00',0,NULL,NULL,NULL,NULL,NULL,NULL,32,12,1),(210,'W',NULL,'2009-03-07 00:00:00',0,NULL,NULL,NULL,NULL,NULL,NULL,32,12,1),(211,'W',NULL,'2009-03-08 00:00:00',0,NULL,NULL,NULL,NULL,NULL,NULL,32,12,1),(212,'W',NULL,'2009-03-09 00:00:00',0,NULL,NULL,NULL,NULL,NULL,NULL,32,12,1),(213,'W',NULL,'2009-03-10 00:00:00',0,NULL,NULL,NULL,NULL,NULL,NULL,32,12,1),(214,'W',NULL,'2009-03-11 00:00:00',0,NULL,NULL,NULL,NULL,NULL,NULL,32,12,1),(215,'W',NULL,'2009-03-12 00:00:00',0,NULL,NULL,NULL,NULL,NULL,NULL,32,12,1),(216,'W',NULL,'2009-03-13 00:00:00',0,NULL,NULL,NULL,NULL,NULL,NULL,32,12,1),(217,'W',NULL,'2009-03-14 00:00:00',0,NULL,NULL,NULL,NULL,NULL,NULL,32,12,1),(218,'W',NULL,'2009-03-15 00:00:00',0,NULL,NULL,NULL,NULL,NULL,NULL,32,12,1),(219,'W',NULL,'2009-03-16 00:00:00',0,NULL,NULL,NULL,NULL,NULL,NULL,32,12,1),(220,'W',NULL,'2009-03-17 00:00:00',0,NULL,NULL,NULL,NULL,NULL,NULL,32,12,1),(221,'W',NULL,'2009-03-18 00:00:00',0,NULL,NULL,NULL,NULL,NULL,NULL,32,12,1),(222,'W',NULL,'2009-03-19 00:00:00',0,NULL,NULL,NULL,NULL,NULL,NULL,32,12,1),(223,'W',NULL,'2009-03-20 00:00:00',0,NULL,NULL,NULL,NULL,NULL,NULL,32,12,1),(224,'W',NULL,'2009-03-21 00:00:00',0,NULL,NULL,NULL,NULL,NULL,NULL,32,12,1),(225,'W',NULL,'2009-03-22 00:00:00',0,NULL,NULL,NULL,NULL,NULL,NULL,32,12,1),(226,'W',NULL,'2009-03-23 00:00:00',0,NULL,NULL,NULL,NULL,NULL,NULL,32,12,1),(227,'W',NULL,'2009-03-24 00:00:00',0,NULL,NULL,NULL,NULL,NULL,NULL,32,12,1),(228,'W',NULL,'2009-03-25 00:00:00',0,NULL,NULL,NULL,NULL,NULL,NULL,32,12,1),(229,'W',NULL,'2009-03-26 00:00:00',0,NULL,NULL,NULL,NULL,NULL,NULL,32,12,1),(230,'W',NULL,'2009-03-27 00:00:00',0,NULL,NULL,NULL,NULL,NULL,NULL,32,12,1),(231,'W',NULL,'2009-03-28 00:00:00',0,NULL,NULL,NULL,NULL,NULL,NULL,32,12,1),(232,'W',NULL,'2009-03-29 00:00:00',0,NULL,NULL,NULL,NULL,NULL,NULL,32,12,1),(233,'W',NULL,'2009-03-30 00:00:00',0,NULL,NULL,NULL,NULL,NULL,NULL,32,12,1),(234,'W',NULL,'2009-03-31 00:00:00',0,NULL,NULL,NULL,NULL,NULL,NULL,32,12,1),(235,'W',NULL,'2009-04-01 00:00:00',0,NULL,NULL,NULL,NULL,NULL,NULL,32,12,1),(236,'W',NULL,'2009-04-02 00:00:00',0,NULL,NULL,NULL,NULL,NULL,NULL,32,12,1),(237,'W',NULL,'2009-04-03 00:00:00',0,NULL,NULL,NULL,NULL,NULL,NULL,32,12,1),(238,'W',NULL,'2009-04-04 00:00:00',0,NULL,NULL,NULL,NULL,NULL,NULL,32,12,1),(239,'W',NULL,'2009-04-05 00:00:00',0,NULL,NULL,NULL,NULL,NULL,NULL,32,12,1),(240,'W',NULL,'2009-04-06 00:00:00',0,NULL,NULL,NULL,NULL,NULL,NULL,32,12,1),(241,'W',NULL,'2009-04-07 00:00:00',0,NULL,NULL,NULL,NULL,NULL,NULL,32,12,1),(242,'W',NULL,'2009-04-08 00:00:00',0,NULL,NULL,NULL,NULL,NULL,NULL,32,12,1),(243,'W',NULL,'2009-04-09 00:00:00',0,NULL,NULL,NULL,NULL,NULL,NULL,32,12,1),(244,'W',NULL,'2009-04-10 00:00:00',0,NULL,NULL,NULL,NULL,NULL,NULL,32,12,1),(245,'W',NULL,'2009-04-11 00:00:00',0,NULL,NULL,NULL,NULL,NULL,NULL,32,12,1),(246,'W',NULL,'2009-04-12 00:00:00',0,NULL,NULL,NULL,NULL,NULL,NULL,32,12,1),(247,'W',NULL,'2009-04-13 00:00:00',0,NULL,NULL,NULL,NULL,NULL,NULL,32,12,1),(248,'W',NULL,'2009-04-14 00:00:00',0,NULL,NULL,NULL,NULL,NULL,NULL,32,12,1),(249,'W',NULL,'2009-04-15 00:00:00',0,NULL,NULL,NULL,NULL,NULL,NULL,32,12,1),(250,'W',NULL,'2009-04-16 00:00:00',0,NULL,NULL,NULL,NULL,NULL,NULL,32,12,1),(251,'W',NULL,'2009-04-17 00:00:00',0,NULL,NULL,NULL,NULL,NULL,NULL,32,12,1),(252,'W',NULL,'2009-04-18 00:00:00',0,NULL,NULL,NULL,NULL,NULL,NULL,32,12,1),(253,'W',NULL,'2009-04-19 00:00:00',0,NULL,NULL,NULL,NULL,NULL,NULL,32,12,1),(254,'W',NULL,'2009-04-20 00:00:00',0,NULL,NULL,NULL,NULL,NULL,NULL,32,12,1),(255,'W',NULL,'2009-04-21 00:00:00',0,NULL,NULL,NULL,NULL,NULL,NULL,32,12,1),(256,'W',NULL,'2009-04-22 00:00:00',0,NULL,NULL,NULL,NULL,NULL,NULL,32,12,1),(257,'W',NULL,'2009-04-23 00:00:00',0,NULL,NULL,NULL,NULL,NULL,NULL,32,12,1),(258,'W',NULL,'2009-04-24 00:00:00',0,NULL,NULL,NULL,NULL,NULL,NULL,32,12,1),(259,'W',NULL,'2009-04-25 00:00:00',0,NULL,NULL,NULL,NULL,NULL,NULL,32,12,1),(260,'W',NULL,'2009-04-26 00:00:00',0,NULL,NULL,NULL,NULL,NULL,NULL,32,12,1),(261,'W',NULL,'2009-04-27 00:00:00',0,NULL,NULL,NULL,NULL,NULL,NULL,32,12,1),(262,'W',NULL,'2009-04-28 00:00:00',0,NULL,NULL,NULL,NULL,NULL,NULL,32,12,1),(263,'W',NULL,'2009-04-29 00:00:00',0,NULL,NULL,NULL,NULL,NULL,NULL,32,12,1),(264,'W',NULL,'2009-04-30 00:00:00',0,NULL,NULL,NULL,NULL,NULL,NULL,32,12,1),(265,'W',NULL,'2009-05-01 00:00:00',0,NULL,NULL,NULL,NULL,NULL,NULL,32,12,1),(266,'W',NULL,'2009-05-02 00:00:00',0,NULL,NULL,NULL,NULL,NULL,NULL,32,12,1),(267,'W',NULL,'2009-05-03 00:00:00',0,NULL,NULL,NULL,NULL,NULL,NULL,32,12,1),(268,'W',NULL,'2009-05-04 00:00:00',0,NULL,NULL,NULL,NULL,NULL,NULL,32,12,1),(269,'W',NULL,'2009-05-05 00:00:00',0,NULL,NULL,NULL,NULL,NULL,NULL,32,12,1),(270,'W',NULL,'2009-05-06 00:00:00',0,NULL,NULL,NULL,NULL,NULL,NULL,32,12,1),(271,'W',NULL,'2009-05-07 00:00:00',0,NULL,NULL,NULL,NULL,NULL,NULL,32,12,1),(272,'W',NULL,'2009-05-08 00:00:00',0,NULL,NULL,NULL,NULL,NULL,NULL,32,12,1),(273,'W',NULL,'2009-05-09 00:00:00',0,NULL,NULL,NULL,NULL,NULL,NULL,32,12,1),(274,'W',NULL,'2009-05-10 00:00:00',0,NULL,NULL,NULL,NULL,NULL,NULL,32,12,1),(275,'W',NULL,'2009-05-11 00:00:00',0,NULL,NULL,NULL,NULL,NULL,NULL,32,12,1),(276,'W',NULL,'2009-05-12 00:00:00',0,NULL,NULL,NULL,NULL,NULL,NULL,32,12,1),(277,'W',NULL,'2009-05-13 00:00:00',0,NULL,NULL,NULL,NULL,NULL,NULL,32,12,1),(278,'W',NULL,'2009-05-14 00:00:00',0,NULL,NULL,NULL,NULL,NULL,NULL,32,12,1),(279,'W',NULL,'2009-05-15 00:00:00',0,NULL,NULL,NULL,NULL,NULL,NULL,32,12,1),(280,'W',NULL,'2009-05-16 00:00:00',0,NULL,NULL,NULL,NULL,NULL,NULL,32,12,1),(281,'W',NULL,'2009-05-17 00:00:00',0,NULL,NULL,NULL,NULL,NULL,NULL,32,12,1),(282,'W',NULL,'2009-05-18 00:00:00',0,NULL,NULL,NULL,NULL,NULL,NULL,32,12,1),(283,'W',NULL,'2009-05-19 00:00:00',0,NULL,NULL,NULL,NULL,NULL,NULL,32,12,1),(284,'W',NULL,'2009-05-20 00:00:00',0,NULL,NULL,NULL,NULL,NULL,NULL,32,12,1),(285,'W',NULL,'2009-05-21 00:00:00',0,NULL,NULL,NULL,NULL,NULL,NULL,32,12,1),(286,'W',NULL,'2009-05-22 00:00:00',0,NULL,NULL,NULL,NULL,NULL,NULL,32,12,1),(287,'W',NULL,'2009-05-23 00:00:00',0,NULL,NULL,NULL,NULL,NULL,NULL,32,12,1),(288,'W',NULL,'2009-05-24 00:00:00',0,NULL,NULL,NULL,NULL,NULL,NULL,32,12,1),(289,'W',NULL,'2009-05-25 00:00:00',0,NULL,NULL,NULL,NULL,NULL,NULL,32,12,1),(290,'W',NULL,'2009-05-26 00:00:00',0,NULL,NULL,NULL,NULL,NULL,NULL,32,12,1),(291,'W',NULL,'2009-05-27 00:00:00',0,NULL,NULL,NULL,NULL,NULL,NULL,32,12,1),(292,'W',NULL,'2009-05-28 00:00:00',0,NULL,NULL,NULL,NULL,NULL,NULL,32,12,1),(293,'W',NULL,'2009-05-29 00:00:00',0,NULL,NULL,NULL,NULL,NULL,NULL,32,12,1),(294,'W',NULL,'2009-05-30 00:00:00',0,NULL,NULL,NULL,NULL,NULL,NULL,32,12,1),(295,'W',NULL,'2009-05-31 00:00:00',0,NULL,NULL,NULL,NULL,NULL,NULL,32,12,1),(296,'W',NULL,'2009-06-01 00:00:00',0,NULL,NULL,NULL,NULL,NULL,NULL,32,12,1),(297,'W',NULL,'2009-06-02 00:00:00',0,NULL,NULL,NULL,NULL,NULL,NULL,32,12,1),(298,'W',NULL,'2009-06-03 00:00:00',0,NULL,NULL,NULL,NULL,NULL,NULL,32,12,1),(299,'W',NULL,'2009-06-04 00:00:00',0,NULL,NULL,NULL,NULL,NULL,NULL,32,12,1),(300,'W',NULL,'2009-06-05 00:00:00',0,NULL,NULL,NULL,NULL,NULL,NULL,32,12,1),(301,'W',NULL,'2009-06-06 00:00:00',0,NULL,NULL,NULL,NULL,NULL,NULL,32,12,1),(302,'W',NULL,'2009-06-07 00:00:00',0,NULL,NULL,NULL,NULL,NULL,NULL,32,12,1),(303,'W',NULL,'2009-06-08 00:00:00',0,NULL,NULL,NULL,NULL,NULL,NULL,32,12,1),(304,'W',NULL,'2009-06-09 00:00:00',0,NULL,NULL,NULL,NULL,NULL,NULL,32,12,1),(305,'W',NULL,'2009-06-10 00:00:00',0,NULL,NULL,NULL,NULL,NULL,NULL,32,12,1),(306,'W',NULL,'2009-06-11 00:00:00',0,NULL,NULL,NULL,NULL,NULL,NULL,32,12,1),(307,'W',NULL,'2009-06-12 00:00:00',0,NULL,NULL,NULL,NULL,NULL,NULL,32,12,1),(308,'W',NULL,'2009-06-13 00:00:00',0,NULL,NULL,NULL,NULL,NULL,NULL,32,12,1),(309,'W',NULL,'2009-06-14 00:00:00',0,NULL,NULL,NULL,NULL,NULL,NULL,32,12,1),(310,'W',NULL,'2009-06-15 00:00:00',0,NULL,NULL,NULL,NULL,NULL,NULL,32,12,1),(311,'W',NULL,'2009-06-16 00:00:00',0,NULL,NULL,NULL,NULL,NULL,NULL,32,12,1),(312,'W',NULL,'2009-06-17 00:00:00',0,NULL,NULL,NULL,NULL,NULL,NULL,32,12,1),(313,'W',NULL,'2009-06-18 00:00:00',0,NULL,NULL,NULL,NULL,NULL,NULL,32,12,1),(314,'W',NULL,'2009-06-19 00:00:00',0,NULL,NULL,NULL,NULL,NULL,NULL,32,12,1),(315,'W',NULL,'2009-06-20 00:00:00',0,NULL,NULL,NULL,NULL,NULL,NULL,32,12,1),(316,'W',NULL,'2009-06-21 00:00:00',0,NULL,NULL,NULL,NULL,NULL,NULL,32,12,1),(317,'W',NULL,'2009-06-22 00:00:00',0,NULL,NULL,NULL,NULL,NULL,NULL,32,12,1),(318,'W',NULL,'2009-06-23 00:00:00',0,NULL,NULL,NULL,NULL,NULL,NULL,32,12,1),(319,'W',NULL,'2009-06-24 00:00:00',0,NULL,NULL,NULL,NULL,NULL,NULL,32,12,1),(320,'W',NULL,'2009-06-25 00:00:00',0,NULL,NULL,NULL,NULL,NULL,NULL,32,12,1),(321,'W',NULL,'2009-06-26 00:00:00',0,NULL,NULL,NULL,NULL,NULL,NULL,32,12,1),(322,'W',NULL,'2009-06-27 00:00:00',0,NULL,NULL,NULL,NULL,NULL,NULL,32,12,1),(323,'W',NULL,'2009-06-28 00:00:00',0,NULL,NULL,NULL,NULL,NULL,NULL,32,12,1),(324,'W',NULL,'2009-06-29 00:00:00',0,NULL,NULL,NULL,NULL,NULL,NULL,32,12,1),(325,'W',NULL,'2009-06-30 00:00:00',0,NULL,NULL,NULL,NULL,NULL,NULL,32,12,1),(326,'W',NULL,'2009-07-01 00:00:00',0,NULL,NULL,NULL,NULL,NULL,NULL,32,12,1),(327,'W',NULL,'2009-07-02 00:00:00',0,NULL,NULL,NULL,NULL,NULL,NULL,32,12,1),(328,'W',NULL,'2009-07-03 00:00:00',0,NULL,NULL,NULL,NULL,NULL,NULL,32,12,1),(329,'W',NULL,'2009-07-04 00:00:00',0,NULL,NULL,NULL,NULL,NULL,NULL,32,12,1),(330,'W',NULL,'2009-07-05 00:00:00',0,NULL,NULL,NULL,NULL,NULL,NULL,32,12,1),(331,'W',NULL,'2009-07-06 00:00:00',0,NULL,NULL,NULL,NULL,NULL,NULL,32,12,1),(332,'W',NULL,'2009-07-07 00:00:00',0,NULL,NULL,NULL,NULL,NULL,NULL,32,12,1),(333,'W',NULL,'2009-07-08 00:00:00',0,NULL,NULL,NULL,NULL,NULL,NULL,32,12,1),(334,'W',NULL,'2009-07-09 00:00:00',0,NULL,NULL,NULL,NULL,NULL,NULL,32,12,1),(335,'W',NULL,'2009-07-10 00:00:00',0,NULL,NULL,NULL,NULL,NULL,NULL,32,12,1),(336,'W',NULL,'2009-07-11 00:00:00',0,NULL,NULL,NULL,NULL,NULL,NULL,32,12,1),(337,'W',NULL,'2009-07-12 00:00:00',0,NULL,NULL,NULL,NULL,NULL,NULL,32,12,1),(338,'W',NULL,'2009-07-13 00:00:00',0,NULL,NULL,NULL,NULL,NULL,NULL,32,12,1),(339,'W',NULL,'2009-07-14 00:00:00',0,NULL,NULL,NULL,NULL,NULL,NULL,32,12,1),(340,'W',NULL,'2009-07-15 00:00:00',0,NULL,NULL,NULL,NULL,NULL,NULL,32,12,1),(341,'W',NULL,'2009-07-16 00:00:00',0,NULL,NULL,NULL,NULL,NULL,NULL,32,12,1),(342,'W',NULL,'2009-07-17 00:00:00',0,NULL,NULL,NULL,NULL,NULL,NULL,32,12,1),(343,'W',NULL,'2009-07-18 00:00:00',0,NULL,NULL,NULL,NULL,NULL,NULL,32,12,1),(344,'W',NULL,'2009-07-19 00:00:00',0,NULL,NULL,NULL,NULL,NULL,NULL,32,12,1),(345,'W',NULL,'2009-07-20 00:00:00',0,NULL,NULL,NULL,NULL,NULL,NULL,32,12,1),(346,'W',NULL,'2009-07-21 00:00:00',0,NULL,NULL,NULL,NULL,NULL,NULL,32,12,1),(347,'W',NULL,'2009-07-22 00:00:00',0,NULL,NULL,NULL,NULL,NULL,NULL,32,12,1),(348,'W',NULL,'2009-07-23 00:00:00',0,NULL,NULL,NULL,NULL,NULL,NULL,32,12,1),(349,'W',NULL,'2009-07-24 00:00:00',0,NULL,NULL,NULL,NULL,NULL,NULL,32,12,1),(350,'W',NULL,'2009-07-25 00:00:00',0,NULL,NULL,NULL,NULL,NULL,NULL,32,12,1),(351,'W',NULL,'2009-07-26 00:00:00',0,NULL,NULL,NULL,NULL,NULL,NULL,32,12,1),(352,'W',NULL,'2009-07-27 00:00:00',0,NULL,NULL,NULL,NULL,NULL,NULL,32,12,1),(353,'W',NULL,'2009-07-28 00:00:00',0,NULL,NULL,NULL,NULL,NULL,NULL,32,12,1),(354,'W',NULL,'2009-07-29 00:00:00',0,NULL,NULL,NULL,NULL,NULL,NULL,32,12,1),(355,'W',NULL,'2009-07-30 00:00:00',0,NULL,NULL,NULL,NULL,NULL,NULL,32,12,1),(356,'W',NULL,'2009-07-31 00:00:00',0,NULL,NULL,NULL,NULL,NULL,NULL,32,12,1),(357,'W',NULL,'2009-08-01 00:00:00',0,NULL,NULL,NULL,NULL,NULL,NULL,32,12,1),(358,'W',NULL,'2009-08-02 00:00:00',0,NULL,NULL,NULL,NULL,NULL,NULL,32,12,1),(359,'W',NULL,'2009-08-03 00:00:00',0,NULL,NULL,NULL,NULL,NULL,NULL,32,12,1),(360,'W',NULL,'2009-08-04 00:00:00',0,NULL,NULL,NULL,NULL,NULL,NULL,32,12,1),(361,'W',NULL,'2009-08-05 00:00:00',0,NULL,NULL,NULL,NULL,NULL,NULL,32,12,1),(362,'W',NULL,'2009-08-06 00:00:00',0,NULL,NULL,NULL,NULL,NULL,NULL,32,12,1),(363,'W',NULL,'2009-08-07 00:00:00',0,NULL,NULL,NULL,NULL,NULL,NULL,32,12,1),(364,'W',NULL,'2009-08-08 00:00:00',0,NULL,NULL,NULL,NULL,NULL,NULL,32,12,1),(365,'W',NULL,'2009-08-09 00:00:00',0,NULL,NULL,NULL,NULL,NULL,NULL,32,12,1),(366,'W',NULL,'2009-08-10 00:00:00',0,NULL,NULL,NULL,NULL,NULL,NULL,32,12,1),(367,'W',NULL,'2009-08-11 00:00:00',0,NULL,NULL,NULL,NULL,NULL,NULL,32,12,1),(368,'W',NULL,'2009-08-12 00:00:00',0,NULL,NULL,NULL,NULL,NULL,NULL,32,12,1),(369,'W',NULL,'2009-08-13 00:00:00',0,NULL,NULL,NULL,NULL,NULL,NULL,32,12,1),(370,'W',NULL,'2009-08-14 00:00:00',0,NULL,NULL,NULL,NULL,NULL,NULL,32,12,1),(371,'W',NULL,'2009-08-15 00:00:00',0,NULL,NULL,NULL,NULL,NULL,NULL,32,12,1),(372,'W',NULL,'2009-08-16 00:00:00',0,NULL,NULL,NULL,NULL,NULL,NULL,32,12,1),(373,'W',NULL,'2009-08-17 00:00:00',0,NULL,NULL,NULL,NULL,NULL,NULL,32,12,1),(374,'W',NULL,'2009-08-18 00:00:00',0,NULL,NULL,NULL,NULL,NULL,NULL,32,12,1),(375,'W',NULL,'2009-08-19 00:00:00',0,NULL,NULL,NULL,NULL,NULL,NULL,32,12,1),(376,'W',NULL,'2009-08-20 00:00:00',0,NULL,NULL,NULL,NULL,NULL,NULL,32,12,1),(377,'W',NULL,'2009-08-21 00:00:00',0,NULL,NULL,NULL,NULL,NULL,NULL,32,12,1),(378,'W',NULL,'2009-08-22 00:00:00',0,NULL,NULL,NULL,NULL,NULL,NULL,32,12,1),(379,'W',NULL,'2009-08-23 00:00:00',0,NULL,NULL,NULL,NULL,NULL,NULL,32,12,1),(380,'W',NULL,'2009-08-24 00:00:00',0,NULL,NULL,NULL,NULL,NULL,NULL,32,12,1),(381,'W',NULL,'2009-08-25 00:00:00',0,NULL,NULL,NULL,NULL,NULL,NULL,32,12,1),(382,'W',NULL,'2009-08-26 00:00:00',0,NULL,NULL,NULL,NULL,NULL,NULL,32,12,1),(383,'W',NULL,'2009-08-27 00:00:00',0,NULL,NULL,NULL,NULL,NULL,NULL,32,12,1),(384,'W',NULL,'2009-08-28 00:00:00',0,NULL,NULL,NULL,NULL,NULL,NULL,32,12,1),(385,'W',NULL,'2009-08-29 00:00:00',0,NULL,NULL,NULL,NULL,NULL,NULL,32,12,1),(386,'W',NULL,'2009-08-30 00:00:00',0,NULL,NULL,NULL,NULL,NULL,NULL,32,12,1),(387,'W',NULL,'2009-08-31 00:00:00',0,NULL,NULL,NULL,NULL,NULL,NULL,32,12,1),(388,'W',NULL,'2009-09-01 00:00:00',0,NULL,NULL,NULL,NULL,NULL,NULL,32,12,1),(389,'W',NULL,'2009-09-02 00:00:00',0,NULL,NULL,NULL,NULL,NULL,NULL,32,12,1),(390,'W',NULL,'2009-09-03 00:00:00',0,NULL,NULL,NULL,NULL,NULL,NULL,32,12,1),(391,'W',NULL,'2009-09-04 00:00:00',0,NULL,NULL,NULL,NULL,NULL,NULL,32,12,1),(392,'W',NULL,'2009-09-05 00:00:00',0,NULL,NULL,NULL,NULL,NULL,NULL,32,12,1),(393,'W',NULL,'2009-09-06 00:00:00',0,NULL,NULL,NULL,NULL,NULL,NULL,32,12,1),(394,'W',NULL,'2009-09-07 00:00:00',0,NULL,NULL,NULL,NULL,NULL,NULL,32,12,1),(395,'W',NULL,'2009-09-08 00:00:00',0,NULL,NULL,NULL,NULL,NULL,NULL,32,12,1),(396,'W',NULL,'2009-09-09 00:00:00',0,NULL,NULL,NULL,NULL,NULL,NULL,32,12,1),(397,'W',NULL,'2009-09-10 00:00:00',0,NULL,NULL,NULL,NULL,NULL,NULL,32,12,1),(398,'W',NULL,'2009-09-11 00:00:00',0,NULL,NULL,NULL,NULL,NULL,NULL,32,12,1),(399,'W',NULL,'2009-09-12 00:00:00',0,NULL,NULL,NULL,NULL,NULL,NULL,32,12,1),(400,'W',NULL,'2009-09-13 00:00:00',0,NULL,NULL,NULL,NULL,NULL,NULL,32,12,1),(401,'W',NULL,'2009-09-14 00:00:00',0,NULL,NULL,NULL,NULL,NULL,NULL,32,12,1),(402,'W',NULL,'2009-09-15 00:00:00',0,NULL,NULL,NULL,NULL,NULL,NULL,32,12,1),(403,'W',NULL,'2009-09-16 00:00:00',0,NULL,NULL,NULL,NULL,NULL,NULL,32,12,1),(404,'W',NULL,'2009-09-17 00:00:00',0,NULL,NULL,NULL,NULL,NULL,NULL,32,12,1),(405,'W',NULL,'2009-09-18 00:00:00',0,NULL,NULL,NULL,NULL,NULL,NULL,32,12,1),(406,'W',NULL,'2009-09-19 00:00:00',0,NULL,NULL,NULL,NULL,NULL,NULL,32,12,1),(407,'W',NULL,'2009-09-20 00:00:00',0,NULL,NULL,NULL,NULL,NULL,NULL,32,12,1),(408,'W',NULL,'2009-09-21 00:00:00',0,NULL,NULL,NULL,NULL,NULL,NULL,32,12,1),(409,'W',NULL,'2009-09-22 00:00:00',0,NULL,NULL,NULL,NULL,NULL,NULL,32,12,1),(410,'W',NULL,'2009-09-23 00:00:00',0,NULL,NULL,NULL,NULL,NULL,NULL,32,12,1),(411,'W',NULL,'2009-09-24 00:00:00',0,NULL,NULL,NULL,NULL,NULL,NULL,32,12,1),(412,'W',NULL,'2009-09-25 00:00:00',0,NULL,NULL,NULL,NULL,NULL,NULL,32,12,1),(413,'W',NULL,'2009-09-26 00:00:00',0,NULL,NULL,NULL,NULL,NULL,NULL,32,12,1),(414,'W',NULL,'2009-09-27 00:00:00',0,NULL,NULL,NULL,NULL,NULL,NULL,32,12,1),(415,'W',NULL,'2009-09-28 00:00:00',0,NULL,NULL,NULL,NULL,NULL,NULL,32,12,1),(416,'W',NULL,'2009-09-29 00:00:00',0,NULL,NULL,NULL,NULL,NULL,NULL,32,12,1),(417,'W',NULL,'2009-09-30 00:00:00',0,NULL,NULL,NULL,NULL,NULL,NULL,32,12,1),(418,'W',NULL,'2009-10-01 00:00:00',0,NULL,NULL,NULL,NULL,NULL,NULL,32,12,1),(419,'W',NULL,'2009-10-02 00:00:00',0,NULL,NULL,NULL,NULL,NULL,NULL,32,12,1),(420,'W',NULL,'2009-10-03 00:00:00',0,NULL,NULL,NULL,NULL,NULL,NULL,32,12,1),(421,'W',NULL,'2009-10-04 00:00:00',0,NULL,NULL,NULL,NULL,NULL,NULL,32,12,1),(422,'W',NULL,'2009-10-05 00:00:00',0,NULL,NULL,NULL,NULL,NULL,NULL,32,12,1),(423,'W',NULL,'2009-10-06 00:00:00',0,NULL,NULL,NULL,NULL,NULL,NULL,32,12,1),(424,'W',NULL,'2009-10-07 00:00:00',0,NULL,NULL,NULL,NULL,NULL,NULL,32,12,1),(425,'W',NULL,'2009-10-08 00:00:00',0,NULL,NULL,NULL,NULL,NULL,NULL,32,12,1),(426,'W',NULL,'2009-10-09 00:00:00',0,NULL,NULL,NULL,NULL,NULL,NULL,32,12,1),(427,'W',NULL,'2009-10-10 00:00:00',0,NULL,NULL,NULL,NULL,NULL,NULL,32,12,1),(428,'W',NULL,'2009-10-11 00:00:00',0,NULL,NULL,NULL,NULL,NULL,NULL,32,12,1),(429,'W',NULL,'2009-10-12 00:00:00',0,NULL,NULL,NULL,NULL,NULL,NULL,32,12,1),(430,'W',NULL,'2009-10-13 00:00:00',0,NULL,NULL,NULL,NULL,NULL,NULL,32,12,1),(431,'W',NULL,'2009-10-14 00:00:00',0,NULL,NULL,NULL,NULL,NULL,NULL,32,12,1),(432,'W',NULL,'2009-10-15 00:00:00',0,NULL,NULL,NULL,NULL,NULL,NULL,32,12,1),(433,'W',NULL,'2009-10-16 00:00:00',0,NULL,NULL,NULL,NULL,NULL,NULL,32,12,1),(434,'W',NULL,'2009-10-17 00:00:00',0,NULL,NULL,NULL,NULL,NULL,NULL,32,12,1),(435,'W',NULL,'2009-10-18 00:00:00',0,NULL,NULL,NULL,NULL,NULL,NULL,32,12,1),(436,'W',NULL,'2009-10-19 00:00:00',0,NULL,NULL,NULL,NULL,NULL,NULL,32,12,1),(437,'W',NULL,'2009-10-20 00:00:00',0,NULL,NULL,NULL,NULL,NULL,NULL,32,12,1),(438,'W',NULL,'2009-10-21 00:00:00',0,NULL,NULL,NULL,NULL,NULL,NULL,32,12,1),(439,'W',NULL,'2009-10-22 00:00:00',0,NULL,NULL,NULL,NULL,NULL,NULL,32,12,1),(440,'W',NULL,'2009-10-23 00:00:00',0,NULL,NULL,NULL,NULL,NULL,NULL,32,12,1),(441,'W',NULL,'2009-10-24 00:00:00',0,NULL,NULL,NULL,NULL,NULL,NULL,32,12,1),(442,'W',NULL,'2009-10-25 00:00:00',0,NULL,NULL,NULL,NULL,NULL,NULL,32,12,1),(443,'W',NULL,'2009-10-26 00:00:00',0,NULL,NULL,NULL,NULL,NULL,NULL,32,12,1),(444,'W',NULL,'2009-10-27 00:00:00',0,NULL,NULL,NULL,NULL,NULL,NULL,32,12,1),(445,'W',NULL,'2009-10-28 00:00:00',0,NULL,NULL,NULL,NULL,NULL,NULL,32,12,1),(446,'W',NULL,'2009-10-29 00:00:00',0,NULL,NULL,NULL,NULL,NULL,NULL,32,12,1),(447,'W',NULL,'2009-10-30 00:00:00',0,NULL,NULL,NULL,NULL,NULL,NULL,32,12,1),(448,'W',NULL,'2009-10-31 00:00:00',0,NULL,NULL,NULL,NULL,NULL,NULL,32,12,1),(449,'W',NULL,'2009-11-01 00:00:00',0,NULL,NULL,NULL,NULL,NULL,NULL,32,12,1),(450,'W',NULL,'2009-11-02 00:00:00',0,NULL,NULL,NULL,NULL,NULL,NULL,32,12,1),(451,'W',NULL,'2009-11-03 00:00:00',0,NULL,NULL,NULL,NULL,NULL,NULL,32,12,1),(452,'W',NULL,'2009-11-04 00:00:00',0,NULL,NULL,NULL,NULL,NULL,NULL,32,12,1),(453,'W',NULL,'2009-11-05 00:00:00',0,NULL,NULL,NULL,NULL,NULL,NULL,32,12,1),(454,'W',NULL,'2009-11-06 00:00:00',0,NULL,NULL,NULL,NULL,NULL,NULL,32,12,1),(455,'W',NULL,'2009-11-07 00:00:00',0,NULL,NULL,NULL,NULL,NULL,NULL,32,12,1),(456,'W',NULL,'2009-11-08 00:00:00',0,NULL,NULL,NULL,NULL,NULL,NULL,32,12,1),(457,'W',NULL,'2009-11-09 00:00:00',0,NULL,NULL,NULL,NULL,NULL,NULL,32,12,1),(458,'W',NULL,'2009-11-10 00:00:00',0,NULL,NULL,NULL,NULL,NULL,NULL,32,12,1),(459,'W',NULL,'2009-11-11 00:00:00',0,NULL,NULL,NULL,NULL,NULL,NULL,32,12,1),(460,'W',NULL,'2009-11-12 00:00:00',0,NULL,NULL,NULL,NULL,NULL,NULL,32,12,1),(461,'W',NULL,'2009-11-13 00:00:00',0,NULL,NULL,NULL,NULL,NULL,NULL,32,12,1),(462,'W',NULL,'2009-11-14 00:00:00',0,NULL,NULL,NULL,NULL,NULL,NULL,32,12,1),(463,'W',NULL,'2009-11-15 00:00:00',0,NULL,NULL,NULL,NULL,NULL,NULL,32,12,1),(464,'W',NULL,'2009-11-16 00:00:00',0,NULL,NULL,NULL,NULL,NULL,NULL,32,12,1),(465,'W',NULL,'2009-11-17 00:00:00',0,NULL,NULL,NULL,NULL,NULL,NULL,32,12,1),(466,'W',NULL,'2009-11-18 00:00:00',0,NULL,NULL,NULL,NULL,NULL,NULL,32,12,1),(467,'W',NULL,'2009-11-19 00:00:00',0,NULL,NULL,NULL,NULL,NULL,NULL,32,12,1),(468,'W',NULL,'2009-11-20 00:00:00',0,NULL,NULL,NULL,NULL,NULL,NULL,32,12,1),(469,'W',NULL,'2009-11-21 00:00:00',0,NULL,NULL,NULL,NULL,NULL,NULL,32,12,1),(470,'W',NULL,'2009-11-22 00:00:00',0,NULL,NULL,NULL,NULL,NULL,NULL,32,12,1),(471,'W',NULL,'2009-11-23 00:00:00',0,NULL,NULL,NULL,NULL,NULL,NULL,32,12,1),(472,'W',NULL,'2009-11-24 00:00:00',0,NULL,NULL,NULL,NULL,NULL,NULL,32,12,1),(473,'W',NULL,'2009-11-25 00:00:00',0,NULL,NULL,NULL,NULL,NULL,NULL,32,12,1),(474,'W',NULL,'2009-11-26 00:00:00',0,NULL,NULL,NULL,NULL,NULL,NULL,32,12,1),(475,'W',NULL,'2009-11-27 00:00:00',0,NULL,NULL,NULL,NULL,NULL,NULL,32,12,1),(476,'W',NULL,'2009-11-28 00:00:00',0,NULL,NULL,NULL,NULL,NULL,NULL,32,12,1),(477,'W',NULL,'2009-11-29 00:00:00',0,NULL,NULL,NULL,NULL,NULL,NULL,32,12,1),(478,'W',NULL,'2009-11-30 00:00:00',0,NULL,NULL,NULL,NULL,NULL,NULL,32,12,1),(479,'W',NULL,'2009-12-01 00:00:00',0,NULL,NULL,NULL,NULL,NULL,NULL,32,12,1),(480,'W',NULL,'2009-12-02 00:00:00',0,NULL,NULL,NULL,NULL,NULL,NULL,32,12,1),(481,'W',NULL,'2009-12-03 00:00:00',0,NULL,NULL,NULL,NULL,NULL,NULL,32,12,1),(482,'W',NULL,'2009-12-04 00:00:00',0,NULL,NULL,NULL,NULL,NULL,NULL,32,12,1),(483,'W',NULL,'2009-12-05 00:00:00',0,NULL,NULL,NULL,NULL,NULL,NULL,32,12,1),(484,'W',NULL,'2009-12-06 00:00:00',0,NULL,NULL,NULL,NULL,NULL,NULL,32,12,1),(485,'W',NULL,'2009-12-07 00:00:00',0,NULL,NULL,NULL,NULL,NULL,NULL,32,12,1),(486,'W',NULL,'2009-12-08 00:00:00',0,NULL,NULL,NULL,NULL,NULL,NULL,32,12,1),(487,'W',NULL,'2009-12-09 00:00:00',0,NULL,NULL,NULL,NULL,NULL,NULL,32,12,1),(488,'W',NULL,'2009-12-10 00:00:00',0,NULL,NULL,NULL,NULL,NULL,NULL,32,12,1),(489,'W',NULL,'2009-12-11 00:00:00',0,NULL,NULL,NULL,NULL,NULL,NULL,32,12,1),(490,'W',NULL,'2009-12-12 00:00:00',0,NULL,NULL,NULL,NULL,NULL,NULL,32,12,1),(491,'W',NULL,'2009-12-13 00:00:00',0,NULL,NULL,NULL,NULL,NULL,NULL,32,12,1),(492,'W',NULL,'2009-12-14 00:00:00',0,NULL,NULL,NULL,NULL,NULL,NULL,32,12,1),(493,'W',NULL,'2009-12-15 00:00:00',0,NULL,NULL,NULL,NULL,NULL,NULL,32,12,1),(494,'W',NULL,'2009-12-16 00:00:00',0,NULL,NULL,NULL,NULL,NULL,NULL,32,12,1),(495,'W',NULL,'2009-12-17 00:00:00',0,NULL,NULL,NULL,NULL,NULL,NULL,32,12,1),(496,'W',NULL,'2009-12-18 00:00:00',0,NULL,NULL,NULL,NULL,NULL,NULL,32,12,1),(497,'W',NULL,'2009-12-19 00:00:00',0,NULL,NULL,NULL,NULL,NULL,NULL,32,12,1),(498,'W',NULL,'2009-12-20 00:00:00',0,NULL,NULL,NULL,NULL,NULL,NULL,32,12,1),(499,'W',NULL,'2009-12-21 00:00:00',0,NULL,NULL,NULL,NULL,NULL,NULL,32,12,1),(500,'W',NULL,'2009-12-22 00:00:00',0,NULL,NULL,NULL,NULL,NULL,NULL,32,12,1),(501,'W',NULL,'2009-12-23 00:00:00',0,NULL,NULL,NULL,NULL,NULL,NULL,32,12,1),(502,'W',NULL,'2009-12-24 00:00:00',0,NULL,NULL,NULL,NULL,NULL,NULL,32,12,1),(503,'W',NULL,'2009-12-25 00:00:00',0,NULL,NULL,NULL,NULL,NULL,NULL,32,12,1),(504,'W',NULL,'2009-12-26 00:00:00',0,NULL,NULL,NULL,NULL,NULL,NULL,32,12,1),(505,'W',NULL,'2009-12-27 00:00:00',0,NULL,NULL,NULL,NULL,NULL,NULL,32,12,1),(506,'W',NULL,'2009-12-28 00:00:00',0,NULL,NULL,NULL,NULL,NULL,NULL,32,12,1),(507,'W',NULL,'2009-12-29 00:00:00',0,NULL,NULL,NULL,NULL,NULL,NULL,32,12,1),(508,'W',NULL,'2009-12-30 00:00:00',0,NULL,NULL,NULL,NULL,NULL,NULL,32,12,1),(509,'W',NULL,'2009-12-31 00:00:00',0,NULL,NULL,NULL,NULL,NULL,NULL,32,12,1),(510,'W',NULL,'2010-01-01 00:00:00',0,NULL,NULL,NULL,NULL,NULL,NULL,32,12,1),(511,'W',NULL,'2010-01-02 00:00:00',0,NULL,NULL,NULL,NULL,NULL,NULL,32,12,1),(512,'W',NULL,'2010-01-03 00:00:00',0,NULL,NULL,NULL,NULL,NULL,NULL,32,12,1),(513,'W',NULL,'2010-01-04 00:00:00',0,NULL,NULL,NULL,NULL,NULL,NULL,32,12,1),(514,'W',NULL,'2010-01-05 00:00:00',0,NULL,NULL,NULL,NULL,NULL,NULL,32,12,1),(515,'W',NULL,'2010-01-06 00:00:00',0,NULL,NULL,NULL,NULL,NULL,NULL,32,12,1),(516,'W',NULL,'2010-01-07 00:00:00',0,NULL,NULL,NULL,NULL,NULL,NULL,32,12,1),(517,'W',NULL,'2010-01-08 00:00:00',0,NULL,NULL,NULL,NULL,NULL,NULL,32,12,1),(518,'W',NULL,'2010-01-09 00:00:00',0,NULL,NULL,NULL,NULL,NULL,NULL,32,12,1),(519,'W',NULL,'2010-01-10 00:00:00',0,NULL,NULL,NULL,NULL,NULL,NULL,32,12,1),(520,'W',NULL,'2010-01-11 00:00:00',0,NULL,NULL,NULL,NULL,NULL,NULL,32,12,1),(521,'W',NULL,'2010-01-12 00:00:00',0,NULL,NULL,NULL,NULL,NULL,NULL,32,12,1),(522,'W',NULL,'2010-01-13 00:00:00',0,NULL,NULL,NULL,NULL,NULL,NULL,32,12,1),(523,'W',NULL,'2010-01-14 00:00:00',0,NULL,NULL,NULL,NULL,NULL,NULL,32,12,1),(524,'W',NULL,'2010-01-15 00:00:00',0,NULL,NULL,NULL,NULL,NULL,NULL,32,12,1),(525,'W',NULL,'2010-01-16 00:00:00',0,NULL,NULL,NULL,NULL,NULL,NULL,32,12,1),(526,'W',NULL,'2010-01-17 00:00:00',0,NULL,NULL,NULL,NULL,NULL,NULL,32,12,1),(527,'W',NULL,'2010-01-18 00:00:00',0,NULL,NULL,NULL,NULL,NULL,NULL,32,12,1),(528,'W',NULL,'2010-01-19 00:00:00',0,NULL,NULL,NULL,NULL,NULL,NULL,32,12,1),(529,'W',NULL,'2010-01-20 00:00:00',0,NULL,NULL,NULL,NULL,NULL,NULL,32,12,1),(530,'W',NULL,'2010-01-21 00:00:00',0,NULL,NULL,NULL,NULL,NULL,NULL,32,12,1),(531,'W',NULL,'2010-01-22 00:00:00',0,NULL,NULL,NULL,NULL,NULL,NULL,32,12,1),(532,'W',NULL,'2010-01-23 00:00:00',0,NULL,NULL,NULL,NULL,NULL,NULL,32,12,1),(533,'W',NULL,'2009-01-01 00:00:00',0,NULL,NULL,NULL,NULL,NULL,NULL,99,12,14),(534,'W',NULL,'2009-01-02 00:00:00',0,NULL,NULL,NULL,NULL,NULL,NULL,99,12,14),(535,'W',NULL,'2009-01-03 00:00:00',0,NULL,NULL,NULL,NULL,NULL,NULL,99,12,14),(536,'W',NULL,'2009-01-04 00:00:00',0,NULL,NULL,NULL,NULL,NULL,NULL,99,12,14),(537,'W',NULL,'2009-01-05 00:00:00',0,NULL,NULL,NULL,NULL,NULL,NULL,99,12,14),(538,'W',NULL,'2009-01-06 00:00:00',0,NULL,NULL,NULL,NULL,NULL,NULL,99,12,14),(539,'W',NULL,'2009-01-07 00:00:00',0,NULL,NULL,NULL,NULL,NULL,NULL,99,12,14),(540,'W',NULL,'2009-01-08 00:00:00',0,NULL,NULL,NULL,NULL,NULL,NULL,99,12,14),(541,'W',NULL,'2009-01-09 00:00:00',0,NULL,NULL,NULL,NULL,NULL,NULL,99,12,14),(542,'W',NULL,'2009-01-10 00:00:00',0,NULL,NULL,NULL,NULL,NULL,NULL,99,12,14),(543,'W',NULL,'2009-01-11 00:00:00',0,NULL,NULL,NULL,NULL,NULL,NULL,99,12,14),(544,'W',NULL,'2009-01-12 00:00:00',0,NULL,NULL,NULL,NULL,NULL,NULL,99,12,14),(545,'W',NULL,'2009-01-13 00:00:00',0,NULL,NULL,NULL,NULL,NULL,NULL,99,12,14),(546,'W',NULL,'2009-01-14 00:00:00',0,NULL,NULL,NULL,NULL,NULL,NULL,99,12,14),(547,'W',NULL,'2009-01-15 00:00:00',0,NULL,NULL,NULL,NULL,NULL,NULL,99,12,14),(548,'W',NULL,'2009-01-16 00:00:00',0,NULL,NULL,NULL,NULL,NULL,NULL,99,12,14),(549,'W',NULL,'2009-01-17 00:00:00',0,NULL,NULL,NULL,NULL,NULL,NULL,99,12,14),(550,'W',NULL,'2009-01-18 00:00:00',0,NULL,NULL,NULL,NULL,NULL,NULL,99,12,14),(551,'W',NULL,'2009-01-19 00:00:00',0,NULL,NULL,NULL,NULL,NULL,NULL,99,12,14),(552,'W',NULL,'2009-01-20 00:00:00',0,NULL,NULL,NULL,NULL,NULL,NULL,99,12,14),(553,'W',NULL,'2009-01-21 00:00:00',0,NULL,NULL,NULL,NULL,NULL,NULL,99,12,14),(554,'W',NULL,'2009-01-22 00:00:00',0,NULL,NULL,NULL,NULL,NULL,NULL,99,12,14),(555,'W',NULL,'2009-01-23 00:00:00',0,NULL,NULL,NULL,NULL,NULL,NULL,99,12,14),(556,'W',NULL,'2009-01-24 00:00:00',0,NULL,NULL,NULL,NULL,NULL,NULL,99,12,14),(557,'W',NULL,'2009-01-25 00:00:00',0,NULL,NULL,NULL,NULL,NULL,NULL,99,12,14),(558,'W',NULL,'2009-01-26 00:00:00',0,NULL,NULL,NULL,NULL,NULL,NULL,99,12,14),(559,'W',NULL,'2009-01-27 00:00:00',0,NULL,NULL,NULL,NULL,NULL,NULL,99,12,14),(560,'W',NULL,'2009-01-28 00:00:00',0,NULL,NULL,NULL,NULL,NULL,NULL,99,12,14),(561,'W',NULL,'2009-01-29 00:00:00',0,NULL,NULL,NULL,NULL,NULL,NULL,99,12,14),(562,'W',NULL,'2009-01-30 00:00:00',0,NULL,NULL,NULL,NULL,NULL,NULL,99,12,14),(563,'W',NULL,'2009-01-31 00:00:00',0,NULL,NULL,NULL,NULL,NULL,NULL,99,12,14),(564,'W',NULL,'2009-02-01 00:00:00',0,NULL,NULL,NULL,NULL,NULL,NULL,99,12,14),(565,'W',NULL,'2009-02-02 00:00:00',0,NULL,NULL,NULL,NULL,NULL,NULL,99,12,14),(566,'W',NULL,'2009-02-03 00:00:00',0,NULL,NULL,NULL,NULL,NULL,NULL,99,12,14),(567,'W',NULL,'2009-02-04 00:00:00',0,NULL,NULL,NULL,NULL,NULL,NULL,99,12,14),(568,'W',NULL,'2009-02-05 00:00:00',0,NULL,NULL,NULL,NULL,NULL,NULL,99,12,14),(569,'W',NULL,'2009-02-06 00:00:00',0,NULL,NULL,NULL,NULL,NULL,NULL,99,12,14),(570,'W',NULL,'2009-02-07 00:00:00',0,NULL,NULL,NULL,NULL,NULL,NULL,99,12,14),(571,'W',NULL,'2009-02-08 00:00:00',0,NULL,NULL,NULL,NULL,NULL,NULL,99,12,14),(572,'W',NULL,'2009-02-09 00:00:00',0,NULL,NULL,NULL,NULL,NULL,NULL,99,12,14),(573,'W',NULL,'2009-02-10 00:00:00',0,NULL,NULL,NULL,NULL,NULL,NULL,99,12,14),(574,'W',NULL,'2009-02-11 00:00:00',0,NULL,NULL,NULL,NULL,NULL,NULL,99,12,14),(575,'W',NULL,'2009-02-12 00:00:00',0,NULL,NULL,NULL,NULL,NULL,NULL,99,12,14),(576,'W',NULL,'2009-02-13 00:00:00',0,NULL,NULL,NULL,NULL,NULL,NULL,99,12,14),(577,'W',NULL,'2009-02-14 00:00:00',0,NULL,NULL,NULL,NULL,NULL,NULL,99,12,14),(578,'W',NULL,'2009-02-15 00:00:00',0,NULL,NULL,NULL,NULL,NULL,NULL,99,12,14),(579,'W',NULL,'2009-02-16 00:00:00',0,NULL,NULL,NULL,NULL,NULL,NULL,99,12,14),(580,'W',NULL,'2009-02-17 00:00:00',0,NULL,NULL,NULL,NULL,NULL,NULL,99,12,14),(581,'W',NULL,'2009-02-18 00:00:00',0,NULL,NULL,NULL,NULL,NULL,NULL,99,12,14),(582,'W',NULL,'2009-02-19 00:00:00',0,NULL,NULL,NULL,NULL,NULL,NULL,99,12,14),(583,'W',NULL,'2009-02-20 00:00:00',0,NULL,NULL,NULL,NULL,NULL,NULL,99,12,14),(584,'W',NULL,'2009-02-21 00:00:00',0,NULL,NULL,NULL,NULL,NULL,NULL,99,12,14),(585,'W',NULL,'2009-02-22 00:00:00',0,NULL,NULL,NULL,NULL,NULL,NULL,99,12,14),(586,'W',NULL,'2009-02-23 00:00:00',0,NULL,NULL,NULL,NULL,NULL,NULL,99,12,14),(587,'W',NULL,'2009-02-24 00:00:00',0,NULL,NULL,NULL,NULL,NULL,NULL,99,12,14),(588,'W',NULL,'2009-02-25 00:00:00',0,NULL,NULL,NULL,NULL,NULL,NULL,99,12,14),(589,'W',NULL,'2009-02-26 00:00:00',0,NULL,NULL,NULL,NULL,NULL,NULL,99,12,14),(590,'W',NULL,'2009-02-27 00:00:00',0,NULL,NULL,NULL,NULL,NULL,NULL,99,12,14),(591,'W',NULL,'2009-02-28 00:00:00',0,NULL,NULL,NULL,NULL,NULL,NULL,99,12,14),(592,'W',NULL,'2009-03-01 00:00:00',0,NULL,NULL,NULL,NULL,NULL,NULL,99,12,14),(593,'W',NULL,'2009-03-02 00:00:00',0,NULL,NULL,NULL,NULL,NULL,NULL,99,12,14),(594,'W',NULL,'2009-03-03 00:00:00',0,NULL,NULL,NULL,NULL,NULL,NULL,99,12,14),(595,'W',NULL,'2009-03-04 00:00:00',0,NULL,NULL,NULL,NULL,NULL,NULL,99,12,14),(596,'W',NULL,'2009-03-05 00:00:00',0,NULL,NULL,NULL,NULL,NULL,NULL,99,12,14),(597,'W',NULL,'2009-03-06 00:00:00',0,NULL,NULL,NULL,NULL,NULL,NULL,99,12,14),(598,'W',NULL,'2009-03-07 00:00:00',0,NULL,NULL,NULL,NULL,NULL,NULL,99,12,14),(599,'W',NULL,'2009-03-08 00:00:00',0,NULL,NULL,NULL,NULL,NULL,NULL,99,12,14),(600,'W',NULL,'2009-03-09 00:00:00',0,NULL,NULL,NULL,NULL,NULL,NULL,99,12,14),(601,'W',NULL,'2009-03-10 00:00:00',0,NULL,NULL,NULL,NULL,NULL,NULL,99,12,14),(602,'W',NULL,'2009-03-11 00:00:00',0,NULL,NULL,NULL,NULL,NULL,NULL,99,12,14),(603,'W',NULL,'2009-03-12 00:00:00',0,NULL,NULL,NULL,NULL,NULL,NULL,99,12,14),(604,'W',NULL,'2009-03-13 00:00:00',0,NULL,NULL,NULL,NULL,NULL,NULL,99,12,14),(605,'W',NULL,'2009-03-14 00:00:00',0,NULL,NULL,NULL,NULL,NULL,NULL,99,12,14),(606,'W',NULL,'2009-03-15 00:00:00',0,NULL,NULL,NULL,NULL,NULL,NULL,99,12,14),(607,'W',NULL,'2009-03-16 00:00:00',0,NULL,NULL,NULL,NULL,NULL,NULL,99,12,14),(608,'W',NULL,'2009-03-17 00:00:00',0,NULL,NULL,NULL,NULL,NULL,NULL,99,12,14),(609,'W',NULL,'2009-03-18 00:00:00',0,NULL,NULL,NULL,NULL,NULL,NULL,99,12,14),(610,'W',NULL,'2009-03-19 00:00:00',0,NULL,NULL,NULL,NULL,NULL,NULL,99,12,14),(611,'W',NULL,'2009-03-20 00:00:00',0,NULL,NULL,NULL,NULL,NULL,NULL,99,12,14),(612,'W',NULL,'2009-03-21 00:00:00',0,NULL,NULL,NULL,NULL,NULL,NULL,99,12,14),(613,'W',NULL,'2009-03-22 00:00:00',0,NULL,NULL,NULL,NULL,NULL,NULL,99,12,14),(614,'W',NULL,'2009-03-23 00:00:00',0,NULL,NULL,NULL,NULL,NULL,NULL,99,12,14),(615,'W',NULL,'2009-03-24 00:00:00',0,NULL,NULL,NULL,NULL,NULL,NULL,99,12,14),(616,'W',NULL,'2009-03-25 00:00:00',0,NULL,NULL,NULL,NULL,NULL,NULL,99,12,14),(617,'W',NULL,'2009-03-26 00:00:00',0,NULL,NULL,NULL,NULL,NULL,NULL,99,12,14),(618,'W',NULL,'2009-03-27 00:00:00',0,NULL,NULL,NULL,NULL,NULL,NULL,99,12,14),(619,'W',NULL,'2009-03-28 00:00:00',0,NULL,NULL,NULL,NULL,NULL,NULL,99,12,14),(620,'W',NULL,'2009-03-29 00:00:00',0,NULL,NULL,NULL,NULL,NULL,NULL,99,12,14),(621,'W',NULL,'2009-03-30 00:00:00',0,NULL,NULL,NULL,NULL,NULL,NULL,99,12,14),(622,'W',NULL,'2009-03-31 00:00:00',0,NULL,NULL,NULL,NULL,NULL,NULL,99,12,14),(623,'W',NULL,'2009-04-01 00:00:00',0,NULL,NULL,NULL,NULL,NULL,NULL,99,12,14),(624,'W',NULL,'2009-04-02 00:00:00',0,NULL,NULL,NULL,NULL,NULL,NULL,99,12,14),(625,'W',NULL,'2009-04-03 00:00:00',0,NULL,NULL,NULL,NULL,NULL,NULL,99,12,14),(626,'W',NULL,'2009-04-04 00:00:00',0,NULL,NULL,NULL,NULL,NULL,NULL,99,12,14),(627,'W',NULL,'2009-04-05 00:00:00',0,NULL,NULL,NULL,NULL,NULL,NULL,99,12,14),(628,'W',NULL,'2009-04-06 00:00:00',0,NULL,NULL,NULL,NULL,NULL,NULL,99,12,14),(629,'W',NULL,'2009-04-07 00:00:00',0,NULL,NULL,NULL,NULL,NULL,NULL,99,12,14),(630,'W',NULL,'2009-04-08 00:00:00',0,NULL,NULL,NULL,NULL,NULL,NULL,99,12,14),(631,'W',NULL,'2009-04-09 00:00:00',0,NULL,NULL,NULL,NULL,NULL,NULL,99,12,14),(632,'W',NULL,'2009-04-10 00:00:00',0,NULL,NULL,NULL,NULL,NULL,NULL,99,12,14),(633,'W',NULL,'2009-04-11 00:00:00',0,NULL,NULL,NULL,NULL,NULL,NULL,99,12,14),(634,'W',NULL,'2009-04-12 00:00:00',0,NULL,NULL,NULL,NULL,NULL,NULL,99,12,14),(635,'W',NULL,'2009-04-13 00:00:00',0,NULL,NULL,NULL,NULL,NULL,NULL,99,12,14),(636,'W',NULL,'2009-04-14 00:00:00',0,NULL,NULL,NULL,NULL,NULL,NULL,99,12,14),(637,'W',NULL,'2009-04-15 00:00:00',0,NULL,NULL,NULL,NULL,NULL,NULL,99,12,14),(638,'W',NULL,'2009-04-16 00:00:00',0,NULL,NULL,NULL,NULL,NULL,NULL,99,12,14),(639,'W',NULL,'2009-04-17 00:00:00',0,NULL,NULL,NULL,NULL,NULL,NULL,99,12,14),(640,'W',NULL,'2009-04-18 00:00:00',0,NULL,NULL,NULL,NULL,NULL,NULL,99,12,14),(641,'W',NULL,'2009-04-19 00:00:00',0,NULL,NULL,NULL,NULL,NULL,NULL,99,12,14),(642,'W',NULL,'2009-04-20 00:00:00',0,NULL,NULL,NULL,NULL,NULL,NULL,99,12,14),(643,'W',NULL,'2009-04-21 00:00:00',0,NULL,NULL,NULL,NULL,NULL,NULL,99,12,14),(644,'W',NULL,'2009-04-22 00:00:00',0,NULL,NULL,NULL,NULL,NULL,NULL,99,12,14),(645,'W',NULL,'2009-04-23 00:00:00',0,NULL,NULL,NULL,NULL,NULL,NULL,99,12,14),(646,'W',NULL,'2009-04-24 00:00:00',0,NULL,NULL,NULL,NULL,NULL,NULL,99,12,14),(647,'W',NULL,'2009-04-25 00:00:00',0,NULL,NULL,NULL,NULL,NULL,NULL,99,12,14),(648,'W',NULL,'2009-04-26 00:00:00',0,NULL,NULL,NULL,NULL,NULL,NULL,99,12,14),(649,'W',NULL,'2009-04-27 00:00:00',0,NULL,NULL,NULL,NULL,NULL,NULL,99,12,14),(650,'W',NULL,'2009-04-28 00:00:00',0,NULL,NULL,NULL,NULL,NULL,NULL,99,12,14),(651,'W',NULL,'2009-04-29 00:00:00',0,NULL,NULL,NULL,NULL,NULL,NULL,99,12,14),(652,'W',NULL,'2009-04-30 00:00:00',0,NULL,NULL,NULL,NULL,NULL,NULL,99,12,14),(653,'W',NULL,'2009-05-01 00:00:00',0,NULL,NULL,NULL,NULL,NULL,NULL,99,12,14),(654,'W',NULL,'2009-05-02 00:00:00',0,NULL,NULL,NULL,NULL,NULL,NULL,99,12,14),(655,'W',NULL,'2009-05-03 00:00:00',0,NULL,NULL,NULL,NULL,NULL,NULL,99,12,14),(656,'W',NULL,'2009-05-04 00:00:00',0,NULL,NULL,NULL,NULL,NULL,NULL,99,12,14),(657,'W',NULL,'2009-05-05 00:00:00',0,NULL,NULL,NULL,NULL,NULL,NULL,99,12,14),(658,'W',NULL,'2009-05-06 00:00:00',0,NULL,NULL,NULL,NULL,NULL,NULL,99,12,14),(659,'W',NULL,'2009-05-07 00:00:00',0,NULL,NULL,NULL,NULL,NULL,NULL,99,12,14),(660,'W',NULL,'2009-05-08 00:00:00',0,NULL,NULL,NULL,NULL,NULL,NULL,99,12,14),(661,'W',NULL,'2009-05-09 00:00:00',0,NULL,NULL,NULL,NULL,NULL,NULL,99,12,14),(662,'W',NULL,'2009-05-10 00:00:00',0,NULL,NULL,NULL,NULL,NULL,NULL,99,12,14),(663,'W',NULL,'2009-05-11 00:00:00',0,NULL,NULL,NULL,NULL,NULL,NULL,99,12,14),(664,'W',NULL,'2009-05-12 00:00:00',0,NULL,NULL,NULL,NULL,NULL,NULL,99,12,14),(665,'W',NULL,'2009-05-13 00:00:00',0,NULL,NULL,NULL,NULL,NULL,NULL,99,12,14),(666,'W',NULL,'2009-05-14 00:00:00',0,NULL,NULL,NULL,NULL,NULL,NULL,99,12,14),(667,'W',NULL,'2009-05-15 00:00:00',0,NULL,NULL,NULL,NULL,NULL,NULL,99,12,14),(668,'W',NULL,'2009-05-16 00:00:00',0,NULL,NULL,NULL,NULL,NULL,NULL,99,12,14),(669,'W',NULL,'2009-05-17 00:00:00',0,NULL,NULL,NULL,NULL,NULL,NULL,99,12,14),(670,'W',NULL,'2009-05-18 00:00:00',0,NULL,NULL,NULL,NULL,NULL,NULL,99,12,14),(671,'W',NULL,'2009-05-19 00:00:00',0,NULL,NULL,NULL,NULL,NULL,NULL,99,12,14),(672,'W',NULL,'2009-05-20 00:00:00',0,NULL,NULL,NULL,NULL,NULL,NULL,99,12,14),(673,'W',NULL,'2009-05-21 00:00:00',0,NULL,NULL,NULL,NULL,NULL,NULL,99,12,14),(674,'W',NULL,'2009-05-22 00:00:00',0,NULL,NULL,NULL,NULL,NULL,NULL,99,12,14),(675,'W',NULL,'2009-05-23 00:00:00',0,NULL,NULL,NULL,NULL,NULL,NULL,99,12,14),(676,'W',NULL,'2009-05-24 00:00:00',0,NULL,NULL,NULL,NULL,NULL,NULL,99,12,14),(677,'W',NULL,'2009-05-25 00:00:00',0,NULL,NULL,NULL,NULL,NULL,NULL,99,12,14),(678,'W',NULL,'2009-05-26 00:00:00',0,NULL,NULL,NULL,NULL,NULL,NULL,99,12,14),(679,'W',NULL,'2009-05-27 00:00:00',0,NULL,NULL,NULL,NULL,NULL,NULL,99,12,14),(680,'W',NULL,'2009-05-28 00:00:00',0,NULL,NULL,NULL,NULL,NULL,NULL,99,12,14),(681,'W',NULL,'2009-05-29 00:00:00',0,NULL,NULL,NULL,NULL,NULL,NULL,99,12,14),(682,'W',NULL,'2009-05-30 00:00:00',0,NULL,NULL,NULL,NULL,NULL,NULL,99,12,14),(683,'W',NULL,'2009-05-31 00:00:00',0,NULL,NULL,NULL,NULL,NULL,NULL,99,12,14),(684,'W',NULL,'2009-06-01 00:00:00',0,NULL,NULL,NULL,NULL,NULL,NULL,99,12,14),(685,'W',NULL,'2009-06-02 00:00:00',0,NULL,NULL,NULL,NULL,NULL,NULL,99,12,14),(686,'W',NULL,'2009-06-03 00:00:00',0,NULL,NULL,NULL,NULL,NULL,NULL,99,12,14),(687,'W',NULL,'2009-06-04 00:00:00',0,NULL,NULL,NULL,NULL,NULL,NULL,99,12,14),(688,'W',NULL,'2009-06-05 00:00:00',0,NULL,NULL,NULL,NULL,NULL,NULL,99,12,14),(689,'W',NULL,'2009-06-06 00:00:00',0,NULL,NULL,NULL,NULL,NULL,NULL,99,12,14),(690,'W',NULL,'2009-06-07 00:00:00',0,NULL,NULL,NULL,NULL,NULL,NULL,99,12,14),(691,'W',NULL,'2009-06-08 00:00:00',0,NULL,NULL,NULL,NULL,NULL,NULL,99,12,14),(692,'W',NULL,'2009-06-09 00:00:00',0,NULL,NULL,NULL,NULL,NULL,NULL,99,12,14),(693,'W',NULL,'2009-06-10 00:00:00',0,NULL,NULL,NULL,NULL,NULL,NULL,99,12,14),(694,'W',NULL,'2009-06-11 00:00:00',0,NULL,NULL,NULL,NULL,NULL,NULL,99,12,14),(695,'W',NULL,'2009-06-12 00:00:00',0,NULL,NULL,NULL,NULL,NULL,NULL,99,12,14),(696,'W',NULL,'2009-06-13 00:00:00',0,NULL,NULL,NULL,NULL,NULL,NULL,99,12,14),(697,'W',NULL,'2009-06-14 00:00:00',0,NULL,NULL,NULL,NULL,NULL,NULL,99,12,14),(698,'W',NULL,'2009-06-15 00:00:00',0,NULL,NULL,NULL,NULL,NULL,NULL,99,12,14),(699,'W',NULL,'2009-06-16 00:00:00',0,NULL,NULL,NULL,NULL,NULL,NULL,99,12,14),(700,'W',NULL,'2009-06-17 00:00:00',0,NULL,NULL,NULL,NULL,NULL,NULL,99,12,14),(701,'W',NULL,'2009-06-18 00:00:00',0,NULL,NULL,NULL,NULL,NULL,NULL,99,12,14),(702,'W',NULL,'2009-06-19 00:00:00',0,NULL,NULL,NULL,NULL,NULL,NULL,99,12,14),(703,'W',NULL,'2009-06-20 00:00:00',0,NULL,NULL,NULL,NULL,NULL,NULL,99,12,14),(704,'W',NULL,'2009-06-21 00:00:00',0,NULL,NULL,NULL,NULL,NULL,NULL,99,12,14),(705,'W',NULL,'2009-06-22 00:00:00',0,NULL,NULL,NULL,NULL,NULL,NULL,99,12,14),(706,'W',NULL,'2009-06-23 00:00:00',0,NULL,NULL,NULL,NULL,NULL,NULL,99,12,14),(707,'W',NULL,'2009-06-24 00:00:00',0,NULL,NULL,NULL,NULL,NULL,NULL,99,12,14),(708,'W',NULL,'2009-06-25 00:00:00',0,NULL,NULL,NULL,NULL,NULL,NULL,99,12,14),(709,'W',NULL,'2009-06-26 00:00:00',0,NULL,NULL,NULL,NULL,NULL,NULL,99,12,14),(710,'W',NULL,'2009-06-27 00:00:00',0,NULL,NULL,NULL,NULL,NULL,NULL,99,12,14),(711,'W',NULL,'2009-06-28 00:00:00',0,NULL,NULL,NULL,NULL,NULL,NULL,99,12,14),(712,'W',NULL,'2009-06-29 00:00:00',0,NULL,NULL,NULL,NULL,NULL,NULL,99,12,14),(713,'W',NULL,'2009-06-30 00:00:00',0,NULL,NULL,NULL,NULL,NULL,NULL,99,12,14),(714,'W',NULL,'2009-07-01 00:00:00',0,NULL,NULL,NULL,NULL,NULL,NULL,99,12,14),(715,'W',NULL,'2009-07-02 00:00:00',0,NULL,NULL,NULL,NULL,NULL,NULL,99,12,14),(716,'W',NULL,'2009-07-03 00:00:00',0,NULL,NULL,NULL,NULL,NULL,NULL,99,12,14),(717,'W',NULL,'2009-07-04 00:00:00',0,NULL,NULL,NULL,NULL,NULL,NULL,99,12,14),(718,'W',NULL,'2009-07-05 00:00:00',0,NULL,NULL,NULL,NULL,NULL,NULL,99,12,14),(719,'W',NULL,'2009-07-06 00:00:00',0,NULL,NULL,NULL,NULL,NULL,NULL,99,12,14),(720,'W',NULL,'2009-07-07 00:00:00',0,NULL,NULL,NULL,NULL,NULL,NULL,99,12,14),(721,'W',NULL,'2009-07-08 00:00:00',0,NULL,NULL,NULL,NULL,NULL,NULL,99,12,14),(722,'W',NULL,'2009-07-09 00:00:00',0,NULL,NULL,NULL,NULL,NULL,NULL,99,12,14),(723,'W',NULL,'2009-07-10 00:00:00',0,NULL,NULL,NULL,NULL,NULL,NULL,99,12,14),(724,'W',NULL,'2009-07-11 00:00:00',0,NULL,NULL,NULL,NULL,NULL,NULL,99,12,14),(725,'W',NULL,'2009-07-12 00:00:00',0,NULL,NULL,NULL,NULL,NULL,NULL,99,12,14),(726,'W',NULL,'2009-07-13 00:00:00',0,NULL,NULL,NULL,NULL,NULL,NULL,99,12,14),(727,'W',NULL,'2009-07-14 00:00:00',0,NULL,NULL,NULL,NULL,NULL,NULL,99,12,14),(728,'W',NULL,'2009-07-15 00:00:00',0,NULL,NULL,NULL,NULL,NULL,NULL,99,12,14),(729,'W',NULL,'2009-07-16 00:00:00',0,NULL,NULL,NULL,NULL,NULL,NULL,99,12,14),(730,'W',NULL,'2009-07-17 00:00:00',0,NULL,NULL,NULL,NULL,NULL,NULL,99,12,14),(731,'W',NULL,'2009-07-18 00:00:00',0,NULL,NULL,NULL,NULL,NULL,NULL,99,12,14),(732,'W',NULL,'2009-07-19 00:00:00',0,NULL,NULL,NULL,NULL,NULL,NULL,99,12,14),(733,'W',NULL,'2009-07-20 00:00:00',0,NULL,NULL,NULL,NULL,NULL,NULL,99,12,14),(734,'W',NULL,'2009-07-21 00:00:00',0,NULL,NULL,NULL,NULL,NULL,NULL,99,12,14),(735,'W',NULL,'2009-07-22 00:00:00',0,NULL,NULL,NULL,NULL,NULL,NULL,99,12,14),(736,'W',NULL,'2009-07-23 00:00:00',0,NULL,NULL,NULL,NULL,NULL,NULL,99,12,14),(737,'W',NULL,'2009-07-24 00:00:00',0,NULL,NULL,NULL,NULL,NULL,NULL,99,12,14),(738,'W',NULL,'2009-07-25 00:00:00',0,NULL,NULL,NULL,NULL,NULL,NULL,99,12,14),(739,'W',NULL,'2009-07-26 00:00:00',0,NULL,NULL,NULL,NULL,NULL,NULL,99,12,14),(740,'W',NULL,'2009-07-27 00:00:00',0,NULL,NULL,NULL,NULL,NULL,NULL,99,12,14),(741,'W',NULL,'2009-07-28 00:00:00',0,NULL,NULL,NULL,NULL,NULL,NULL,99,12,14),(742,'W',NULL,'2009-07-29 00:00:00',0,NULL,NULL,NULL,NULL,NULL,NULL,99,12,14),(743,'W',NULL,'2009-07-30 00:00:00',0,NULL,NULL,NULL,NULL,NULL,NULL,99,12,14),(744,'W',NULL,'2009-07-31 00:00:00',0,NULL,NULL,NULL,NULL,NULL,NULL,99,12,14),(745,'W',NULL,'2009-08-01 00:00:00',0,NULL,NULL,NULL,NULL,NULL,NULL,99,12,14),(746,'W',NULL,'2009-08-02 00:00:00',0,NULL,NULL,NULL,NULL,NULL,NULL,99,12,14),(747,'W',NULL,'2009-08-03 00:00:00',0,NULL,NULL,NULL,NULL,NULL,NULL,99,12,14),(748,'W',NULL,'2009-08-04 00:00:00',0,NULL,NULL,NULL,NULL,NULL,NULL,99,12,14),(749,'W',NULL,'2009-08-05 00:00:00',0,NULL,NULL,NULL,NULL,NULL,NULL,99,12,14),(750,'W',NULL,'2009-08-06 00:00:00',0,NULL,NULL,NULL,NULL,NULL,NULL,99,12,14),(751,'W',NULL,'2009-08-07 00:00:00',0,NULL,NULL,NULL,NULL,NULL,NULL,99,12,14),(752,'W',NULL,'2009-08-08 00:00:00',0,NULL,NULL,NULL,NULL,NULL,NULL,99,12,14),(753,'W',NULL,'2009-08-09 00:00:00',0,NULL,NULL,NULL,NULL,NULL,NULL,99,12,14),(754,'W',NULL,'2009-08-10 00:00:00',0,NULL,NULL,NULL,NULL,NULL,NULL,99,12,14),(755,'W',NULL,'2009-08-11 00:00:00',0,NULL,NULL,NULL,NULL,NULL,NULL,99,12,14),(756,'W',NULL,'2009-08-12 00:00:00',0,NULL,NULL,NULL,NULL,NULL,NULL,99,12,14),(757,'W',NULL,'2009-08-13 00:00:00',0,NULL,NULL,NULL,NULL,NULL,NULL,99,12,14),(758,'W',NULL,'2009-08-14 00:00:00',0,NULL,NULL,NULL,NULL,NULL,NULL,99,12,14),(759,'W',NULL,'2009-08-15 00:00:00',0,NULL,NULL,NULL,NULL,NULL,NULL,99,12,14),(760,'W',NULL,'2009-08-16 00:00:00',0,NULL,NULL,NULL,NULL,NULL,NULL,99,12,14),(761,'W',NULL,'2009-08-17 00:00:00',0,NULL,NULL,NULL,NULL,NULL,NULL,99,12,14),(762,'W',NULL,'2009-08-18 00:00:00',0,NULL,NULL,NULL,NULL,NULL,NULL,99,12,14),(763,'W',NULL,'2009-08-19 00:00:00',0,NULL,NULL,NULL,NULL,NULL,NULL,99,12,14),(764,'W',NULL,'2009-08-20 00:00:00',0,NULL,NULL,NULL,NULL,NULL,NULL,99,12,14),(765,'W',NULL,'2009-08-21 00:00:00',0,NULL,NULL,NULL,NULL,NULL,NULL,99,12,14),(766,'W',NULL,'2009-08-22 00:00:00',0,NULL,NULL,NULL,NULL,NULL,NULL,99,12,14),(767,'W',NULL,'2009-08-23 00:00:00',0,NULL,NULL,NULL,NULL,NULL,NULL,99,12,14),(768,'W',NULL,'2009-08-24 00:00:00',0,NULL,NULL,NULL,NULL,NULL,NULL,99,12,14),(769,'W',NULL,'2009-08-25 00:00:00',0,NULL,NULL,NULL,NULL,NULL,NULL,99,12,14),(770,'W',NULL,'2009-08-26 00:00:00',0,NULL,NULL,NULL,NULL,NULL,NULL,99,12,14),(771,'W',NULL,'2009-08-27 00:00:00',0,NULL,NULL,NULL,NULL,NULL,NULL,99,12,14),(772,'W',NULL,'2009-08-28 00:00:00',0,NULL,NULL,NULL,NULL,NULL,NULL,99,12,14),(773,'W',NULL,'2009-08-29 00:00:00',0,NULL,NULL,NULL,NULL,NULL,NULL,99,12,14),(774,'W',NULL,'2009-08-30 00:00:00',0,NULL,NULL,NULL,NULL,NULL,NULL,99,12,14),(775,'W',NULL,'2009-08-31 00:00:00',0,NULL,NULL,NULL,NULL,NULL,NULL,99,12,14),(776,'W',NULL,'2009-09-01 00:00:00',0,NULL,NULL,NULL,NULL,NULL,NULL,99,12,14),(777,'W',NULL,'2009-09-02 00:00:00',0,NULL,NULL,NULL,NULL,NULL,NULL,99,12,14),(778,'W',NULL,'2009-09-03 00:00:00',0,NULL,NULL,NULL,NULL,NULL,NULL,99,12,14),(779,'W',NULL,'2009-09-04 00:00:00',0,NULL,NULL,NULL,NULL,NULL,NULL,99,12,14),(780,'W',NULL,'2009-09-05 00:00:00',0,NULL,NULL,NULL,NULL,NULL,NULL,99,12,14),(781,'W',NULL,'2009-09-06 00:00:00',0,NULL,NULL,NULL,NULL,NULL,NULL,99,12,14),(782,'W',NULL,'2009-09-07 00:00:00',0,NULL,NULL,NULL,NULL,NULL,NULL,99,12,14),(783,'W',NULL,'2009-09-08 00:00:00',0,NULL,NULL,NULL,NULL,NULL,NULL,99,12,14),(784,'W',NULL,'2009-09-09 00:00:00',0,NULL,NULL,NULL,NULL,NULL,NULL,99,12,14),(785,'W',NULL,'2009-09-10 00:00:00',0,NULL,NULL,NULL,NULL,NULL,NULL,99,12,14),(786,'W',NULL,'2009-09-11 00:00:00',0,NULL,NULL,NULL,NULL,NULL,NULL,99,12,14),(787,'W',NULL,'2009-09-12 00:00:00',0,NULL,NULL,NULL,NULL,NULL,NULL,99,12,14),(788,'W',NULL,'2009-09-13 00:00:00',0,NULL,NULL,NULL,NULL,NULL,NULL,99,12,14),(789,'W',NULL,'2009-09-14 00:00:00',0,NULL,NULL,NULL,NULL,NULL,NULL,99,12,14),(790,'W',NULL,'2009-09-15 00:00:00',0,NULL,NULL,NULL,NULL,NULL,NULL,99,12,14),(791,'W',NULL,'2009-09-16 00:00:00',0,NULL,NULL,NULL,NULL,NULL,NULL,99,12,14),(792,'W',NULL,'2009-09-17 00:00:00',0,NULL,NULL,NULL,NULL,NULL,NULL,99,12,14),(793,'W',NULL,'2009-09-18 00:00:00',0,NULL,NULL,NULL,NULL,NULL,NULL,99,12,14),(794,'W',NULL,'2009-09-19 00:00:00',0,NULL,NULL,NULL,NULL,NULL,NULL,99,12,14),(795,'W',NULL,'2009-09-20 00:00:00',0,NULL,NULL,NULL,NULL,NULL,NULL,99,12,14),(796,'W',NULL,'2009-09-21 00:00:00',0,NULL,NULL,NULL,NULL,NULL,NULL,99,12,14),(797,'W',NULL,'2009-09-22 00:00:00',0,NULL,NULL,NULL,NULL,NULL,NULL,99,12,14),(798,'W',NULL,'2009-09-23 00:00:00',0,NULL,NULL,NULL,NULL,NULL,NULL,99,12,14),(799,'W',NULL,'2009-09-24 00:00:00',0,NULL,NULL,NULL,NULL,NULL,NULL,99,12,14),(800,'W',NULL,'2009-09-25 00:00:00',0,NULL,NULL,NULL,NULL,NULL,NULL,99,12,14),(801,'W',NULL,'2009-09-26 00:00:00',0,NULL,NULL,NULL,NULL,NULL,NULL,99,12,14),(802,'W',NULL,'2009-09-27 00:00:00',0,NULL,NULL,NULL,NULL,NULL,NULL,99,12,14),(803,'W',NULL,'2009-09-28 00:00:00',0,NULL,NULL,NULL,NULL,NULL,NULL,99,12,14),(804,'W',NULL,'2009-09-29 00:00:00',0,NULL,NULL,NULL,NULL,NULL,NULL,99,12,14),(805,'W',NULL,'2009-09-30 00:00:00',0,NULL,NULL,NULL,NULL,NULL,NULL,99,12,14),(806,'W',NULL,'2009-10-01 00:00:00',0,NULL,NULL,NULL,NULL,NULL,NULL,99,12,14),(807,'W',NULL,'2009-10-02 00:00:00',0,NULL,NULL,NULL,NULL,NULL,NULL,99,12,14),(808,'W',NULL,'2009-10-03 00:00:00',0,NULL,NULL,NULL,NULL,NULL,NULL,99,12,14),(809,'W',NULL,'2009-10-04 00:00:00',0,NULL,NULL,NULL,NULL,NULL,NULL,99,12,14),(810,'W',NULL,'2009-10-05 00:00:00',0,NULL,NULL,NULL,NULL,NULL,NULL,99,12,14),(811,'W',NULL,'2009-10-06 00:00:00',0,NULL,NULL,NULL,NULL,NULL,NULL,99,12,14),(812,'W',NULL,'2009-10-07 00:00:00',0,NULL,NULL,NULL,NULL,NULL,NULL,99,12,14),(813,'W',NULL,'2009-10-08 00:00:00',0,NULL,NULL,NULL,NULL,NULL,NULL,99,12,14),(814,'W',NULL,'2009-10-09 00:00:00',0,NULL,NULL,NULL,NULL,NULL,NULL,99,12,14),(815,'W',NULL,'2009-10-10 00:00:00',0,NULL,NULL,NULL,NULL,NULL,NULL,99,12,14),(816,'W',NULL,'2009-10-11 00:00:00',0,NULL,NULL,NULL,NULL,NULL,NULL,99,12,14),(817,'W',NULL,'2009-10-12 00:00:00',0,NULL,NULL,NULL,NULL,NULL,NULL,99,12,14),(818,'W',NULL,'2009-10-13 00:00:00',0,NULL,NULL,NULL,NULL,NULL,NULL,99,12,14),(819,'W',NULL,'2009-10-14 00:00:00',0,NULL,NULL,NULL,NULL,NULL,NULL,99,12,14),(820,'W',NULL,'2009-10-15 00:00:00',0,NULL,NULL,NULL,NULL,NULL,NULL,99,12,14),(821,'W',NULL,'2009-10-16 00:00:00',0,NULL,NULL,NULL,NULL,NULL,NULL,99,12,14),(822,'W',NULL,'2009-10-17 00:00:00',0,NULL,NULL,NULL,NULL,NULL,NULL,99,12,14),(823,'W',NULL,'2009-10-18 00:00:00',0,NULL,NULL,NULL,NULL,NULL,NULL,99,12,14),(824,'W',NULL,'2009-10-19 00:00:00',0,NULL,NULL,NULL,NULL,NULL,NULL,99,12,14),(825,'W',NULL,'2009-10-20 00:00:00',0,NULL,NULL,NULL,NULL,NULL,NULL,99,12,14),(826,'W',NULL,'2009-10-21 00:00:00',0,NULL,NULL,NULL,NULL,NULL,NULL,99,12,14),(827,'W',NULL,'2009-10-22 00:00:00',0,NULL,NULL,NULL,NULL,NULL,NULL,99,12,14),(828,'W',NULL,'2009-10-23 00:00:00',0,NULL,NULL,NULL,NULL,NULL,NULL,99,12,14),(829,'W',NULL,'2009-10-24 00:00:00',0,NULL,NULL,NULL,NULL,NULL,NULL,99,12,14),(830,'W',NULL,'2009-10-25 00:00:00',0,NULL,NULL,NULL,NULL,NULL,NULL,99,12,14),(831,'W',NULL,'2009-10-26 00:00:00',0,NULL,NULL,NULL,NULL,NULL,NULL,99,12,14),(832,'W',NULL,'2009-10-27 00:00:00',0,NULL,NULL,NULL,NULL,NULL,NULL,99,12,14),(833,'W',NULL,'2009-10-28 00:00:00',0,NULL,NULL,NULL,NULL,NULL,NULL,99,12,14),(834,'W',NULL,'2009-10-29 00:00:00',0,NULL,NULL,NULL,NULL,NULL,NULL,99,12,14),(835,'W',NULL,'2009-10-30 00:00:00',0,NULL,NULL,NULL,NULL,NULL,NULL,99,12,14),(836,'W',NULL,'2009-10-31 00:00:00',0,NULL,NULL,NULL,NULL,NULL,NULL,99,12,14),(837,'W',NULL,'2009-11-01 00:00:00',0,NULL,NULL,NULL,NULL,NULL,NULL,99,12,14),(838,'W',NULL,'2009-11-02 00:00:00',0,NULL,NULL,NULL,NULL,NULL,NULL,99,12,14),(839,'W',NULL,'2009-11-03 00:00:00',0,NULL,NULL,NULL,NULL,NULL,NULL,99,12,14),(840,'W',NULL,'2009-11-04 00:00:00',0,NULL,NULL,NULL,NULL,NULL,NULL,99,12,14),(841,'W',NULL,'2009-11-05 00:00:00',0,NULL,NULL,NULL,NULL,NULL,NULL,99,12,14),(842,'W',NULL,'2009-11-06 00:00:00',0,NULL,NULL,NULL,NULL,NULL,NULL,99,12,14),(843,'W',NULL,'2009-11-07 00:00:00',0,NULL,NULL,NULL,NULL,NULL,NULL,99,12,14),(844,'W',NULL,'2009-11-08 00:00:00',0,NULL,NULL,NULL,NULL,NULL,NULL,99,12,14),(845,'W',NULL,'2009-11-09 00:00:00',0,NULL,NULL,NULL,NULL,NULL,NULL,99,12,14),(846,'W',NULL,'2009-11-10 00:00:00',0,NULL,NULL,NULL,NULL,NULL,NULL,99,12,14),(847,'W',NULL,'2009-11-11 00:00:00',0,NULL,NULL,NULL,NULL,NULL,NULL,99,12,14),(848,'W',NULL,'2009-11-12 00:00:00',0,NULL,NULL,NULL,NULL,NULL,NULL,99,12,14),(849,'W',NULL,'2009-11-13 00:00:00',0,NULL,NULL,NULL,NULL,NULL,NULL,99,12,14),(850,'W',NULL,'2009-11-14 00:00:00',0,NULL,NULL,NULL,NULL,NULL,NULL,99,12,14),(851,'W',NULL,'2009-11-15 00:00:00',0,NULL,NULL,NULL,NULL,NULL,NULL,99,12,14),(852,'W',NULL,'2009-11-16 00:00:00',0,NULL,NULL,NULL,NULL,NULL,NULL,99,12,14),(853,'W',NULL,'2009-11-17 00:00:00',0,NULL,NULL,NULL,NULL,NULL,NULL,99,12,14),(854,'W',NULL,'2009-11-18 00:00:00',0,NULL,NULL,NULL,NULL,NULL,NULL,99,12,14),(855,'W',NULL,'2009-11-19 00:00:00',0,NULL,NULL,NULL,NULL,NULL,NULL,99,12,14),(856,'W',NULL,'2009-11-20 00:00:00',0,NULL,NULL,NULL,NULL,NULL,NULL,99,12,14),(857,'W',NULL,'2009-11-21 00:00:00',0,NULL,NULL,NULL,NULL,NULL,NULL,99,12,14),(858,'W',NULL,'2009-11-22 00:00:00',0,NULL,NULL,NULL,NULL,NULL,NULL,99,12,14),(859,'W',NULL,'2009-11-23 00:00:00',0,NULL,NULL,NULL,NULL,NULL,NULL,99,12,14),(860,'W',NULL,'2009-11-24 00:00:00',0,NULL,NULL,NULL,NULL,NULL,NULL,99,12,14),(861,'W',NULL,'2009-11-25 00:00:00',0,NULL,NULL,NULL,NULL,NULL,NULL,99,12,14),(862,'W',NULL,'2009-11-26 00:00:00',0,NULL,NULL,NULL,NULL,NULL,NULL,99,12,14),(863,'W',NULL,'2009-11-27 00:00:00',0,NULL,NULL,NULL,NULL,NULL,NULL,99,12,14),(864,'W',NULL,'2009-11-28 00:00:00',0,NULL,NULL,NULL,NULL,NULL,NULL,99,12,14),(865,'W',NULL,'2009-11-29 00:00:00',0,NULL,NULL,NULL,NULL,NULL,NULL,99,12,14),(866,'W',NULL,'2009-11-30 00:00:00',0,NULL,NULL,NULL,NULL,NULL,NULL,99,12,14),(867,'W',NULL,'2009-12-01 00:00:00',0,NULL,NULL,NULL,NULL,NULL,NULL,99,12,14),(868,'W',NULL,'2009-12-02 00:00:00',0,NULL,NULL,NULL,NULL,NULL,NULL,99,12,14),(869,'W',NULL,'2009-12-03 00:00:00',0,NULL,NULL,NULL,NULL,NULL,NULL,99,12,14),(870,'W',NULL,'2009-12-04 00:00:00',0,NULL,NULL,NULL,NULL,NULL,NULL,99,12,14),(871,'W',NULL,'2009-12-05 00:00:00',0,NULL,NULL,NULL,NULL,NULL,NULL,99,12,14),(872,'W',NULL,'2009-12-06 00:00:00',0,NULL,NULL,NULL,NULL,NULL,NULL,99,12,14),(873,'W',NULL,'2009-12-07 00:00:00',0,NULL,NULL,NULL,NULL,NULL,NULL,99,12,14),(874,'W',NULL,'2009-12-08 00:00:00',0,NULL,NULL,NULL,NULL,NULL,NULL,99,12,14),(875,'W',NULL,'2009-12-09 00:00:00',0,NULL,NULL,NULL,NULL,NULL,NULL,99,12,14),(876,'W',NULL,'2009-12-10 00:00:00',0,NULL,NULL,NULL,NULL,NULL,NULL,99,12,14),(877,'W',NULL,'2009-12-11 00:00:00',0,NULL,NULL,NULL,NULL,NULL,NULL,99,12,14),(878,'W',NULL,'2009-12-12 00:00:00',0,NULL,NULL,NULL,NULL,NULL,NULL,99,12,14),(879,'W',NULL,'2009-12-13 00:00:00',0,NULL,NULL,NULL,NULL,NULL,NULL,99,12,14),(880,'W',NULL,'2009-12-14 00:00:00',0,NULL,NULL,NULL,NULL,NULL,NULL,99,12,14),(881,'W',NULL,'2009-12-15 00:00:00',0,NULL,NULL,NULL,NULL,NULL,NULL,99,12,14),(882,'W',NULL,'2009-12-16 00:00:00',0,NULL,NULL,NULL,NULL,NULL,NULL,99,12,14),(883,'W',NULL,'2009-12-17 00:00:00',0,NULL,NULL,NULL,NULL,NULL,NULL,99,12,14),(884,'W',NULL,'2009-12-18 00:00:00',0,NULL,NULL,NULL,NULL,NULL,NULL,99,12,14),(885,'W',NULL,'2009-12-19 00:00:00',0,NULL,NULL,NULL,NULL,NULL,NULL,99,12,14),(886,'W',NULL,'2009-12-20 00:00:00',0,NULL,NULL,NULL,NULL,NULL,NULL,99,12,14),(887,'W',NULL,'2009-12-21 00:00:00',0,NULL,NULL,NULL,NULL,NULL,NULL,99,12,14),(888,'W',NULL,'2009-12-22 00:00:00',0,NULL,NULL,NULL,NULL,NULL,NULL,99,12,14),(889,'W',NULL,'2009-12-23 00:00:00',0,NULL,NULL,NULL,NULL,NULL,NULL,99,12,14),(890,'W',NULL,'2009-12-24 00:00:00',0,NULL,NULL,NULL,NULL,NULL,NULL,99,12,14),(891,'W',NULL,'2009-12-25 00:00:00',0,NULL,NULL,NULL,NULL,NULL,NULL,99,12,14),(892,'W',NULL,'2009-12-26 00:00:00',0,NULL,NULL,NULL,NULL,NULL,NULL,99,12,14),(893,'W',NULL,'2009-12-27 00:00:00',0,NULL,NULL,NULL,NULL,NULL,NULL,99,12,14),(894,'W',NULL,'2009-12-28 00:00:00',0,NULL,NULL,NULL,NULL,NULL,NULL,99,12,14),(895,'W',NULL,'2009-12-29 00:00:00',0,NULL,NULL,NULL,NULL,NULL,NULL,99,12,14),(896,'W',NULL,'2009-12-30 00:00:00',0,NULL,NULL,NULL,NULL,NULL,NULL,99,12,14),(897,'W',NULL,'2009-12-31 00:00:00',0,NULL,NULL,NULL,NULL,NULL,NULL,99,12,14),(898,'W',NULL,'2010-01-01 00:00:00',0,NULL,NULL,NULL,NULL,NULL,NULL,99,12,14),(899,'W',NULL,'2010-01-02 00:00:00',0,NULL,NULL,NULL,NULL,NULL,NULL,99,12,14),(900,'W',NULL,'2010-01-03 00:00:00',0,NULL,NULL,NULL,NULL,NULL,NULL,99,12,14),(901,'W',NULL,'2010-01-04 00:00:00',0,NULL,NULL,NULL,NULL,NULL,NULL,99,12,14),(902,'W',NULL,'2010-01-05 00:00:00',0,NULL,NULL,NULL,NULL,NULL,NULL,99,12,14),(903,'W',NULL,'2010-01-06 00:00:00',0,NULL,NULL,NULL,NULL,NULL,NULL,99,12,14),(904,'W',NULL,'2010-01-07 00:00:00',0,NULL,NULL,NULL,NULL,NULL,NULL,99,12,14),(905,'W',NULL,'2010-01-08 00:00:00',0,NULL,NULL,NULL,NULL,NULL,NULL,99,12,14),(906,'W',NULL,'2010-01-09 00:00:00',0,NULL,NULL,NULL,NULL,NULL,NULL,99,12,14),(907,'W',NULL,'2010-01-10 00:00:00',0,NULL,NULL,NULL,NULL,NULL,NULL,99,12,14),(908,'W',NULL,'2010-01-11 00:00:00',0,NULL,NULL,NULL,NULL,NULL,NULL,99,12,14),(909,'W',NULL,'2010-01-12 00:00:00',0,NULL,NULL,NULL,NULL,NULL,NULL,99,12,14),(910,'W',NULL,'2010-01-13 00:00:00',0,NULL,NULL,NULL,NULL,NULL,NULL,99,12,14),(911,'W',NULL,'2010-01-14 00:00:00',0,NULL,NULL,NULL,NULL,NULL,NULL,99,12,14),(912,'W',NULL,'2010-01-15 00:00:00',0,NULL,NULL,NULL,NULL,NULL,NULL,99,12,14),(913,'T','','2009-01-01 00:00:00',0,'','','','','','',101,12,14),(914,'T','','2009-01-02 00:00:00',0,'','','','','','',101,12,14),(915,'T','','2009-01-03 00:00:00',0,'','','','','','',101,12,14),(916,'T','','2009-01-04 00:00:00',0,'','','','','','',101,12,14),(917,'T','','2009-01-05 00:00:00',0,'','','','','','',101,12,14),(918,'T','','2009-01-06 00:00:00',0,'','','','','','',101,12,14),(919,'T','','2009-01-07 00:00:00',0,'','','','','','',101,12,14),(920,'L','','2009-01-08 00:00:00',0,'','','','','','',101,12,14),(921,'L','','2009-01-09 00:00:00',0,'','','','','','',101,12,14),(922,'L','','2009-01-10 00:00:00',0,'','','','','','',101,12,14),(923,'L','','2009-01-11 00:00:00',0,'','','','','','',101,12,14),(924,'L','','2009-01-12 00:00:00',0,'','','','','','',101,12,14),(925,'L','','2009-01-13 00:00:00',0,'','','','','','',101,12,14),(926,'L','','2009-01-14 00:00:00',0,'','','','','','',101,12,14),(927,'L','','2009-01-15 00:00:00',0,'','','','','','',101,12,14),(928,'L','','2009-01-16 00:00:00',0,'','','','','','',101,12,14),(929,'L','','2009-01-17 00:00:00',0,'','','','','','',101,12,14),(930,'L',NULL,'2009-01-18 00:00:00',0,NULL,NULL,NULL,NULL,NULL,NULL,101,12,14),(931,'L',NULL,'2009-01-19 00:00:00',0,NULL,NULL,NULL,NULL,NULL,NULL,101,12,14),(932,'L',NULL,'2009-01-20 00:00:00',0,NULL,NULL,NULL,NULL,NULL,NULL,101,12,14),(933,'L',NULL,'2009-01-21 00:00:00',0,NULL,NULL,NULL,NULL,NULL,NULL,101,12,14),(934,'L',NULL,'2009-01-22 00:00:00',0,NULL,NULL,NULL,NULL,NULL,NULL,101,12,14),(935,'L',NULL,'2009-01-23 00:00:00',0,NULL,NULL,NULL,NULL,NULL,NULL,101,12,14),(936,'T',NULL,'2009-01-24 00:00:00',0,NULL,NULL,NULL,NULL,NULL,NULL,101,12,14),(937,'W',NULL,'2009-01-25 00:00:00',0,NULL,NULL,NULL,NULL,NULL,NULL,101,12,14),(938,'W',NULL,'2009-01-26 00:00:00',0,NULL,NULL,NULL,NULL,NULL,NULL,101,12,14),(939,'W',NULL,'2009-01-27 00:00:00',0,NULL,NULL,NULL,NULL,NULL,NULL,101,12,14),(940,'W',NULL,'2009-01-28 00:00:00',0,NULL,NULL,NULL,NULL,NULL,NULL,101,12,14),(941,'T',NULL,'2009-01-29 00:00:00',0,NULL,NULL,NULL,NULL,NULL,NULL,101,12,14),(942,'T',NULL,'2009-01-30 00:00:00',0,NULL,NULL,NULL,NULL,NULL,NULL,101,12,14),(943,'T',NULL,'2009-01-31 00:00:00',0,NULL,NULL,NULL,NULL,NULL,NULL,101,12,14),(944,'T',NULL,'2009-02-01 00:00:00',0,NULL,NULL,NULL,NULL,NULL,NULL,101,12,14),(945,'T',NULL,'2009-02-02 00:00:00',0,NULL,NULL,NULL,NULL,NULL,NULL,101,12,14),(946,'T',NULL,'2009-02-03 00:00:00',0,NULL,NULL,NULL,NULL,NULL,NULL,101,12,14),(947,'T',NULL,'2009-02-04 00:00:00',0,NULL,NULL,NULL,NULL,NULL,NULL,101,12,14),(948,'T',NULL,'2009-02-05 00:00:00',0,NULL,NULL,NULL,NULL,NULL,NULL,101,12,14),(949,'T',NULL,'2009-02-06 00:00:00',0,NULL,NULL,NULL,NULL,NULL,NULL,101,12,14),(950,'T',NULL,'2009-02-07 00:00:00',0,NULL,NULL,NULL,NULL,NULL,NULL,101,12,14),(951,'T',NULL,'2009-02-08 00:00:00',0,NULL,NULL,NULL,NULL,NULL,NULL,101,12,14),(952,'T',NULL,'2009-02-09 00:00:00',0,NULL,NULL,NULL,NULL,NULL,NULL,101,12,14),(953,'T',NULL,'2009-02-10 00:00:00',0,NULL,NULL,NULL,NULL,NULL,NULL,101,12,14),(954,'T',NULL,'2009-02-11 00:00:00',0,NULL,NULL,NULL,NULL,NULL,NULL,101,12,14),(955,'T',NULL,'2009-02-12 00:00:00',0,NULL,NULL,NULL,NULL,NULL,NULL,101,12,14),(956,'T',NULL,'2009-02-13 00:00:00',0,NULL,NULL,NULL,NULL,NULL,NULL,101,12,14),(957,'T',NULL,'2009-02-14 00:00:00',0,NULL,NULL,NULL,NULL,NULL,NULL,101,12,14),(958,'T',NULL,'2009-02-15 00:00:00',0,NULL,NULL,NULL,NULL,NULL,NULL,101,12,14),(959,'T',NULL,'2009-02-16 00:00:00',0,NULL,NULL,NULL,NULL,NULL,NULL,101,12,14),(960,'T',NULL,'2009-02-17 00:00:00',0,NULL,NULL,NULL,NULL,NULL,NULL,101,12,14),(961,'T',NULL,'2009-02-18 00:00:00',0,NULL,NULL,NULL,NULL,NULL,NULL,101,12,14),(962,'T',NULL,'2009-02-19 00:00:00',0,NULL,NULL,NULL,NULL,NULL,NULL,101,12,14),(963,'T',NULL,'2009-02-20 00:00:00',0,NULL,NULL,NULL,NULL,NULL,NULL,101,12,14),(964,'T',NULL,'2009-02-21 00:00:00',0,NULL,NULL,NULL,NULL,NULL,NULL,101,12,14),(965,'T',NULL,'2009-02-22 00:00:00',0,NULL,NULL,NULL,NULL,NULL,NULL,101,12,14),(966,'T',NULL,'2009-02-23 00:00:00',0,NULL,NULL,NULL,NULL,NULL,NULL,101,12,14),(967,'T',NULL,'2009-02-24 00:00:00',0,NULL,NULL,NULL,NULL,NULL,NULL,101,12,14),(968,'T',NULL,'2009-02-25 00:00:00',0,NULL,NULL,NULL,NULL,NULL,NULL,101,12,14),(969,'T',NULL,'2009-02-26 00:00:00',0,NULL,NULL,NULL,NULL,NULL,NULL,101,12,14),(970,'T',NULL,'2009-02-27 00:00:00',0,NULL,NULL,NULL,NULL,NULL,NULL,101,12,14),(971,'T',NULL,'2009-02-28 00:00:00',0,NULL,NULL,NULL,NULL,NULL,NULL,101,12,14),(972,'T',NULL,'2009-03-01 00:00:00',0,NULL,NULL,NULL,NULL,NULL,NULL,101,12,14),(973,'T',NULL,'2009-03-02 00:00:00',0,NULL,NULL,NULL,NULL,NULL,NULL,101,12,14),(974,'T',NULL,'2009-03-03 00:00:00',0,NULL,NULL,NULL,NULL,NULL,NULL,101,12,14),(975,'T',NULL,'2009-03-04 00:00:00',0,NULL,NULL,NULL,NULL,NULL,NULL,101,12,14),(976,'T',NULL,'2009-03-05 00:00:00',0,NULL,NULL,NULL,NULL,NULL,NULL,101,12,14),(977,'T',NULL,'2009-03-06 00:00:00',0,NULL,NULL,NULL,NULL,NULL,NULL,101,12,14),(978,'T',NULL,'2009-03-07 00:00:00',0,NULL,NULL,NULL,NULL,NULL,NULL,101,12,14),(979,'T',NULL,'2009-03-08 00:00:00',0,NULL,NULL,NULL,NULL,NULL,NULL,101,12,14),(980,'T',NULL,'2009-03-09 00:00:00',0,NULL,NULL,NULL,NULL,NULL,NULL,101,12,14),(981,'T',NULL,'2009-03-10 00:00:00',0,NULL,NULL,NULL,NULL,NULL,NULL,101,12,14),(982,'T',NULL,'2009-03-11 00:00:00',0,NULL,NULL,NULL,NULL,NULL,NULL,101,12,14),(983,'T',NULL,'2009-03-12 00:00:00',0,NULL,NULL,NULL,NULL,NULL,NULL,101,12,14),(984,'T',NULL,'2009-03-13 00:00:00',0,NULL,NULL,NULL,NULL,NULL,NULL,101,12,14),(985,'T',NULL,'2009-03-14 00:00:00',0,NULL,NULL,NULL,NULL,NULL,NULL,101,12,14),(986,'T',NULL,'2009-03-15 00:00:00',0,NULL,NULL,NULL,NULL,NULL,NULL,101,12,14),(987,'T',NULL,'2009-03-16 00:00:00',0,NULL,NULL,NULL,NULL,NULL,NULL,101,12,14),(988,'T',NULL,'2009-03-17 00:00:00',0,NULL,NULL,NULL,NULL,NULL,NULL,101,12,14),(989,'T',NULL,'2009-03-18 00:00:00',0,NULL,NULL,NULL,NULL,NULL,NULL,101,12,14),(990,'T',NULL,'2009-03-19 00:00:00',0,NULL,NULL,NULL,NULL,NULL,NULL,101,12,14),(991,'T',NULL,'2009-03-20 00:00:00',0,NULL,NULL,NULL,NULL,NULL,NULL,101,12,14),(992,'T',NULL,'2009-03-21 00:00:00',0,NULL,NULL,NULL,NULL,NULL,NULL,101,12,14),(993,'T',NULL,'2009-03-22 00:00:00',0,NULL,NULL,NULL,NULL,NULL,NULL,101,12,14),(994,'T',NULL,'2009-03-23 00:00:00',0,NULL,NULL,NULL,NULL,NULL,NULL,101,12,14),(995,'T',NULL,'2009-03-24 00:00:00',0,NULL,NULL,NULL,NULL,NULL,NULL,101,12,14),(996,'T',NULL,'2009-03-25 00:00:00',0,NULL,NULL,NULL,NULL,NULL,NULL,101,12,14),(997,'T',NULL,'2009-03-26 00:00:00',0,NULL,NULL,NULL,NULL,NULL,NULL,101,12,14),(998,'T',NULL,'2009-03-27 00:00:00',0,NULL,NULL,NULL,NULL,NULL,NULL,101,12,14),(999,'T',NULL,'2009-03-28 00:00:00',0,NULL,NULL,NULL,NULL,NULL,NULL,101,12,14),(1000,'T',NULL,'2009-03-29 00:00:00',0,NULL,NULL,NULL,NULL,NULL,NULL,101,12,14),(1001,'T',NULL,'2009-03-30 00:00:00',0,NULL,NULL,NULL,NULL,NULL,NULL,101,12,14),(1002,'T',NULL,'2009-03-31 00:00:00',0,NULL,NULL,NULL,NULL,NULL,NULL,101,12,14),(1003,'T',NULL,'2009-04-01 00:00:00',0,NULL,NULL,NULL,NULL,NULL,NULL,101,12,14),(1004,'T',NULL,'2009-04-02 00:00:00',0,NULL,NULL,NULL,NULL,NULL,NULL,101,12,14),(1005,'T',NULL,'2009-04-03 00:00:00',0,NULL,NULL,NULL,NULL,NULL,NULL,101,12,14),(1006,'T',NULL,'2009-04-04 00:00:00',0,NULL,NULL,NULL,NULL,NULL,NULL,101,12,14),(1007,'T',NULL,'2009-04-05 00:00:00',0,NULL,NULL,NULL,NULL,NULL,NULL,101,12,14),(1008,'T',NULL,'2009-04-06 00:00:00',0,NULL,NULL,NULL,NULL,NULL,NULL,101,12,14),(1009,'T',NULL,'2009-04-07 00:00:00',0,NULL,NULL,NULL,NULL,NULL,NULL,101,12,14),(1010,'T',NULL,'2009-04-08 00:00:00',0,NULL,NULL,NULL,NULL,NULL,NULL,101,12,14),(1011,'T',NULL,'2009-04-09 00:00:00',0,NULL,NULL,NULL,NULL,NULL,NULL,101,12,14),(1012,'T',NULL,'2009-04-10 00:00:00',0,NULL,NULL,NULL,NULL,NULL,NULL,101,12,14),(1013,'T',NULL,'2009-04-11 00:00:00',0,NULL,NULL,NULL,NULL,NULL,NULL,101,12,14),(1014,'T',NULL,'2009-04-12 00:00:00',0,NULL,NULL,NULL,NULL,NULL,NULL,101,12,14),(1015,'T',NULL,'2009-04-13 00:00:00',0,NULL,NULL,NULL,NULL,NULL,NULL,101,12,14),(1016,'T',NULL,'2009-04-14 00:00:00',0,NULL,NULL,NULL,NULL,NULL,NULL,101,12,14),(1017,'T',NULL,'2009-04-15 00:00:00',0,NULL,NULL,NULL,NULL,NULL,NULL,101,12,14),(1018,'T',NULL,'2009-04-16 00:00:00',0,NULL,NULL,NULL,NULL,NULL,NULL,101,12,14),(1019,'T',NULL,'2009-04-17 00:00:00',0,NULL,NULL,NULL,NULL,NULL,NULL,101,12,14),(1020,'T',NULL,'2009-04-18 00:00:00',0,NULL,NULL,NULL,NULL,NULL,NULL,101,12,14),(1021,'T',NULL,'2009-04-19 00:00:00',0,NULL,NULL,NULL,NULL,NULL,NULL,101,12,14),(1022,'T',NULL,'2009-04-20 00:00:00',0,NULL,NULL,NULL,NULL,NULL,NULL,101,12,14),(1023,'T',NULL,'2009-04-21 00:00:00',0,NULL,NULL,NULL,NULL,NULL,NULL,101,12,14),(1024,'T',NULL,'2009-04-22 00:00:00',0,NULL,NULL,NULL,NULL,NULL,NULL,101,12,14),(1025,'T',NULL,'2009-04-23 00:00:00',0,NULL,NULL,NULL,NULL,NULL,NULL,101,12,14),(1026,'T',NULL,'2009-04-24 00:00:00',0,NULL,NULL,NULL,NULL,NULL,NULL,101,12,14),(1027,'T',NULL,'2009-04-25 00:00:00',0,NULL,NULL,NULL,NULL,NULL,NULL,101,12,14),(1028,'T',NULL,'2009-04-26 00:00:00',0,NULL,NULL,NULL,NULL,NULL,NULL,101,12,14),(1029,'T',NULL,'2009-04-27 00:00:00',0,NULL,NULL,NULL,NULL,NULL,NULL,101,12,14),(1030,'T',NULL,'2009-04-28 00:00:00',0,NULL,NULL,NULL,NULL,NULL,NULL,101,12,14),(1031,'T',NULL,'2009-04-29 00:00:00',0,NULL,NULL,NULL,NULL,NULL,NULL,101,12,14),(1032,'T',NULL,'2009-04-30 00:00:00',0,NULL,NULL,NULL,NULL,NULL,NULL,101,12,14),(1033,'T',NULL,'2009-05-01 00:00:00',0,NULL,NULL,NULL,NULL,NULL,NULL,101,12,14),(1034,'T',NULL,'2009-05-02 00:00:00',0,NULL,NULL,NULL,NULL,NULL,NULL,101,12,14),(1035,'T',NULL,'2009-05-03 00:00:00',0,NULL,NULL,NULL,NULL,NULL,NULL,101,12,14),(1036,'T',NULL,'2009-05-04 00:00:00',0,NULL,NULL,NULL,NULL,NULL,NULL,101,12,14),(1037,'T',NULL,'2009-05-05 00:00:00',0,NULL,NULL,NULL,NULL,NULL,NULL,101,12,14),(1038,'T',NULL,'2009-05-06 00:00:00',0,NULL,NULL,NULL,NULL,NULL,NULL,101,12,14),(1039,'T',NULL,'2009-05-07 00:00:00',0,NULL,NULL,NULL,NULL,NULL,NULL,101,12,14),(1040,'T',NULL,'2009-05-08 00:00:00',0,NULL,NULL,NULL,NULL,NULL,NULL,101,12,14),(1041,'T',NULL,'2009-05-09 00:00:00',0,NULL,NULL,NULL,NULL,NULL,NULL,101,12,14),(1042,'T',NULL,'2009-05-10 00:00:00',0,NULL,NULL,NULL,NULL,NULL,NULL,101,12,14),(1043,'T',NULL,'2009-05-11 00:00:00',0,NULL,NULL,NULL,NULL,NULL,NULL,101,12,14),(1044,'T',NULL,'2009-05-12 00:00:00',0,NULL,NULL,NULL,NULL,NULL,NULL,101,12,14),(1045,'T',NULL,'2009-05-13 00:00:00',0,NULL,NULL,NULL,NULL,NULL,NULL,101,12,14),(1046,'T',NULL,'2009-05-14 00:00:00',0,NULL,NULL,NULL,NULL,NULL,NULL,101,12,14),(1047,'T',NULL,'2009-05-15 00:00:00',0,NULL,NULL,NULL,NULL,NULL,NULL,101,12,14),(1048,'T',NULL,'2009-05-16 00:00:00',0,NULL,NULL,NULL,NULL,NULL,NULL,101,12,14),(1049,'T',NULL,'2009-05-17 00:00:00',0,NULL,NULL,NULL,NULL,NULL,NULL,101,12,14),(1050,'T',NULL,'2009-05-18 00:00:00',0,NULL,NULL,NULL,NULL,NULL,NULL,101,12,14),(1051,'T',NULL,'2009-05-19 00:00:00',0,NULL,NULL,NULL,NULL,NULL,NULL,101,12,14),(1052,'T',NULL,'2009-05-20 00:00:00',0,NULL,NULL,NULL,NULL,NULL,NULL,101,12,14),(1053,'T',NULL,'2009-05-21 00:00:00',0,NULL,NULL,NULL,NULL,NULL,NULL,101,12,14),(1054,'T',NULL,'2009-05-22 00:00:00',0,NULL,NULL,NULL,NULL,NULL,NULL,101,12,14),(1055,'T',NULL,'2009-05-23 00:00:00',0,NULL,NULL,NULL,NULL,NULL,NULL,101,12,14),(1056,'T',NULL,'2009-05-24 00:00:00',0,NULL,NULL,NULL,NULL,NULL,NULL,101,12,14),(1057,'T',NULL,'2009-05-25 00:00:00',0,NULL,NULL,NULL,NULL,NULL,NULL,101,12,14),(1058,'T',NULL,'2009-05-26 00:00:00',0,NULL,NULL,NULL,NULL,NULL,NULL,101,12,14),(1059,'T',NULL,'2009-05-27 00:00:00',0,NULL,NULL,NULL,NULL,NULL,NULL,101,12,14),(1060,'T',NULL,'2009-05-28 00:00:00',0,NULL,NULL,NULL,NULL,NULL,NULL,101,12,14),(1061,'T',NULL,'2009-05-29 00:00:00',0,NULL,NULL,NULL,NULL,NULL,NULL,101,12,14),(1062,'T',NULL,'2009-05-30 00:00:00',0,NULL,NULL,NULL,NULL,NULL,NULL,101,12,14),(1063,'T',NULL,'2009-05-31 00:00:00',0,NULL,NULL,NULL,NULL,NULL,NULL,101,12,14),(1064,'T',NULL,'2009-06-01 00:00:00',0,NULL,NULL,NULL,NULL,NULL,NULL,101,12,14),(1065,'T',NULL,'2009-06-02 00:00:00',0,NULL,NULL,NULL,NULL,NULL,NULL,101,12,14),(1066,'T',NULL,'2009-06-03 00:00:00',0,NULL,NULL,NULL,NULL,NULL,NULL,101,12,14),(1067,'T',NULL,'2009-06-04 00:00:00',0,NULL,NULL,NULL,NULL,NULL,NULL,101,12,14),(1068,'T',NULL,'2009-06-05 00:00:00',0,NULL,NULL,NULL,NULL,NULL,NULL,101,12,14),(1069,'T',NULL,'2009-06-06 00:00:00',0,NULL,NULL,NULL,NULL,NULL,NULL,101,12,14),(1070,'T',NULL,'2009-06-07 00:00:00',0,NULL,NULL,NULL,NULL,NULL,NULL,101,12,14),(1071,'T',NULL,'2009-06-08 00:00:00',0,NULL,NULL,NULL,NULL,NULL,NULL,101,12,14),(1072,'T',NULL,'2009-06-09 00:00:00',0,NULL,NULL,NULL,NULL,NULL,NULL,101,12,14),(1073,'T',NULL,'2009-06-10 00:00:00',0,NULL,NULL,NULL,NULL,NULL,NULL,101,12,14),(1074,'T',NULL,'2009-06-11 00:00:00',0,NULL,NULL,NULL,NULL,NULL,NULL,101,12,14),(1075,'T',NULL,'2009-06-12 00:00:00',0,NULL,NULL,NULL,NULL,NULL,NULL,101,12,14),(1076,'T',NULL,'2009-06-13 00:00:00',0,NULL,NULL,NULL,NULL,NULL,NULL,101,12,14),(1077,'T',NULL,'2009-06-14 00:00:00',0,NULL,NULL,NULL,NULL,NULL,NULL,101,12,14),(1078,'T',NULL,'2009-06-15 00:00:00',0,NULL,NULL,NULL,NULL,NULL,NULL,101,12,14),(1079,'T',NULL,'2009-06-16 00:00:00',0,NULL,NULL,NULL,NULL,NULL,NULL,101,12,14),(1080,'T',NULL,'2009-06-17 00:00:00',0,NULL,NULL,NULL,NULL,NULL,NULL,101,12,14),(1081,'T',NULL,'2009-06-18 00:00:00',0,NULL,NULL,NULL,NULL,NULL,NULL,101,12,14),(1082,'T',NULL,'2009-06-19 00:00:00',0,NULL,NULL,NULL,NULL,NULL,NULL,101,12,14),(1083,'T',NULL,'2009-06-20 00:00:00',0,NULL,NULL,NULL,NULL,NULL,NULL,101,12,14),(1084,'T',NULL,'2009-06-21 00:00:00',0,NULL,NULL,NULL,NULL,NULL,NULL,101,12,14),(1085,'T',NULL,'2009-06-22 00:00:00',0,NULL,NULL,NULL,NULL,NULL,NULL,101,12,14),(1086,'T',NULL,'2009-06-23 00:00:00',0,NULL,NULL,NULL,NULL,NULL,NULL,101,12,14),(1087,'T',NULL,'2009-06-24 00:00:00',0,NULL,NULL,NULL,NULL,NULL,NULL,101,12,14),(1088,'T',NULL,'2009-06-25 00:00:00',0,NULL,NULL,NULL,NULL,NULL,NULL,101,12,14),(1089,'T',NULL,'2009-06-26 00:00:00',0,NULL,NULL,NULL,NULL,NULL,NULL,101,12,14),(1090,'T',NULL,'2009-06-27 00:00:00',0,NULL,NULL,NULL,NULL,NULL,NULL,101,12,14),(1091,'T',NULL,'2009-06-28 00:00:00',0,NULL,NULL,NULL,NULL,NULL,NULL,101,12,14),(1092,'T',NULL,'2009-06-29 00:00:00',0,NULL,NULL,NULL,NULL,NULL,NULL,101,12,14),(1093,'T',NULL,'2009-06-30 00:00:00',0,NULL,NULL,NULL,NULL,NULL,NULL,101,12,14),(1094,'T',NULL,'2009-07-01 00:00:00',0,NULL,NULL,NULL,NULL,NULL,NULL,101,12,14),(1095,'T',NULL,'2009-07-02 00:00:00',0,NULL,NULL,NULL,NULL,NULL,NULL,101,12,14),(1096,'T',NULL,'2009-07-03 00:00:00',0,NULL,NULL,NULL,NULL,NULL,NULL,101,12,14),(1097,'T',NULL,'2009-07-04 00:00:00',0,NULL,NULL,NULL,NULL,NULL,NULL,101,12,14),(1098,'T',NULL,'2009-07-05 00:00:00',0,NULL,NULL,NULL,NULL,NULL,NULL,101,12,14),(1099,'T',NULL,'2009-07-06 00:00:00',0,NULL,NULL,NULL,NULL,NULL,NULL,101,12,14),(1100,'T',NULL,'2009-07-07 00:00:00',0,NULL,NULL,NULL,NULL,NULL,NULL,101,12,14),(1101,'T',NULL,'2009-07-08 00:00:00',0,NULL,NULL,NULL,NULL,NULL,NULL,101,12,14),(1102,'T',NULL,'2009-07-09 00:00:00',0,NULL,NULL,NULL,NULL,NULL,NULL,101,12,14),(1103,'T',NULL,'2009-07-10 00:00:00',0,NULL,NULL,NULL,NULL,NULL,NULL,101,12,14),(1104,'T',NULL,'2009-07-11 00:00:00',0,NULL,NULL,NULL,NULL,NULL,NULL,101,12,14),(1105,'T',NULL,'2009-07-12 00:00:00',0,NULL,NULL,NULL,NULL,NULL,NULL,101,12,14),(1106,'T',NULL,'2009-07-13 00:00:00',0,NULL,NULL,NULL,NULL,NULL,NULL,101,12,14),(1107,'T',NULL,'2009-07-14 00:00:00',0,NULL,NULL,NULL,NULL,NULL,NULL,101,12,14),(1108,'T',NULL,'2009-07-15 00:00:00',0,NULL,NULL,NULL,NULL,NULL,NULL,101,12,14),(1109,'T',NULL,'2009-07-16 00:00:00',0,NULL,NULL,NULL,NULL,NULL,NULL,101,12,14),(1110,'T',NULL,'2009-07-17 00:00:00',0,NULL,NULL,NULL,NULL,NULL,NULL,101,12,14),(1111,'T',NULL,'2009-07-18 00:00:00',0,NULL,NULL,NULL,NULL,NULL,NULL,101,12,14),(1112,'T',NULL,'2009-07-19 00:00:00',0,NULL,NULL,NULL,NULL,NULL,NULL,101,12,14),(1113,'T',NULL,'2009-07-20 00:00:00',0,NULL,NULL,NULL,NULL,NULL,NULL,101,12,14),(1114,'T',NULL,'2009-07-21 00:00:00',0,NULL,NULL,NULL,NULL,NULL,NULL,101,12,14),(1115,'T',NULL,'2009-07-22 00:00:00',0,NULL,NULL,NULL,NULL,NULL,NULL,101,12,14),(1116,'T',NULL,'2009-07-23 00:00:00',0,NULL,NULL,NULL,NULL,NULL,NULL,101,12,14),(1117,'T',NULL,'2009-07-24 00:00:00',0,NULL,NULL,NULL,NULL,NULL,NULL,101,12,14),(1118,'T',NULL,'2009-07-25 00:00:00',0,NULL,NULL,NULL,NULL,NULL,NULL,101,12,14),(1119,'T',NULL,'2009-07-26 00:00:00',0,NULL,NULL,NULL,NULL,NULL,NULL,101,12,14),(1120,'T',NULL,'2009-07-27 00:00:00',0,NULL,NULL,NULL,NULL,NULL,NULL,101,12,14),(1121,'T',NULL,'2009-07-28 00:00:00',0,NULL,NULL,NULL,NULL,NULL,NULL,101,12,14),(1122,'T',NULL,'2009-07-29 00:00:00',0,NULL,NULL,NULL,NULL,NULL,NULL,101,12,14),(1123,'T',NULL,'2009-07-30 00:00:00',0,NULL,NULL,NULL,NULL,NULL,NULL,101,12,14),(1124,'T',NULL,'2009-07-31 00:00:00',0,NULL,NULL,NULL,NULL,NULL,NULL,101,12,14),(1125,'T',NULL,'2009-08-01 00:00:00',0,NULL,NULL,NULL,NULL,NULL,NULL,101,12,14),(1126,'T',NULL,'2009-08-02 00:00:00',0,NULL,NULL,NULL,NULL,NULL,NULL,101,12,14),(1127,'T',NULL,'2009-08-03 00:00:00',0,NULL,NULL,NULL,NULL,NULL,NULL,101,12,14),(1128,'T',NULL,'2009-08-04 00:00:00',0,NULL,NULL,NULL,NULL,NULL,NULL,101,12,14),(1129,'T',NULL,'2009-08-05 00:00:00',0,NULL,NULL,NULL,NULL,NULL,NULL,101,12,14),(1130,'T',NULL,'2009-08-06 00:00:00',0,NULL,NULL,NULL,NULL,NULL,NULL,101,12,14),(1131,'T',NULL,'2009-08-07 00:00:00',0,NULL,NULL,NULL,NULL,NULL,NULL,101,12,14),(1132,'T',NULL,'2009-08-08 00:00:00',0,NULL,NULL,NULL,NULL,NULL,NULL,101,12,14),(1133,'T',NULL,'2009-08-09 00:00:00',0,NULL,NULL,NULL,NULL,NULL,NULL,101,12,14),(1134,'T',NULL,'2009-08-10 00:00:00',0,NULL,NULL,NULL,NULL,NULL,NULL,101,12,14),(1135,'T',NULL,'2009-08-11 00:00:00',0,NULL,NULL,NULL,NULL,NULL,NULL,101,12,14),(1136,'T',NULL,'2009-08-12 00:00:00',0,NULL,NULL,NULL,NULL,NULL,NULL,101,12,14),(1137,'T',NULL,'2009-08-13 00:00:00',0,NULL,NULL,NULL,NULL,NULL,NULL,101,12,14),(1138,'T',NULL,'2009-08-14 00:00:00',0,NULL,NULL,NULL,NULL,NULL,NULL,101,12,14),(1139,'T',NULL,'2009-08-15 00:00:00',0,NULL,NULL,NULL,NULL,NULL,NULL,101,12,14),(1140,'T',NULL,'2009-08-16 00:00:00',0,NULL,NULL,NULL,NULL,NULL,NULL,101,12,14),(1141,'T',NULL,'2009-08-17 00:00:00',0,NULL,NULL,NULL,NULL,NULL,NULL,101,12,14),(1142,'T',NULL,'2009-08-18 00:00:00',0,NULL,NULL,NULL,NULL,NULL,NULL,101,12,14),(1143,'T',NULL,'2009-08-19 00:00:00',0,NULL,NULL,NULL,NULL,NULL,NULL,101,12,14),(1144,'T',NULL,'2009-08-20 00:00:00',0,NULL,NULL,NULL,NULL,NULL,NULL,101,12,14),(1145,'T',NULL,'2009-08-21 00:00:00',0,NULL,NULL,NULL,NULL,NULL,NULL,101,12,14),(1146,'T',NULL,'2009-08-22 00:00:00',0,NULL,NULL,NULL,NULL,NULL,NULL,101,12,14),(1147,'T',NULL,'2009-08-23 00:00:00',0,NULL,NULL,NULL,NULL,NULL,NULL,101,12,14),(1148,'T',NULL,'2009-08-24 00:00:00',0,NULL,NULL,NULL,NULL,NULL,NULL,101,12,14),(1149,'T',NULL,'2009-08-25 00:00:00',0,NULL,NULL,NULL,NULL,NULL,NULL,101,12,14),(1150,'T',NULL,'2009-08-26 00:00:00',0,NULL,NULL,NULL,NULL,NULL,NULL,101,12,14),(1151,'T',NULL,'2009-08-27 00:00:00',0,NULL,NULL,NULL,NULL,NULL,NULL,101,12,14),(1152,'T',NULL,'2009-08-28 00:00:00',0,NULL,NULL,NULL,NULL,NULL,NULL,101,12,14),(1153,'T',NULL,'2009-08-29 00:00:00',0,NULL,NULL,NULL,NULL,NULL,NULL,101,12,14),(1154,'T',NULL,'2009-08-30 00:00:00',0,NULL,NULL,NULL,NULL,NULL,NULL,101,12,14),(1155,'T',NULL,'2009-08-31 00:00:00',0,NULL,NULL,NULL,NULL,NULL,NULL,101,12,14),(1156,'T',NULL,'2009-09-01 00:00:00',0,NULL,NULL,NULL,NULL,NULL,NULL,101,12,14),(1157,'T',NULL,'2009-09-02 00:00:00',0,NULL,NULL,NULL,NULL,NULL,NULL,101,12,14),(1158,'T',NULL,'2009-09-03 00:00:00',0,NULL,NULL,NULL,NULL,NULL,NULL,101,12,14),(1159,'T',NULL,'2009-09-04 00:00:00',0,NULL,NULL,NULL,NULL,NULL,NULL,101,12,14),(1160,'T',NULL,'2009-09-05 00:00:00',0,NULL,NULL,NULL,NULL,NULL,NULL,101,12,14),(1161,'T',NULL,'2009-09-06 00:00:00',0,NULL,NULL,NULL,NULL,NULL,NULL,101,12,14),(1162,'T',NULL,'2009-09-07 00:00:00',0,NULL,NULL,NULL,NULL,NULL,NULL,101,12,14),(1163,'T',NULL,'2009-09-08 00:00:00',0,NULL,NULL,NULL,NULL,NULL,NULL,101,12,14),(1164,'T',NULL,'2009-09-09 00:00:00',0,NULL,NULL,NULL,NULL,NULL,NULL,101,12,14),(1165,'T',NULL,'2009-09-10 00:00:00',0,NULL,NULL,NULL,NULL,NULL,NULL,101,12,14),(1166,'T',NULL,'2009-09-11 00:00:00',0,NULL,NULL,NULL,NULL,NULL,NULL,101,12,14),(1167,'T',NULL,'2009-09-12 00:00:00',0,NULL,NULL,NULL,NULL,NULL,NULL,101,12,14),(1168,'T',NULL,'2009-09-13 00:00:00',0,NULL,NULL,NULL,NULL,NULL,NULL,101,12,14),(1169,'T',NULL,'2009-09-14 00:00:00',0,NULL,NULL,NULL,NULL,NULL,NULL,101,12,14),(1170,'T',NULL,'2009-09-15 00:00:00',0,NULL,NULL,NULL,NULL,NULL,NULL,101,12,14),(1171,'T',NULL,'2009-09-16 00:00:00',0,NULL,NULL,NULL,NULL,NULL,NULL,101,12,14),(1172,'T',NULL,'2009-09-17 00:00:00',0,NULL,NULL,NULL,NULL,NULL,NULL,101,12,14),(1173,'T',NULL,'2009-09-18 00:00:00',0,NULL,NULL,NULL,NULL,NULL,NULL,101,12,14),(1174,'T',NULL,'2009-09-19 00:00:00',0,NULL,NULL,NULL,NULL,NULL,NULL,101,12,14),(1175,'T',NULL,'2009-09-20 00:00:00',0,NULL,NULL,NULL,NULL,NULL,NULL,101,12,14),(1176,'T',NULL,'2009-09-21 00:00:00',0,NULL,NULL,NULL,NULL,NULL,NULL,101,12,14),(1177,'T',NULL,'2009-09-22 00:00:00',0,NULL,NULL,NULL,NULL,NULL,NULL,101,12,14),(1178,'T',NULL,'2009-09-23 00:00:00',0,NULL,NULL,NULL,NULL,NULL,NULL,101,12,14),(1179,'T',NULL,'2009-09-24 00:00:00',0,NULL,NULL,NULL,NULL,NULL,NULL,101,12,14),(1180,'T',NULL,'2009-09-25 00:00:00',0,NULL,NULL,NULL,NULL,NULL,NULL,101,12,14),(1181,'T',NULL,'2009-09-26 00:00:00',0,NULL,NULL,NULL,NULL,NULL,NULL,101,12,14),(1182,'T',NULL,'2009-09-27 00:00:00',0,NULL,NULL,NULL,NULL,NULL,NULL,101,12,14),(1183,'T',NULL,'2009-09-28 00:00:00',0,NULL,NULL,NULL,NULL,NULL,NULL,101,12,14),(1184,'T',NULL,'2009-09-29 00:00:00',0,NULL,NULL,NULL,NULL,NULL,NULL,101,12,14),(1185,'T',NULL,'2009-09-30 00:00:00',0,NULL,NULL,NULL,NULL,NULL,NULL,101,12,14),(1186,'T',NULL,'2009-10-01 00:00:00',0,NULL,NULL,NULL,NULL,NULL,NULL,101,12,14),(1187,'T',NULL,'2009-10-02 00:00:00',0,NULL,NULL,NULL,NULL,NULL,NULL,101,12,14),(1188,'T',NULL,'2009-10-03 00:00:00',0,NULL,NULL,NULL,NULL,NULL,NULL,101,12,14),(1189,'T',NULL,'2009-10-04 00:00:00',0,NULL,NULL,NULL,NULL,NULL,NULL,101,12,14),(1190,'T',NULL,'2009-10-05 00:00:00',0,NULL,NULL,NULL,NULL,NULL,NULL,101,12,14),(1191,'T',NULL,'2009-10-06 00:00:00',0,NULL,NULL,NULL,NULL,NULL,NULL,101,12,14),(1192,'T',NULL,'2009-10-07 00:00:00',0,NULL,NULL,NULL,NULL,NULL,NULL,101,12,14),(1193,'T',NULL,'2009-10-08 00:00:00',0,NULL,NULL,NULL,NULL,NULL,NULL,101,12,14),(1194,'T',NULL,'2009-10-09 00:00:00',0,NULL,NULL,NULL,NULL,NULL,NULL,101,12,14),(1195,'T',NULL,'2009-10-10 00:00:00',0,NULL,NULL,NULL,NULL,NULL,NULL,101,12,14),(1196,'T',NULL,'2009-10-11 00:00:00',0,NULL,NULL,NULL,NULL,NULL,NULL,101,12,14),(1197,'T',NULL,'2009-10-12 00:00:00',0,NULL,NULL,NULL,NULL,NULL,NULL,101,12,14),(1198,'T',NULL,'2009-10-13 00:00:00',0,NULL,NULL,NULL,NULL,NULL,NULL,101,12,14),(1199,'T',NULL,'2009-10-14 00:00:00',0,NULL,NULL,NULL,NULL,NULL,NULL,101,12,14),(1200,'T',NULL,'2009-10-15 00:00:00',0,NULL,NULL,NULL,NULL,NULL,NULL,101,12,14),(1201,'T',NULL,'2009-10-16 00:00:00',0,NULL,NULL,NULL,NULL,NULL,NULL,101,12,14),(1202,'T',NULL,'2009-10-17 00:00:00',0,NULL,NULL,NULL,NULL,NULL,NULL,101,12,14),(1203,'T',NULL,'2009-10-18 00:00:00',0,NULL,NULL,NULL,NULL,NULL,NULL,101,12,14),(1204,'T',NULL,'2009-10-19 00:00:00',0,NULL,NULL,NULL,NULL,NULL,NULL,101,12,14),(1205,'T',NULL,'2009-10-20 00:00:00',0,NULL,NULL,NULL,NULL,NULL,NULL,101,12,14),(1206,'T',NULL,'2009-10-21 00:00:00',0,NULL,NULL,NULL,NULL,NULL,NULL,101,12,14),(1207,'T',NULL,'2009-10-22 00:00:00',0,NULL,NULL,NULL,NULL,NULL,NULL,101,12,14),(1208,'T',NULL,'2009-10-23 00:00:00',0,NULL,NULL,NULL,NULL,NULL,NULL,101,12,14),(1209,'T',NULL,'2009-10-24 00:00:00',0,NULL,NULL,NULL,NULL,NULL,NULL,101,12,14),(1210,'T',NULL,'2009-10-25 00:00:00',0,NULL,NULL,NULL,NULL,NULL,NULL,101,12,14),(1211,'T',NULL,'2009-10-26 00:00:00',0,NULL,NULL,NULL,NULL,NULL,NULL,101,12,14),(1212,'T',NULL,'2009-10-27 00:00:00',0,NULL,NULL,NULL,NULL,NULL,NULL,101,12,14),(1213,'T',NULL,'2009-10-28 00:00:00',0,NULL,NULL,NULL,NULL,NULL,NULL,101,12,14),(1214,'T',NULL,'2009-10-29 00:00:00',0,NULL,NULL,NULL,NULL,NULL,NULL,101,12,14),(1215,'T',NULL,'2009-10-30 00:00:00',0,NULL,NULL,NULL,NULL,NULL,NULL,101,12,14),(1216,'T',NULL,'2009-10-31 00:00:00',0,NULL,NULL,NULL,NULL,NULL,NULL,101,12,14),(1217,'T',NULL,'2009-11-01 00:00:00',0,NULL,NULL,NULL,NULL,NULL,NULL,101,12,14),(1218,'T',NULL,'2009-11-02 00:00:00',0,NULL,NULL,NULL,NULL,NULL,NULL,101,12,14),(1219,'T',NULL,'2009-11-03 00:00:00',0,NULL,NULL,NULL,NULL,NULL,NULL,101,12,14),(1220,'T',NULL,'2009-11-04 00:00:00',0,NULL,NULL,NULL,NULL,NULL,NULL,101,12,14),(1221,'T',NULL,'2009-11-05 00:00:00',0,NULL,NULL,NULL,NULL,NULL,NULL,101,12,14),(1222,'T',NULL,'2009-11-06 00:00:00',0,NULL,NULL,NULL,NULL,NULL,NULL,101,12,14),(1223,'T',NULL,'2009-11-07 00:00:00',0,NULL,NULL,NULL,NULL,NULL,NULL,101,12,14),(1224,'T',NULL,'2009-11-08 00:00:00',0,NULL,NULL,NULL,NULL,NULL,NULL,101,12,14),(1225,'T',NULL,'2009-11-09 00:00:00',0,NULL,NULL,NULL,NULL,NULL,NULL,101,12,14),(1226,'T',NULL,'2009-11-10 00:00:00',0,NULL,NULL,NULL,NULL,NULL,NULL,101,12,14),(1227,'T',NULL,'2009-11-11 00:00:00',0,NULL,NULL,NULL,NULL,NULL,NULL,101,12,14),(1228,'T',NULL,'2009-11-12 00:00:00',0,NULL,NULL,NULL,NULL,NULL,NULL,101,12,14),(1229,'T',NULL,'2009-11-13 00:00:00',0,NULL,NULL,NULL,NULL,NULL,NULL,101,12,14),(1230,'T',NULL,'2009-11-14 00:00:00',0,NULL,NULL,NULL,NULL,NULL,NULL,101,12,14),(1231,'T',NULL,'2009-11-15 00:00:00',0,NULL,NULL,NULL,NULL,NULL,NULL,101,12,14),(1232,'T',NULL,'2009-11-16 00:00:00',0,NULL,NULL,NULL,NULL,NULL,NULL,101,12,14),(1233,'T',NULL,'2009-11-17 00:00:00',0,NULL,NULL,NULL,NULL,NULL,NULL,101,12,14),(1234,'T',NULL,'2009-11-18 00:00:00',0,NULL,NULL,NULL,NULL,NULL,NULL,101,12,14),(1235,'T',NULL,'2009-11-19 00:00:00',0,NULL,NULL,NULL,NULL,NULL,NULL,101,12,14),(1236,'T',NULL,'2009-11-20 00:00:00',0,NULL,NULL,NULL,NULL,NULL,NULL,101,12,14),(1237,'T',NULL,'2009-11-21 00:00:00',0,NULL,NULL,NULL,NULL,NULL,NULL,101,12,14),(1238,'T',NULL,'2009-11-22 00:00:00',0,NULL,NULL,NULL,NULL,NULL,NULL,101,12,14),(1239,'T',NULL,'2009-11-23 00:00:00',0,NULL,NULL,NULL,NULL,NULL,NULL,101,12,14),(1240,'T',NULL,'2009-11-24 00:00:00',0,NULL,NULL,NULL,NULL,NULL,NULL,101,12,14),(1241,'T',NULL,'2009-11-25 00:00:00',0,NULL,NULL,NULL,NULL,NULL,NULL,101,12,14),(1242,'T',NULL,'2009-11-26 00:00:00',0,NULL,NULL,NULL,NULL,NULL,NULL,101,12,14),(1243,'T',NULL,'2009-11-27 00:00:00',0,NULL,NULL,NULL,NULL,NULL,NULL,101,12,14),(1244,'T',NULL,'2009-11-28 00:00:00',0,NULL,NULL,NULL,NULL,NULL,NULL,101,12,14),(1245,'T',NULL,'2009-11-29 00:00:00',0,NULL,NULL,NULL,NULL,NULL,NULL,101,12,14),(1246,'T',NULL,'2009-11-30 00:00:00',0,NULL,NULL,NULL,NULL,NULL,NULL,101,12,14),(1247,'T',NULL,'2009-12-01 00:00:00',0,NULL,NULL,NULL,NULL,NULL,NULL,101,12,14),(1248,'T',NULL,'2009-12-02 00:00:00',0,NULL,NULL,NULL,NULL,NULL,NULL,101,12,14),(1249,'T',NULL,'2009-12-03 00:00:00',0,NULL,NULL,NULL,NULL,NULL,NULL,101,12,14),(1250,'T',NULL,'2009-12-04 00:00:00',0,NULL,NULL,NULL,NULL,NULL,NULL,101,12,14),(1251,'T',NULL,'2009-12-05 00:00:00',0,NULL,NULL,NULL,NULL,NULL,NULL,101,12,14),(1252,'T',NULL,'2009-12-06 00:00:00',0,NULL,NULL,NULL,NULL,NULL,NULL,101,12,14),(1253,'T',NULL,'2009-12-07 00:00:00',0,NULL,NULL,NULL,NULL,NULL,NULL,101,12,14),(1254,'T',NULL,'2009-12-08 00:00:00',0,NULL,NULL,NULL,NULL,NULL,NULL,101,12,14),(1255,'T',NULL,'2009-12-09 00:00:00',0,NULL,NULL,NULL,NULL,NULL,NULL,101,12,14),(1256,'T',NULL,'2009-12-10 00:00:00',0,NULL,NULL,NULL,NULL,NULL,NULL,101,12,14),(1257,'T',NULL,'2009-12-11 00:00:00',0,NULL,NULL,NULL,NULL,NULL,NULL,101,12,14),(1258,'T',NULL,'2009-12-12 00:00:00',0,NULL,NULL,NULL,NULL,NULL,NULL,101,12,14),(1259,'T',NULL,'2009-12-13 00:00:00',0,NULL,NULL,NULL,NULL,NULL,NULL,101,12,14),(1260,'T',NULL,'2009-12-14 00:00:00',0,NULL,NULL,NULL,NULL,NULL,NULL,101,12,14),(1261,'T',NULL,'2009-12-15 00:00:00',0,NULL,NULL,NULL,NULL,NULL,NULL,101,12,14),(1262,'T',NULL,'2009-12-16 00:00:00',0,NULL,NULL,NULL,NULL,NULL,NULL,101,12,14),(1263,'T',NULL,'2009-12-17 00:00:00',0,NULL,NULL,NULL,NULL,NULL,NULL,101,12,14),(1264,'T',NULL,'2009-12-18 00:00:00',0,NULL,NULL,NULL,NULL,NULL,NULL,101,12,14),(1265,'T',NULL,'2009-12-19 00:00:00',0,NULL,NULL,NULL,NULL,NULL,NULL,101,12,14),(1266,'T',NULL,'2009-12-20 00:00:00',0,NULL,NULL,NULL,NULL,NULL,NULL,101,12,14),(1267,'T',NULL,'2009-12-21 00:00:00',0,NULL,NULL,NULL,NULL,NULL,NULL,101,12,14),(1268,'T',NULL,'2009-12-22 00:00:00',0,NULL,NULL,NULL,NULL,NULL,NULL,101,12,14),(1269,'T',NULL,'2009-12-23 00:00:00',0,NULL,NULL,NULL,NULL,NULL,NULL,101,12,14),(1270,'T',NULL,'2009-12-24 00:00:00',0,NULL,NULL,NULL,NULL,NULL,NULL,101,12,14),(1271,'T',NULL,'2009-12-25 00:00:00',0,NULL,NULL,NULL,NULL,NULL,NULL,101,12,14),(1272,'T',NULL,'2009-12-26 00:00:00',0,NULL,NULL,NULL,NULL,NULL,NULL,101,12,14),(1273,'T',NULL,'2009-12-27 00:00:00',0,NULL,NULL,NULL,NULL,NULL,NULL,101,12,14),(1274,'T',NULL,'2009-12-28 00:00:00',0,NULL,NULL,NULL,NULL,NULL,NULL,101,12,14),(1275,'T',NULL,'2009-12-29 00:00:00',0,NULL,NULL,NULL,NULL,NULL,NULL,101,12,14),(1276,'T',NULL,'2009-12-30 00:00:00',0,NULL,NULL,NULL,NULL,NULL,NULL,101,12,14),(1277,'T',NULL,'2009-12-31 00:00:00',0,NULL,NULL,NULL,NULL,NULL,NULL,101,12,14),(1278,'T',NULL,'2010-01-01 00:00:00',0,NULL,NULL,NULL,NULL,NULL,NULL,101,12,14),(1279,'T',NULL,'2010-01-02 00:00:00',0,NULL,NULL,NULL,NULL,NULL,NULL,101,12,14),(1280,'L',NULL,'2010-01-03 00:00:00',0,NULL,NULL,NULL,NULL,NULL,NULL,101,12,14),(1281,'L',NULL,'2010-01-04 00:00:00',0,NULL,NULL,NULL,NULL,NULL,NULL,101,12,14),(1282,'L',NULL,'2010-01-05 00:00:00',0,NULL,NULL,NULL,NULL,NULL,NULL,101,12,14),(1283,'L',NULL,'2010-01-06 00:00:00',0,NULL,NULL,NULL,NULL,NULL,NULL,101,12,14),(1284,'L',NULL,'2010-01-07 00:00:00',0,NULL,NULL,NULL,NULL,NULL,NULL,101,12,14),(1285,'L',NULL,'2010-01-08 00:00:00',0,NULL,NULL,NULL,NULL,NULL,NULL,101,12,14),(1286,'L',NULL,'2010-01-09 00:00:00',0,NULL,NULL,NULL,NULL,NULL,NULL,101,12,14),(1287,'L',NULL,'2010-01-10 00:00:00',0,NULL,NULL,NULL,NULL,NULL,NULL,101,12,14),(1288,'L',NULL,'2010-01-11 00:00:00',0,NULL,NULL,NULL,NULL,NULL,NULL,101,12,14),(1289,'L',NULL,'2010-01-12 00:00:00',0,NULL,NULL,NULL,NULL,NULL,NULL,101,12,14),(1290,'L',NULL,'2010-01-13 00:00:00',0,NULL,NULL,NULL,NULL,NULL,NULL,101,12,14),(1291,'L',NULL,'2010-01-14 00:00:00',0,NULL,NULL,NULL,NULL,NULL,NULL,101,12,14),(1292,'L',NULL,'2010-01-15 00:00:00',0,NULL,NULL,NULL,NULL,NULL,NULL,101,7,14),(1293,'R',NULL,'2010-01-22 00:00:00',0,NULL,NULL,NULL,NULL,NULL,NULL,101,12,14),(1294,'R',NULL,'2010-01-23 00:00:00',0,NULL,NULL,NULL,NULL,NULL,NULL,101,12,14),(1295,'W',NULL,'2009-01-01 00:00:00',0,NULL,NULL,NULL,NULL,NULL,NULL,82,12,14),(1296,'W',NULL,'2009-01-02 00:00:00',0,NULL,NULL,NULL,NULL,NULL,NULL,82,12,14),(1297,'W',NULL,'2009-01-03 00:00:00',0,NULL,NULL,NULL,NULL,NULL,NULL,82,12,14),(1298,'W',NULL,'2009-01-04 00:00:00',0,NULL,NULL,NULL,NULL,NULL,NULL,82,12,14),(1299,'W',NULL,'2009-01-05 00:00:00',0,NULL,NULL,NULL,NULL,NULL,NULL,82,12,14),(1300,'W',NULL,'2009-01-06 00:00:00',0,NULL,NULL,NULL,NULL,NULL,NULL,82,12,14),(1301,'W',NULL,'2009-01-07 00:00:00',0,NULL,NULL,NULL,NULL,NULL,NULL,82,12,14),(1302,'W',NULL,'2009-01-08 00:00:00',0,NULL,NULL,NULL,NULL,NULL,NULL,82,12,14),(1303,'W',NULL,'2009-01-09 00:00:00',0,NULL,NULL,NULL,NULL,NULL,NULL,82,12,14),(1304,'W',NULL,'2009-01-10 00:00:00',0,NULL,NULL,NULL,NULL,NULL,NULL,82,12,14),(1305,'W',NULL,'2009-01-11 00:00:00',0,NULL,NULL,NULL,NULL,NULL,NULL,82,12,14),(1306,'W',NULL,'2009-01-12 00:00:00',0,NULL,NULL,NULL,NULL,NULL,NULL,82,12,14),(1307,'W',NULL,'2009-01-13 00:00:00',0,NULL,NULL,NULL,NULL,NULL,NULL,82,12,14),(1308,'W',NULL,'2009-01-14 00:00:00',0,NULL,NULL,NULL,NULL,NULL,NULL,82,12,14),(1309,'W',NULL,'2009-01-15 00:00:00',0,NULL,NULL,NULL,NULL,NULL,NULL,82,12,14),(1310,'W',NULL,'2009-01-16 00:00:00',0,NULL,NULL,NULL,NULL,NULL,NULL,82,12,14),(1311,'W',NULL,'2009-01-17 00:00:00',0,NULL,NULL,NULL,NULL,NULL,NULL,82,12,14),(1312,'W',NULL,'2009-01-18 00:00:00',0,NULL,NULL,NULL,NULL,NULL,NULL,82,12,14),(1313,'W',NULL,'2009-01-19 00:00:00',0,NULL,NULL,NULL,NULL,NULL,NULL,82,12,14),(1314,'W',NULL,'2009-01-20 00:00:00',0,NULL,NULL,NULL,NULL,NULL,NULL,82,12,14),(1315,'W',NULL,'2009-01-21 00:00:00',0,NULL,NULL,NULL,NULL,NULL,NULL,82,12,14),(1316,'W',NULL,'2009-01-22 00:00:00',0,NULL,NULL,NULL,NULL,NULL,NULL,82,12,14),(1317,'W',NULL,'2010-01-01 00:00:00',0,NULL,NULL,NULL,NULL,NULL,NULL,80,11,14),(1318,'W',NULL,'2010-01-02 00:00:00',0,NULL,NULL,NULL,NULL,NULL,NULL,80,11,14),(1319,'W',NULL,'2010-01-03 00:00:00',0,NULL,NULL,NULL,NULL,NULL,NULL,80,11,14),(1320,'W',NULL,'2010-01-04 00:00:00',0,NULL,NULL,NULL,NULL,NULL,NULL,80,11,14),(1321,'W',NULL,'2010-01-05 00:00:00',0,NULL,NULL,NULL,NULL,NULL,NULL,80,11,14),(1322,'W',NULL,'2010-01-06 00:00:00',0,NULL,NULL,NULL,NULL,NULL,NULL,80,11,14),(1323,'W',NULL,'2010-01-07 00:00:00',0,NULL,NULL,NULL,NULL,NULL,NULL,80,11,14),(1324,'W',NULL,'2010-01-08 00:00:00',0,NULL,NULL,NULL,NULL,NULL,NULL,80,11,14),(1325,'W',NULL,'2010-01-09 00:00:00',0,NULL,NULL,NULL,NULL,NULL,NULL,80,11,14),(1326,'W',NULL,'2010-01-18 00:00:00',0,NULL,NULL,NULL,NULL,NULL,NULL,80,11,14),(1327,'W',NULL,'2010-01-19 00:00:00',0,NULL,NULL,NULL,NULL,NULL,NULL,80,11,14),(1328,'W',NULL,'2010-01-20 00:00:00',0,NULL,NULL,NULL,NULL,NULL,NULL,80,11,14),(1329,'W',NULL,'2010-01-21 00:00:00',0,NULL,NULL,NULL,NULL,NULL,NULL,80,11,14),(1330,'W',NULL,'2010-01-22 00:00:00',0,NULL,NULL,NULL,NULL,NULL,NULL,80,11,14),(1331,'W',NULL,'2010-01-23 00:00:00',0,NULL,NULL,NULL,NULL,NULL,NULL,80,11,14),(1332,'T',NULL,'2010-01-13 00:00:00',0,NULL,NULL,NULL,NULL,NULL,NULL,80,11,14),(1333,'T',NULL,'2010-01-14 00:00:00',0,NULL,NULL,NULL,NULL,NULL,NULL,80,11,14),(1334,'T',NULL,'2010-01-15 00:00:00',0,NULL,NULL,NULL,NULL,NULL,NULL,80,11,14),(1335,'W',NULL,'2010-01-27 00:00:00',0,NULL,NULL,NULL,NULL,NULL,NULL,80,14,1),(1336,'W',NULL,'2010-01-28 00:00:00',0,NULL,NULL,NULL,NULL,NULL,NULL,80,14,1),(1337,'W',NULL,'2010-01-29 00:00:00',0,NULL,NULL,NULL,NULL,NULL,NULL,80,14,1),(1338,'W',NULL,'2010-01-01 00:00:00',0,NULL,NULL,NULL,NULL,NULL,NULL,79,7,14),(1339,'W','','2010-03-01 00:00:00',0,'','','','','','',96,9,14),(1340,'W','','2010-03-02 00:00:00',0,'','','','','','',96,7,14),(1341,'W','','2010-03-09 00:00:00',0,'','','','','','',96,7,14),(1342,'T','','2010-03-24 00:00:00',0,'','','','','','',96,7,14),(1343,'T','','2010-03-25 00:00:00',0,'','','','','','',96,7,14),(1344,'W',NULL,'2010-03-02 00:00:00',0,NULL,NULL,NULL,NULL,NULL,NULL,19,7,14),(1345,'W','','2010-03-13 00:00:00',0,'','','','','','',96,7,14),(1346,'W',NULL,'2010-02-01 00:00:00',0,NULL,NULL,NULL,NULL,NULL,NULL,19,7,14),(1347,'W',NULL,'2010-02-02 00:00:00',0,NULL,NULL,NULL,NULL,NULL,NULL,19,7,14),(1348,'W',NULL,'2010-02-03 00:00:00',0,NULL,NULL,NULL,NULL,NULL,NULL,19,7,14),(1349,'W',NULL,'2010-02-04 00:00:00',0,NULL,NULL,NULL,NULL,NULL,NULL,19,7,14),(1350,'W',NULL,'2010-02-05 00:00:00',0,NULL,NULL,NULL,NULL,NULL,NULL,19,7,14),(1351,'W',NULL,'2010-02-06 00:00:00',0,NULL,NULL,NULL,NULL,NULL,NULL,19,7,14),(1352,'W',NULL,'2010-02-07 00:00:00',0,NULL,NULL,NULL,NULL,NULL,NULL,19,7,14),(1353,'W',NULL,'2010-02-08 00:00:00',0,NULL,NULL,NULL,NULL,NULL,NULL,19,7,14),(1354,'W',NULL,'2010-02-09 00:00:00',0,NULL,NULL,NULL,NULL,NULL,NULL,19,7,14),(1355,'W',NULL,'2010-02-10 00:00:00',0,NULL,NULL,NULL,NULL,NULL,NULL,19,7,14),(1356,'W',NULL,'2010-02-11 00:00:00',0,NULL,NULL,NULL,NULL,NULL,NULL,19,7,14),(1357,'W',NULL,'2010-02-12 00:00:00',0,NULL,NULL,NULL,NULL,NULL,NULL,19,7,14),(1358,'W',NULL,'2010-02-13 00:00:00',0,NULL,NULL,NULL,NULL,NULL,NULL,19,7,14),(1359,'W',NULL,'2010-02-14 00:00:00',0,NULL,NULL,NULL,NULL,NULL,NULL,19,7,14),(1360,'W',NULL,'2010-02-15 00:00:00',0,NULL,NULL,NULL,NULL,NULL,NULL,19,7,14),(1361,'W',NULL,'2010-02-16 00:00:00',0,NULL,NULL,NULL,NULL,NULL,NULL,19,7,14),(1362,'W',NULL,'2010-02-17 00:00:00',0,NULL,NULL,NULL,NULL,NULL,NULL,19,7,14),(1363,'W',NULL,'2010-02-18 00:00:00',0,NULL,NULL,NULL,NULL,NULL,NULL,19,7,14),(1364,'W',NULL,'2010-02-19 00:00:00',0,NULL,NULL,NULL,NULL,NULL,NULL,19,7,14),(1365,'W',NULL,'2010-02-20 00:00:00',0,NULL,NULL,NULL,NULL,NULL,NULL,19,7,14),(1366,'W',NULL,'2010-02-21 00:00:00',0,NULL,NULL,NULL,NULL,NULL,NULL,19,7,14),(1367,'W',NULL,'2010-02-22 00:00:00',0,NULL,NULL,NULL,NULL,NULL,NULL,19,7,14),(1368,'W',NULL,'2010-02-23 00:00:00',0,NULL,NULL,NULL,NULL,NULL,NULL,19,7,14),(1369,'W',NULL,'2010-02-24 00:00:00',0,NULL,NULL,NULL,NULL,NULL,NULL,19,7,14),(1370,'W',NULL,'2010-02-25 00:00:00',0,NULL,NULL,NULL,NULL,NULL,NULL,19,7,14),(1371,'W',NULL,'2010-02-26 00:00:00',0,NULL,NULL,NULL,NULL,NULL,NULL,19,7,14),(1372,'W',NULL,'2010-02-27 00:00:00',0,NULL,NULL,NULL,NULL,NULL,NULL,19,7,14),(1373,'W',NULL,'2010-02-28 00:00:00',0,NULL,NULL,NULL,NULL,NULL,NULL,19,7,14),(1374,'W',NULL,'2010-03-01 00:00:00',0,NULL,NULL,NULL,NULL,NULL,NULL,19,7,14),(1375,'L','','2010-03-15 00:00:00',0,'','','','','','',96,7,4),(1376,'L','','2010-03-16 00:00:00',0,'','','','','','',96,7,4),(1377,'L','','2010-03-17 00:00:00',0,'','','','','','',96,7,4),(1378,'W',NULL,'2010-03-01 00:00:00',0,NULL,NULL,NULL,NULL,NULL,NULL,57,7,14),(1379,'W',NULL,'2010-03-09 00:00:00',0,NULL,NULL,NULL,NULL,NULL,NULL,21,7,14),(1380,'W',NULL,'2010-03-01 00:00:00',0,NULL,NULL,NULL,NULL,NULL,NULL,55,7,14),(1381,'W',NULL,'2010-03-04 00:00:00',0,NULL,NULL,NULL,NULL,NULL,NULL,55,7,14),(1382,'T',NULL,'2010-02-02 00:00:00',0,NULL,NULL,NULL,NULL,NULL,NULL,9,13,14),(1383,'T',NULL,'2010-02-03 00:00:00',0,NULL,NULL,NULL,NULL,NULL,NULL,9,13,14),(1384,'W',NULL,'2010-03-01 00:00:00',0,NULL,NULL,NULL,NULL,NULL,NULL,98,7,14),(1385,'T',NULL,'2010-03-01 00:00:00',0,NULL,NULL,NULL,NULL,NULL,NULL,97,7,14),(1386,'T','vd','2010-02-05 00:00:00',2,'02:00','','Dual','02:00','04:00','n',96,8,2);
/*!40000 ALTER TABLE `crewday` ENABLE KEYS */;
UNLOCK TABLES;

--
-- Table structure for table `crewmember$flightanddutyactuals`
--

DROP TABLE IF EXISTS `crewmember$flightanddutyactuals`;
CREATE TABLE `crewmember$flightanddutyactuals` (
  `id` int(11) NOT NULL auto_increment,
  `areadays` int(11) NOT NULL default '0',
  `arearate_amount` int(11) NOT NULL default '0',
  `arearate_currencycode` char(3) default NULL,
  `dailydays` int(11) NOT NULL default '0',
  `instructorrate_amount` int(11) NOT NULL default '0',
  `dailyrate_currencycode` char(3) default NULL,
  `date` date default NULL,
  `flightdays` int(11) NOT NULL default '0',
  `flightrate_amount` int(11) NOT NULL default '0',
  `flightrate_currencycode` char(3) default NULL,
  `instructordays` int(11) NOT NULL default '0',
  `dailyrate_amount` int(11) NOT NULL default '0',
  `instructorrate_currencycode` char(3) default NULL,
  `monthlyrate_amount` int(11) NOT NULL default '0',
  `monthlyrate_currencycode` char(3) default NULL,
  `paidamount_amount` int(11) NOT NULL default '0',
  `paidamount_currencycode` char(3) default NULL,
  `paiddate` date default NULL,
  `paymonthlyrate` tinyint(1) NOT NULL default '0',
  `approved` tinyint(1) default NULL,
  `approvalgroup_id` int(11) default NULL,
  `emaildate` date default NULL,
  PRIMARY KEY  (`id`),
  KEY `FKD8B64D115B8A6F0F` (`approvalgroup_id`)
) ENGINE=MyISAM AUTO_INCREMENT=410 DEFAULT CHARSET=latin1;

--
-- Dumping data for table `crewmember$flightanddutyactuals`
--

LOCK TABLES `crewmember$flightanddutyactuals` WRITE;
/*!40000 ALTER TABLE `crewmember$flightanddutyactuals` DISABLE KEYS */;
INSERT INTO `crewmember$flightanddutyactuals` VALUES (1,1,0,'USD',1,0,'USD','2008-03-01',1,0,'USD',1,0,'USD',300000,'USD',303500,'USD','2008-03-25',1,0,NULL,NULL),(2,0,0,'USD',19,0,'USD','2008-03-01',0,0,'USD',0,30000,'USD',0,'USD',573500,'USD','2008-03-25',0,0,NULL,NULL),(3,1,18000,'USD',21,0,'USD','2008-03-01',0,0,'USD',0,30000,'USD',0,'USD',651500,'USD','2008-03-25',0,0,NULL,NULL),(4,0,0,'USD',17,0,'USD','2008-03-01',0,0,'USD',0,15000,'USD',541600,'USD',800100,'USD','2008-03-26',1,0,NULL,NULL),(5,18,15000,'USD',0,1500,'USD','2008-03-01',0,0,'USD',18,0,'USD',550000,'USD',850500,'USD','2008-03-25',1,0,NULL,NULL),(6,15,15000,'USD',0,1500,'USD','2008-03-01',0,0,'USD',5,30000,'USD',550000,'USD',787000,'USD','2008-03-26',1,0,NULL,NULL),(7,11,15000,'USD',0,0,'USD','2008-03-01',0,0,'USD',0,0,'USD',550000,'USD',718500,'USD','2008-03-25',1,0,NULL,NULL),(8,0,0,'USD',31,0,'USD','2008-03-01',0,0,'USD',0,30000,'USD',0,'USD',933500,'USD','2008-03-25',0,0,NULL,NULL),(9,0,0,'USD',13,0,'USD','2008-03-01',0,0,'USD',0,38000,'USD',0,'USD',497500,'USD','2008-03-25',0,0,NULL,NULL),(10,0,0,'USD',19,0,'USD','2008-03-01',0,0,'USD',0,30000,'USD',0,'USD',573500,'USD','2008-03-25',0,0,NULL,NULL),(11,19,15000,'USD',0,0,'USD','2008-03-01',0,0,'USD',0,0,'USD',550000,'USD',838500,'USD','2008-03-25',1,0,NULL,NULL),(12,19,15000,'USD',0,0,'USD','2008-03-01',0,0,'USD',0,0,'USD',731600,'USD',1021600,'USD','2008-03-26',1,0,NULL,NULL),(13,4,15000,'USD',0,0,'USD','2008-03-01',0,0,'USD',0,0,'USD',731600,'USD',795100,'USD','2008-03-26',1,0,NULL,NULL),(14,23,15000,'USD',0,0,'USD','2008-03-01',0,0,'USD',0,0,'USD',541600,'USD',890100,'USD','2008-03-26',1,0,NULL,NULL),(15,22,12500,'USD',1,0,'USD','2008-03-01',0,0,'USD',0,7500,'USD',0,'USD',286000,'USD','2008-03-25',0,0,NULL,NULL),(16,0,0,'USD',7,0,'USD','2008-03-01',0,0,'USD',0,38000,'USD',0,'USD',269500,'USD','2008-03-25',0,0,NULL,NULL),(17,0,15000,'USD',0,1500,'USD','2008-04-01',0,0,'USD',0,0,'USD',550000,'USD',794500,'USD','2008-04-29',1,0,49,NULL),(18,0,12000,'USD',0,0,'USD','2008-04-01',0,0,'USD',0,18000,'USD',0,'USD',423500,NULL,'2008-04-30',0,NULL,55,NULL),(19,0,15000,'USD',0,1500,'USD','2008-04-01',0,0,'USD',0,0,'USD',550000,'USD',784500,NULL,'2008-04-29',1,NULL,56,NULL),(20,0,15000,'USD',0,0,'USD','2008-04-01',0,5000,'USD',0,40000,'USD',300000,'USD',943500,NULL,'2008-04-25',1,NULL,57,NULL),(21,0,12000,'USD',0,0,'USD','2008-04-01',0,0,'USD',0,18000,'USD',0,'USD',903500,NULL,'2008-04-29',0,NULL,58,NULL),(22,0,0,'USD',0,0,'USD','2008-04-01',0,0,'USD',0,15000,'USD',541600,'USD',1026600,NULL,'2008-04-30',1,NULL,59,NULL),(23,0,0,'USD',0,0,'USD','2008-04-01',0,0,'USD',0,38000,'USD',0,'USD',41500,NULL,'2008-04-29',0,NULL,60,NULL),(24,0,15000,'USD',0,0,'USD','2008-04-01',0,0,'USD',0,0,'USD',550000,'USD',778500,NULL,'2008-04-29',1,NULL,61,NULL),(25,0,18000,'USD',0,0,'USD','2008-04-01',0,0,'USD',0,30000,'USD',0,'USD',531500,NULL,'2008-04-29',0,NULL,62,NULL),(26,0,0,'USD',0,0,'USD','2008-04-01',0,0,'USD',0,30000,'USD',0,'USD',543500,NULL,'2008-04-29',0,NULL,63,NULL),(27,0,15000,'USD',0,0,'USD','2008-04-01',0,0,'USD',0,0,'USD',731600,'USD',1066600,NULL,'2008-04-29',1,NULL,64,NULL),(28,0,15000,'USD',0,0,'USD','2008-04-01',0,0,'USD',0,0,'USD',550000,'USD',853500,NULL,'2008-04-29',1,NULL,65,NULL),(29,0,15000,'USD',0,0,'USD','2008-04-01',0,0,'USD',0,0,'USD',731600,'USD',885100,NULL,'2008-04-29',1,NULL,66,NULL),(30,0,5000,'USD',0,0,'USD','2008-04-01',0,0,'USD',0,7500,'USD',0,'USD',378500,NULL,'2008-04-29',0,NULL,67,NULL),(31,0,0,'USD',0,0,'USD','2008-04-01',0,0,'USD',0,38000,'USD',0,'USD',687500,NULL,'2008-04-29',0,NULL,68,NULL),(32,0,12000,'USD',0,0,'USD','2008-04-01',0,0,'USD',0,18000,'USD',0,'USD',303500,NULL,NULL,0,NULL,69,NULL),(33,0,15000,'USD',0,0,'USD','2008-04-01',0,0,'USD',0,0,'USD',541600,'USD',1026600,NULL,'2008-04-29',1,NULL,70,NULL),(34,0,0,'USD',0,0,'USD','2008-04-01',0,0,'USD',0,27500,'USD',0,'USD',444500,NULL,NULL,0,NULL,71,NULL),(35,0,12000,'USD',0,0,'USD','2008-04-01',0,0,'USD',0,18000,'USD',0,'USD',663500,NULL,'2008-04-29',0,NULL,72,NULL),(36,0,18000,'USD',0,0,'USD','2008-05-01',0,0,'USD',0,30000,'USD',0,'USD',591500,NULL,'2008-05-28',0,NULL,75,NULL),(37,0,15000,'USD',0,1500,'USD','2008-05-01',0,0,'USD',0,0,'USD',550000,'USD',824500,NULL,'2008-05-29',1,NULL,76,NULL),(38,0,15000,'USD',0,0,'USD','2008-05-01',0,0,'USD',0,0,'USD',550000,'USD',778500,NULL,'2008-05-28',1,NULL,77,NULL),(39,0,10000,'USD',0,0,'USD','2008-05-01',0,0,'USD',0,5000,'USD',0,'USD',233500,NULL,'2008-05-28',0,NULL,78,NULL),(40,0,5000,'USD',0,0,'USD','2008-05-01',0,0,'USD',0,27500,'USD',458300,'USD',567800,NULL,'2008-05-29',1,NULL,79,NULL),(41,0,18000,'USD',0,0,'USD','2008-05-01',0,0,'USD',0,30000,'USD',0,'USD',471500,NULL,'2008-05-28',0,NULL,80,NULL),(42,0,0,'USD',0,0,'USD','2008-05-01',0,0,'USD',0,38000,'USD',0,'USD',877500,NULL,'2008-05-28',0,NULL,81,NULL),(43,0,12000,'USD',0,0,'USD','2008-05-01',0,0,'USD',0,18000,'USD',0,'USD',963500,NULL,'2008-05-28',0,NULL,82,NULL),(44,0,15000,'USD',0,0,'USD','2008-05-01',0,0,'USD',0,0,'USD',550000,'USD',913500,NULL,'2008-05-28',1,NULL,83,NULL),(45,0,0,'USD',0,0,'USD','2008-05-01',0,0,'USD',0,38000,'USD',0,'USD',497500,NULL,'2008-05-28',0,NULL,84,NULL),(46,0,12000,'USD',0,0,'USD','2008-05-01',0,0,'USD',0,18000,'USD',0,'USD',483500,NULL,'2008-05-28',0,NULL,85,NULL),(47,0,12000,'USD',0,0,'USD','2008-05-01',0,0,'USD',0,18000,'USD',0,'USD',33500,NULL,'2008-05-28',0,NULL,86,NULL),(48,0,16100,'USD',0,0,'USD','2008-05-01',0,0,'USD',0,21000,'USD',0,'USD',597100,NULL,'2008-05-28',0,NULL,88,NULL),(49,0,0,'USD',0,0,'USD','2008-05-01',0,0,'USD',0,43800,'USD',0,'USD',266300,NULL,'2008-05-28',0,NULL,89,NULL),(50,0,0,'USD',0,0,'USD','2008-05-01',0,0,'USD',0,15000,'USD',541600,'USD',0,NULL,NULL,0,NULL,90,NULL),(51,0,15000,'USD',0,0,'USD','2008-05-01',0,0,'USD',0,0,'USD',541600,'USD',545100,NULL,'2008-05-28',1,NULL,91,NULL),(52,0,15000,'USD',0,1500,'USD','2008-05-01',0,0,'USD',0,0,'USD',550000,'USD',748500,NULL,'2008-06-16',1,NULL,92,NULL),(53,0,2500,'USD',0,0,'USD','2008-05-01',0,5000,'USD',0,57500,'USD',300000,'USD',676000,NULL,'2008-05-28',1,NULL,93,NULL),(54,0,15000,'USD',0,0,'USD','2008-05-01',0,0,'USD',0,0,'USD',708300,'USD',981800,NULL,'2008-05-28',1,NULL,94,NULL),(55,0,15000,'USD',0,0,'USD','2008-05-01',0,0,'USD',0,0,'USD',708300,'USD',1058300,NULL,'2008-05-28',1,NULL,95,NULL),(56,0,15000,'USD',0,0,'USD','2008-05-01',0,0,'USD',0,0,'USD',0,'USD',408500,NULL,'2008-06-16',0,NULL,96,NULL),(57,0,15000,'USD',0,0,'USD','2008-05-01',0,0,'USD',0,0,'USD',541600,'USD',545100,NULL,'2008-05-28',1,NULL,97,NULL),(58,0,12000,'USD',0,0,'USD','2008-06-01',0,0,'USD',0,8000,'USD',0,'USD',0,NULL,NULL,0,NULL,114,NULL),(59,0,0,'USD',0,150000,'USD','2008-06-01',0,5000,'USD',0,57500,'USD',600000,'USD',2560000,NULL,'2008-07-01',0,NULL,115,NULL),(60,0,15000,'USD',0,1500,'USD','2008-06-01',0,0,'USD',0,0,'USD',550000,'USD',0,NULL,NULL,1,NULL,116,NULL),(61,0,15000,'USD',0,1500,'USD','2008-06-01',0,0,'USD',0,0,'USD',550000,'USD',643500,NULL,'2008-07-01',1,NULL,117,NULL),(62,0,15000,'USD',0,0,'USD','2008-06-01',0,0,'USD',0,0,'USD',550000,'USD',898500,NULL,'2008-07-01',1,NULL,118,NULL),(63,0,10000,'USD',0,0,'USD','2008-06-01',0,0,'USD',0,5000,'USD',0,'USD',358500,NULL,'2008-07-01',0,NULL,119,NULL),(64,0,5000,'USD',0,0,'USD','2008-06-01',0,0,'USD',0,27500,'USD',458300,'USD',0,NULL,NULL,1,NULL,120,NULL),(65,0,18000,'USD',0,0,'USD','2008-06-01',0,0,'USD',0,30000,'USD',0,'USD',399500,NULL,'2008-07-03',0,NULL,121,NULL),(66,0,0,'USD',0,0,'USD','2008-06-01',0,0,'USD',0,38000,'USD',0,'USD',155500,NULL,'2008-06-27',0,NULL,122,NULL),(67,0,12000,'USD',0,0,'USD','2008-06-01',0,0,'USD',0,18000,'USD',0,'USD',903500,NULL,'2008-06-27',0,NULL,123,NULL),(68,0,15000,'USD',0,0,'USD','2008-06-01',0,0,'USD',0,0,'USD',550000,'USD',868500,NULL,'2008-06-27',1,NULL,124,NULL),(69,0,18000,'USD',0,0,'USD','2008-06-01',0,0,'USD',0,30000,'USD',0,'USD',741500,NULL,'2008-06-27',0,NULL,125,NULL),(70,0,3000,'USD',0,0,'USD','2008-06-01',0,0,'USD',0,41000,'USD',0,'USD',1274000,NULL,'2008-06-27',0,NULL,126,NULL),(71,0,18000,'USD',0,0,'USD','2008-06-01',0,0,'USD',0,30000,'USD',0,'USD',1043000,NULL,'2008-06-27',0,NULL,127,NULL),(72,0,15000,'USD',0,0,'USD','2008-06-01',0,0,'USD',0,0,'USD',708300,'USD',1163300,NULL,'2008-07-03',1,NULL,128,NULL),(73,0,15000,'USD',0,0,'USD','2008-06-01',0,0,'USD',0,0,'USD',708300,'USD',741800,NULL,'2008-07-01',1,NULL,129,NULL),(74,0,15000,'USD',0,0,'USD','2008-06-01',0,0,'USD',0,0,'USD',541600,'USD',875100,NULL,'2008-07-01',1,NULL,130,NULL),(75,0,15000,'USD',0,0,'USD','2008-06-01',0,0,'USD',0,0,'USD',541600,'USD',980100,NULL,'2008-07-01',1,NULL,131,NULL),(76,0,10000,'USD',0,0,'USD','2008-06-01',0,0,'USD',0,0,'USD',500000,'USD',843500,NULL,'2008-07-01',1,NULL,132,NULL),(77,0,0,'USD',0,0,'USD','2008-06-01',0,0,'USD',0,20000,'USD',0,'USD',584500,NULL,'2008-07-01',0,NULL,133,NULL),(78,0,0,'USD',0,0,'USD','2008-06-01',0,0,'USD',0,20000,'USD',0,'USD',583500,NULL,'2008-07-01',0,NULL,134,NULL),(79,0,15000,'USD',0,0,'USD','2008-06-01',0,0,'USD',0,30000,'USD',0,'USD',349500,NULL,'2008-07-01',0,NULL,135,NULL),(80,0,15000,'USD',0,0,'USD','2008-06-01',0,0,'USD',0,40000,'USD',0,'USD',908500,NULL,'2008-06-27',0,NULL,136,NULL),(81,0,10000,'USD',0,0,'USD','2008-06-01',0,0,'USD',0,30000,'USD',0,'USD',1395000,NULL,'2008-06-27',0,NULL,137,NULL),(82,0,12000,'USD',0,0,'USD','2008-06-01',0,0,'USD',0,18000,'USD',0,'USD',1115000,NULL,'2008-06-27',0,NULL,138,NULL),(83,0,12000,'USD',0,0,'USD','2008-06-01',0,0,'USD',0,18000,'USD',0,'USD',1043000,NULL,'2008-06-27',0,NULL,139,NULL),(84,0,18000,'USD',0,0,'USD','2008-06-01',0,0,'USD',0,12000,'USD',0,'USD',1044500,NULL,'2008-07-01',0,NULL,140,NULL),(85,0,18000,'USD',0,0,'USD','2008-06-01',0,0,'USD',0,12000,'USD',0,'USD',1043000,NULL,'2008-06-27',0,NULL,141,NULL),(86,0,10000,'USD',0,0,'USD','2008-06-01',0,0,'USD',0,27500,'USD',0,'USD',256000,NULL,'2008-06-27',0,NULL,142,NULL),(87,0,10000,'USD',0,0,'USD','2008-06-01',0,0,'USD',0,30000,'USD',0,'USD',1035000,NULL,'2008-06-27',0,NULL,143,NULL),(88,0,15000,'USD',0,1500,'USD','2008-07-01',0,0,'USD',0,0,'USD',550000,'USD',1006500,NULL,'2008-08-01',1,NULL,154,NULL),(89,0,15000,'USD',0,1500,'USD','2008-07-01',0,0,'USD',0,0,'USD',550000,'USD',778500,NULL,'2008-08-01',1,NULL,155,NULL),(90,0,0,'USD',0,150000,'USD','2008-07-01',0,4838,'USD',0,57500,'USD',0,'USD',1313752,NULL,'2008-08-01',0,NULL,156,NULL),(91,0,15000,'USD',0,0,'USD','2008-07-01',0,0,'USD',0,0,'USD',550000,'USD',553500,NULL,'2008-08-01',1,NULL,157,NULL),(92,0,5000,'USD',0,0,'USD','2008-07-01',0,0,'USD',0,27500,'USD',458300,'USD',607800,NULL,'2008-08-01',1,NULL,158,NULL),(93,0,12000,'USD',0,0,'USD','2008-07-01',0,0,'USD',0,18000,'USD',0,'USD',741500,NULL,'2008-08-01',0,NULL,159,NULL),(94,0,0,'USD',0,0,'USD','2008-07-01',0,0,'USD',0,38000,'USD',0,'USD',839500,NULL,'2008-08-01',0,NULL,160,NULL),(95,0,12000,'USD',0,0,'USD','2008-07-01',0,0,'USD',0,18000,'USD',0,'USD',543500,NULL,'2008-08-01',0,NULL,161,NULL),(96,0,15000,'USD',0,0,'USD','2008-07-01',0,0,'USD',0,0,'USD',666666,'USD',670166,NULL,'2008-08-01',1,NULL,162,NULL),(97,0,15000,'USD',0,0,'USD','2008-07-01',0,0,'USD',0,30000,'USD',0,'USD',79500,NULL,'2008-08-01',0,NULL,163,NULL),(98,0,10000,'USD',0,0,'USD','2008-07-01',0,0,'USD',0,30000,'USD',0,'USD',593500,NULL,'2008-08-01',0,NULL,164,NULL),(99,0,12000,'USD',0,0,'USD','2008-07-01',0,0,'USD',0,18000,'USD',0,'USD',321500,NULL,'2008-08-01',0,NULL,165,NULL),(100,0,3000,'USD',0,0,'USD','2008-07-01',0,0,'USD',0,41000,'USD',0,'USD',126500,NULL,'2008-08-01',0,NULL,166,NULL),(101,0,12000,'USD',0,0,'USD','2008-07-01',0,0,'USD',0,18000,'USD',0,'USD',123500,NULL,'2008-08-01',0,NULL,167,NULL),(102,0,12000,'USD',0,0,'USD','2008-07-01',0,0,'USD',0,18000,'USD',0,'USD',333500,NULL,'2008-08-01',0,NULL,168,NULL),(103,0,12000,'USD',0,0,'USD','2008-07-01',0,0,'USD',0,18000,'USD',0,'USD',124500,NULL,'2008-08-01',0,NULL,169,NULL),(104,0,12000,'USD',0,0,'USD','2008-07-01',0,0,'USD',0,18000,'USD',0,'USD',123500,NULL,'2008-08-01',0,NULL,170,NULL),(105,0,268000,'USD',0,0,'USD','2008-07-01',0,0,'USD',0,0,'USD',0,'USD',271500,NULL,'2008-08-01',0,NULL,171,NULL),(106,0,10000,'USD',0,0,'USD','2008-07-01',0,0,'USD',0,27500,'USD',0,'USD',1167500,NULL,'2008-08-01',0,NULL,172,NULL),(107,0,15000,'USD',0,0,'USD','2008-07-01',0,0,'USD',0,33000,'USD',0,'USD',675500,NULL,'2008-08-01',0,NULL,173,NULL),(108,0,10000,'USD',0,0,'USD','2008-07-01',0,0,'USD',0,27500,'USD',0,'USD',528500,NULL,'2008-08-01',0,NULL,174,NULL),(109,0,12000,'USD',0,0,'USD','2008-07-01',0,0,'USD',0,18000,'USD',0,'USD',423500,NULL,'2008-08-01',0,NULL,175,NULL),(110,0,12000,'USD',0,0,'USD','2008-07-01',0,0,'USD',0,18000,'USD',0,'USD',424500,NULL,'2008-01-08',0,NULL,176,NULL),(111,0,12000,'USD',0,0,'USD','2008-07-01',0,0,'USD',0,18000,'USD',0,'USD',453500,NULL,'2008-08-01',0,NULL,177,NULL),(112,0,12000,'USD',0,0,'USD','2008-07-01',0,0,'USD',0,18000,'USD',0,'USD',423500,NULL,'2008-08-01',0,NULL,178,NULL),(113,0,10000,'USD',0,0,'USD','2008-07-01',0,0,'USD',0,30000,'USD',0,'USD',474500,NULL,'2008-08-01',0,NULL,179,NULL),(114,0,12000,'USD',0,0,'USD','2008-07-01',0,0,'USD',0,18000,'USD',0,'USD',153500,NULL,'2008-08-01',0,NULL,180,NULL),(115,0,12000,'USD',0,0,'USD','2008-07-01',0,0,'USD',0,18000,'USD',0,'USD',933500,NULL,'2008-08-01',0,NULL,181,NULL),(116,0,0,'USD',0,0,'USD','2008-07-01',0,0,'USD',0,20000,'USD',0,'USD',583500,NULL,'2008-08-01',0,NULL,182,NULL),(117,0,15000,'USD',0,0,'USD','2008-07-01',0,0,'USD',0,0,'USD',708300,'USD',1103300,NULL,'2008-08-01',1,NULL,183,NULL),(118,0,15000,'USD',0,0,'USD','2008-07-01',0,0,'USD',0,0,'USD',541600,'USD',1011600,NULL,'2008-08-01',1,NULL,184,NULL),(119,0,15000,'USD',0,0,'USD','2008-07-01',0,0,'USD',0,0,'USD',541600,'USD',1011600,NULL,'2008-08-01',1,NULL,185,NULL),(120,0,15000,'USD',0,0,'USD','2008-07-01',0,10000,'USD',0,326182,'USD',708300,'USD',1216482,NULL,'2008-08-01',1,NULL,186,NULL),(121,0,10000,'USD',0,0,'USD','2008-07-01',0,0,'USD',0,0,'USD',500000,'USD',563500,NULL,'2008-08-01',1,NULL,187,NULL),(122,0,0,'USD',0,0,'USD','2008-07-01',0,0,'USD',0,0,'USD',1060000,'USD',1065000,NULL,'2008-08-01',1,NULL,188,NULL),(123,0,0,'USD',0,0,'USD','2008-07-01',0,0,'USD',0,9408,'USD',0,'USD',229200,NULL,'2008-08-01',0,NULL,189,NULL),(124,0,0,'USD',0,0,'USD','2008-08-01',0,0,'USD',0,0,'USD',1060000,'USD',1065000,NULL,'2008-09-09',1,NULL,202,NULL),(125,0,15000,'USD',0,0,'USD','2008-08-01',0,0,'USD',0,0,'USD',708300,'USD',1178300,NULL,'2008-09-09',1,NULL,203,NULL),(126,0,25000,'USD',0,0,'USD','2008-08-01',0,0,'USD',0,0,'USD',974026,'USD',1479026,NULL,'2008-09-09',1,NULL,204,NULL),(127,0,15000,'USD',0,0,'USD','2008-08-01',0,0,'USD',0,0,'USD',541600,'USD',0,NULL,NULL,1,NULL,205,NULL),(128,0,15000,'USD',0,0,'USD','2008-08-01',0,0,'USD',0,0,'USD',541600,'USD',1011600,NULL,'2008-09-09',1,NULL,206,NULL),(129,0,20000,'USD',0,0,'USD','2008-08-01',0,0,'USD',0,32500,'USD',0,'USD',0,NULL,NULL,0,NULL,207,NULL),(130,0,0,'USD',0,0,'USD','2008-08-01',0,0,'USD',0,32500,'USD',0,'USD',0,NULL,NULL,0,NULL,208,NULL),(131,0,15000,'USD',0,1500,'USD','2008-08-01',0,2500,'USD',0,236555,'USD',403752,'USD',1006870,NULL,'2008-09-09',1,NULL,209,NULL),(132,0,15000,'USD',0,1500,'USD','2008-08-01',0,0,'USD',0,0,'USD',550000,'USD',568500,NULL,'2008-08-29',1,NULL,210,NULL),(133,0,0,'USD',0,150000,'USD','2008-08-01',0,0,'USD',0,57500,'USD',0,'USD',1825000,NULL,'2008-08-29',0,NULL,211,NULL),(134,0,15000,'USD',0,0,'USD','2008-08-01',0,0,'USD',0,0,'USD',550000,'USD',688500,NULL,'2008-08-29',1,NULL,212,NULL),(135,0,5000,'USD',0,0,'USD','2008-08-01',0,0,'USD',0,0,'USD',458300,'USD',462800,NULL,'2008-09-08',1,NULL,213,NULL),(136,0,12000,'USD',0,0,'USD','2008-08-01',0,0,'USD',0,18000,'USD',0,'USD',411500,NULL,'2008-08-29',0,NULL,214,NULL),(137,0,0,'USD',0,0,'USD','2008-08-01',0,0,'USD',0,38000,'USD',0,'USD',839500,NULL,'2008-08-29',0,NULL,215,NULL),(138,0,12000,'USD',0,0,'USD','2008-08-01',0,0,'USD',0,18000,'USD',0,'USD',333500,NULL,'2008-08-29',0,NULL,216,NULL),(139,0,15000,'USD',0,0,'USD','2008-08-01',0,0,'USD',0,0,'USD',708300,'USD',1028300,NULL,'2008-08-29',1,NULL,217,NULL),(140,0,10000,'USD',0,0,'USD','2008-08-01',0,0,'USD',0,30000,'USD',0,'USD',123500,NULL,'2008-08-29',0,NULL,218,NULL),(141,0,12000,'USD',0,0,'USD','2008-08-01',0,0,'USD',0,18000,'USD',0,'USD',639500,NULL,'2008-08-29',0,NULL,219,NULL),(142,0,15000,'USD',0,0,'USD','2008-08-01',0,0,'USD',0,30000,'USD',0,'USD',949500,NULL,'2008-09-08',0,NULL,220,NULL),(143,0,10000,'USD',0,0,'USD','2008-08-01',0,0,'USD',0,27500,'USD',0,'USD',27500,NULL,'2008-08-29',0,NULL,221,NULL),(144,0,15000,'USD',0,0,'USD','2008-08-01',0,0,'USD',0,33000,'USD',0,'USD',675500,NULL,'2008-08-29',0,NULL,222,NULL),(145,0,10000,'USD',0,0,'USD','2008-08-01',0,0,'USD',0,27500,'USD',0,'USD',528500,NULL,'2008-08-29',0,NULL,223,NULL),(146,0,12000,'USD',0,0,'USD','2008-08-01',0,0,'USD',0,18000,'USD',0,'USD',934500,NULL,'2008-09-08',0,NULL,224,NULL),(147,0,12000,'USD',0,0,'USD','2008-08-01',0,0,'USD',0,18000,'USD',0,'USD',663500,NULL,'2008-08-29',0,NULL,225,NULL),(148,0,12000,'USD',0,0,'USD','2008-08-01',0,0,'USD',0,18000,'USD',0,'USD',483500,NULL,'2008-08-29',0,NULL,226,NULL),(149,0,12000,'USD',0,0,'USD','2008-08-01',0,0,'USD',0,18000,'USD',0,'USD',453500,NULL,'2008-08-29',0,NULL,227,NULL),(150,0,10000,'USD',0,0,'USD','2008-08-01',0,0,'USD',0,27500,'USD',0,'USD',1054000,NULL,'2008-09-09',0,NULL,228,NULL),(151,0,12000,'USD',0,0,'USD','2008-08-01',0,0,'USD',0,18000,'USD',0,'USD',873500,NULL,'2008-08-29',0,NULL,229,NULL),(152,0,10000,'USD',0,0,'USD','2008-08-01',0,0,'USD',0,0,'USD',500000,'USD',813500,NULL,'2008-08-29',1,NULL,230,NULL),(153,0,15000,'USD',0,0,'USD','2008-08-01',0,0,'USD',0,33000,'USD',0,'USD',531500,NULL,'2008-08-29',0,NULL,231,NULL),(154,0,12000,'USD',0,0,'USD','2008-08-01',0,0,'USD',0,18000,'USD',0,'USD',513500,NULL,'2008-08-29',0,NULL,232,NULL),(155,0,12000,'USD',0,0,'USD','2008-08-01',0,0,'USD',0,18000,'USD',0,'USD',411500,NULL,'2008-09-09',0,NULL,233,NULL),(156,0,10000,'USD',0,0,'USD','2008-08-01',0,0,'USD',0,27500,'USD',0,'USD',482000,NULL,'2008-09-08',0,NULL,234,NULL),(157,0,15000,'USD',0,0,'USD','2008-08-01',0,0,'USD',0,32500,'USD',0,'USD',527000,NULL,'2008-09-08',0,NULL,235,NULL),(158,0,10000,'USD',0,0,'USD','2008-08-01',0,0,'USD',0,0,'USD',500000,'USD',0,NULL,NULL,1,NULL,236,NULL),(159,0,15000,'USD',0,0,'USD','2008-08-01',0,0,'USD',0,33000,'USD',0,'USD',868500,NULL,'2008-09-09',0,NULL,237,NULL),(160,0,15000,'USD',0,0,'USD','2008-08-01',0,0,'USD',0,40000,'USD',0,'USD',1351500,NULL,'2008-09-08',0,NULL,239,NULL),(161,0,10000,'USD',0,0,'USD','2008-08-01',0,0,'USD',0,20000,'USD',0,'USD',513500,NULL,'2008-08-29',0,NULL,240,NULL),(162,0,15000,'USD',0,1500,'USD','2008-09-01',0,2500,'USD',0,0,'USD',666600,'USD',873600,NULL,'2008-09-30',1,NULL,264,NULL),(163,0,40000,'USD',0,150000,'USD','2008-09-01',0,75000,'USD',0,57500,'USD',0,'USD',918500,NULL,'2008-09-26',0,NULL,265,NULL),(164,0,15000,'USD',0,0,'USD','2008-09-01',0,0,'USD',0,0,'USD',550000,'USD',833500,NULL,'2008-09-26',1,NULL,266,NULL),(165,0,10000,'USD',0,0,'USD','2008-09-01',0,0,'USD',0,0,'USD',458300,'USD',772800,NULL,'2008-09-30',1,NULL,267,NULL),(166,0,30000,'USD',0,0,'USD','2008-09-01',0,0,'USD',0,18000,'USD',0,'USD',571500,NULL,'2008-09-26',0,NULL,268,NULL),(167,0,0,'USD',0,0,'USD','2008-09-01',0,0,'USD',0,38000,'USD',0,'USD',355500,NULL,'2008-09-26',0,NULL,269,NULL),(168,0,12000,'USD',0,0,'USD','2008-09-01',0,0,'USD',0,30000,'USD',0,'USD',883500,NULL,'2008-09-26',0,NULL,270,NULL),(169,0,40000,'USD',0,0,'USD','2008-09-01',0,0,'USD',0,48000,'USD',0,'USD',997500,NULL,'2008-09-26',0,NULL,271,NULL),(170,0,12000,'USD',0,0,'USD','2008-09-01',0,30000,'USD',0,18000,'USD',0,'USD',493500,NULL,'2008-09-26',0,NULL,272,NULL),(171,0,16000,'USD',0,0,'USD','2008-09-01',0,0,'USD',0,20000,'USD',425000,'USD',630500,NULL,'2008-09-26',1,NULL,273,NULL),(172,0,30000,'USD',0,0,'USD','2008-09-01',0,0,'USD',0,18000,'USD',0,'USD',884500,NULL,'2008-09-30',0,NULL,274,NULL),(173,0,30000,'USD',0,0,'USD','2008-09-01',0,0,'USD',0,18000,'USD',0,'USD',283500,NULL,'2008-09-26',0,NULL,275,NULL),(174,0,10000,'USD',0,0,'USD','2008-09-01',0,0,'USD',0,0,'USD',500000,'USD',603500,NULL,'2008-09-26',1,NULL,276,NULL),(175,0,15000,'USD',0,0,'USD','2008-09-01',0,0,'USD',0,48000,'USD',0,'USD',541500,NULL,'2008-09-26',0,NULL,277,NULL),(176,0,12000,'USD',0,0,'USD','2008-09-01',0,0,'USD',0,30000,'USD',0,'USD',913500,NULL,'2008-09-26',0,NULL,278,NULL),(177,0,30000,'USD',0,0,'USD','2008-09-01',0,0,'USD',0,18000,'USD',0,'USD',781500,NULL,'2008-09-26',0,NULL,279,NULL),(178,0,37500,'USD',0,0,'USD','2008-09-01',0,0,'USD',0,27500,'USD',0,'USD',716000,NULL,'2008-09-26',0,NULL,280,NULL),(179,0,15000,'USD',0,0,'USD','2008-09-01',0,337559,'USD',0,32500,'USD',541666,'USD',1347725,NULL,'2008-09-26',1,NULL,281,NULL),(180,0,15000,'USD',0,0,'USD','2008-09-01',0,0,'USD',0,48000,'USD',0,'USD',590500,NULL,'2008-09-30',0,NULL,282,NULL),(181,0,10000,'USD',0,0,'USD','2008-09-01',0,0,'USD',0,40000,'USD',0,'USD',363500,NULL,'2008-09-26',0,NULL,283,NULL),(182,0,17500,'USD',0,0,'USD','2008-09-01',0,0,'USD',0,0,'USD',242600,'USD',421100,NULL,'2008-09-26',1,NULL,284,NULL),(183,0,12000,'USD',0,0,'USD','2008-09-01',0,0,'USD',0,0,'USD',306000,'USD',561500,NULL,'2008-09-26',1,NULL,285,NULL),(184,0,12000,'USD',0,0,'USD','2008-09-01',0,0,'USD',0,30000,'USD',0,'USD',273500,NULL,'2008-09-26',0,NULL,286,NULL),(185,0,12000,'USD',0,0,'USD','2008-09-01',0,0,'USD',0,30000,'USD',0,'USD',1025000,NULL,'2008-09-26',0,NULL,287,NULL),(186,0,12000,'USD',0,0,'USD','2008-09-01',0,0,'USD',0,30000,'USD',0,'USD',273500,NULL,'2008-09-26',0,NULL,288,NULL),(187,0,12000,'USD',0,0,'USD','2008-09-01',0,0,'USD',0,30000,'USD',0,'USD',153500,NULL,'2008-09-26',0,NULL,289,NULL),(188,0,3000,'USD',0,0,'USD','2008-09-01',0,0,'USD',0,41000,'USD',0,'USD',618500,NULL,'2008-10-02',0,NULL,290,NULL),(189,0,12000,'USD',0,0,'USD','2008-09-01',0,0,'USD',0,18000,'USD',0,'USD',847000,NULL,'2008-10-02',0,NULL,291,NULL),(190,0,0,'USD',0,0,'USD','2008-09-01',0,0,'USD',0,0,'USD',1060000,'USD',1075000,NULL,'2008-09-26',1,NULL,292,NULL),(191,0,25000,'USD',0,0,'USD','2008-09-01',0,0,'USD',0,0,'USD',920245,'USD',1310245,NULL,'2008-09-26',1,NULL,293,NULL),(192,0,15000,'USD',0,0,'USD','2008-09-01',0,0,'USD',0,0,'USD',708300,'USD',856800,NULL,'2008-09-26',1,NULL,294,NULL),(193,0,15000,'USD',0,0,'USD','2008-09-01',0,0,'USD',0,0,'USD',708300,'USD',1173300,NULL,'2008-09-26',1,NULL,295,NULL),(194,0,0,'USD',0,0,'USD','2008-08-01',0,0,'USD',0,0,'USD',659833,'USD',662333,NULL,'2008-09-26',1,NULL,296,NULL),(195,0,0,'USD',0,0,'USD','2008-09-01',0,0,'USD',0,0,'USD',659833,'USD',662333,NULL,'2008-09-26',1,NULL,297,NULL),(196,0,15000,'USD',0,0,'USD','2008-09-01',0,0,'USD',0,0,'USD',541600,'USD',945166,NULL,'2008-09-26',1,NULL,298,NULL),(197,0,15000,'USD',0,0,'USD','2008-09-01',0,0,'USD',0,0,'USD',541600,'USD',990166,NULL,'2008-09-26',1,NULL,299,NULL),(198,0,15000,'USD',0,0,'USD','2008-09-01',0,0,'USD',0,0,'USD',291666,'USD',590166,NULL,'2008-09-26',1,NULL,300,NULL),(199,0,15000,'USD',0,0,'USD','2008-09-01',0,0,'USD',0,0,'USD',291666,'USD',590166,NULL,'2008-09-26',1,NULL,301,NULL),(200,0,15000,'USD',0,0,'USD','2008-09-01',0,0,'USD',0,0,'USD',541666,'USD',861166,NULL,'2008-09-30',1,NULL,302,NULL),(201,0,10000,'USD',0,0,'USD','2008-09-01',0,0,'USD',0,0,'USD',460000,'USD',474500,NULL,'2008-09-30',1,NULL,303,NULL),(202,0,15000,'USD',0,1500,'USD','2008-09-01',0,58047,'USD',0,0,'USD',142000,'USD',528547,NULL,'2008-09-26',1,NULL,304,NULL),(203,0,15000,'USD',0,0,'USD','2008-09-01',0,0,'USD',0,30000,'USD',0,'USD',904500,NULL,'2008-10-06',0,NULL,305,NULL),(204,0,10000,'USD',0,0,'USD','2008-09-01',0,0,'USD',0,30000,'USD',0,'USD',843500,NULL,'2008-10-07',0,NULL,307,NULL),(205,0,0,'USD',0,0,'USD','2008-09-01',0,0,'USD',0,42000,'USD',0,'USD',885500,NULL,'2008-10-10',0,NULL,308,NULL),(206,0,0,'USD',0,0,'USD','2008-10-01',0,0,'USD',0,0,'USD',1060000,'USD',1065000,NULL,'2008-10-30',1,NULL,314,NULL),(207,0,27000,'USD',0,0,'USD','2008-10-01',0,0,'USD',0,0,'USD',678100,'USD',1142100,NULL,'2008-10-30',1,NULL,315,NULL),(208,0,25000,'USD',0,0,'USD','2008-10-01',0,0,'USD',0,0,'USD',681800,'USD',1686800,NULL,'2008-10-30',1,NULL,316,NULL),(209,0,25500,'USD',0,0,'USD','2008-10-01',0,15000,'USD',0,0,'USD',696200,'USD',1098700,NULL,'2008-10-30',1,NULL,317,NULL),(210,0,15000,'USD',0,0,'USD','2008-10-01',0,0,'USD',0,0,'USD',541666,'USD',1041666,NULL,'2008-10-30',1,NULL,318,NULL),(211,0,15000,'USD',0,0,'USD','2008-10-01',0,0,'USD',0,0,'USD',541666,'USD',545166,NULL,'2008-10-30',1,NULL,319,NULL),(212,0,15000,'USD',0,0,'USD','2008-10-01',0,0,'USD',0,0,'USD',291666,'USD',445166,NULL,'2008-10-31',1,NULL,320,NULL),(213,0,15000,'USD',0,0,'USD','2008-10-01',0,0,'USD',0,0,'USD',291666,'USD',670166,NULL,'2008-10-30',1,NULL,321,NULL),(214,0,15000,'USD',0,0,'USD','2008-10-01',0,0,'USD',0,0,'USD',541666,'USD',861166,NULL,'2008-10-30',1,NULL,322,NULL),(215,0,14000,'USD',0,0,'USD','2008-10-01',0,0,'USD',0,0,'USD',419100,'USD',856600,NULL,'2008-10-30',1,NULL,323,NULL),(216,0,31000,'USD',0,0,'USD','2008-10-01',0,0,'USD',0,0,'USD',649725,'USD',1245225,NULL,'2008-10-30',1,NULL,324,NULL),(217,0,40000,'USD',0,150000,'USD','2008-10-01',0,75000,'USD',0,57500,'USD',0,'USD',978500,NULL,'2008-10-30',0,NULL,325,NULL),(218,0,27000,'USD',0,1500,'USD','2008-10-01',0,0,'USD',0,15000,'USD',681100,'USD',780600,NULL,'2008-10-30',1,NULL,326,NULL),(219,0,30000,'USD',0,0,'USD','2008-10-01',0,0,'USD',0,0,'USD',751125,'USD',1296125,NULL,'2008-10-30',1,NULL,327,NULL),(220,0,21500,'USD',0,0,'USD','2008-10-01',0,0,'USD',0,0,'USD',675725,'USD',1067725,NULL,'2008-10-30',1,NULL,328,NULL),(221,0,14000,'USD',0,0,'USD','2008-10-01',0,15000,'USD',0,5000,'USD',375000,'USD',520500,NULL,'2008-10-30',1,NULL,329,NULL),(222,0,12000,'USD',0,0,'USD','2008-10-01',0,0,'USD',0,18000,'USD',0,'USD',531500,NULL,'2008-10-30',0,NULL,330,NULL),(223,0,0,'USD',0,0,'USD','2008-10-01',0,0,'USD',0,38000,'USD',0,'USD',1183000,NULL,'2008-10-30',0,NULL,331,NULL),(224,0,12000,'USD',0,0,'USD','2008-10-01',0,0,'USD',0,18000,'USD',0,'USD',363500,NULL,'2008-10-30',0,NULL,332,NULL),(225,0,16000,'USD',0,0,'USD','2008-10-01',0,15000,'USD',0,0,'USD',407000,'USD',713500,NULL,'2008-10-30',1,NULL,333,NULL),(226,0,12000,'USD',0,0,'USD','2008-10-01',0,30000,'USD',0,18000,'USD',0,'USD',501500,NULL,'2008-10-30',0,NULL,334,NULL),(227,0,14000,'USD',0,0,'USD','2008-10-01',0,15000,'USD',0,0,'USD',425000,'USD',807500,NULL,'2008-10-30',1,NULL,335,NULL),(228,0,12000,'USD',0,0,'USD','2008-10-01',0,0,'USD',0,18000,'USD',0,'USD',591500,NULL,'2008-10-30',0,NULL,336,NULL),(229,0,12000,'USD',0,0,'USD','2008-10-01',0,0,'USD',0,18000,'USD',0,'USD',243500,NULL,'2008-10-31',0,NULL,337,NULL),(230,0,24000,'USD',0,0,'USD','2008-10-01',0,0,'USD',0,0,'USD',609225,'USD',1310225,NULL,'2008-10-30',1,NULL,338,NULL),(231,0,18000,'USD',0,0,'USD','2008-10-01',0,0,'USD',0,0,'USD',541500,'USD',978000,NULL,'2008-10-30',1,NULL,339,NULL),(232,0,10000,'USD',0,0,'USD','2008-10-01',0,15000,'USD',0,30000,'USD',0,'USD',658500,NULL,'2008-10-30',0,NULL,340,NULL),(233,0,20000,'USD',0,0,'USD','2008-10-01',0,0,'USD',0,0,'USD',483225,'USD',806725,NULL,'2008-10-30',1,NULL,341,NULL),(234,0,18000,'USD',0,0,'USD','2008-10-01',0,15000,'USD',0,0,'USD',300000,'USD',642500,NULL,'2008-10-30',1,NULL,342,NULL),(235,0,12000,'USD',0,0,'USD','2008-10-01',0,0,'USD',0,18000,'USD',0,'USD',711500,NULL,'2008-10-30',0,NULL,343,NULL),(236,0,12000,'USD',0,0,'USD','2008-10-01',0,0,'USD',0,18000,'USD',0,'USD',81500,NULL,'2008-10-31',0,NULL,344,NULL),(237,0,12000,'USD',0,0,'USD','2008-10-01',0,0,'USD',0,18000,'USD',0,'USD',321500,NULL,'2008-10-31',0,NULL,345,NULL),(238,0,12000,'USD',0,0,'USD','2008-10-01',0,0,'USD',0,18000,'USD',0,'USD',333500,NULL,'2008-10-31',0,NULL,346,NULL),(239,0,60000,'USD',0,0,'USD','2008-10-01',0,15000,'USD',0,42000,'USD',0,'USD',666500,NULL,'2008-10-30',0,NULL,347,NULL),(240,0,15000,'USD',0,0,'USD','2008-10-01',0,0,'USD',0,30000,'USD',0,'USD',319500,NULL,'2008-10-30',0,NULL,348,NULL),(241,0,3000,'USD',0,0,'USD','2008-10-01',0,0,'USD',0,41000,'USD',0,'USD',782500,NULL,'2008-10-30',0,NULL,349,NULL),(242,0,12000,'USD',0,0,'USD','2008-10-01',0,0,'USD',0,18000,'USD',0,'USD',933500,NULL,'2008-10-30',0,NULL,350,NULL),(243,0,10000,'USD',0,0,'USD','2008-10-01',0,15000,'USD',0,30000,'USD',0,'USD',578500,NULL,'2008-10-30',0,NULL,351,NULL),(244,0,10000,'USD',0,0,'USD','2008-10-01',0,0,'USD',0,27500,'USD',0,'USD',153500,NULL,'2008-10-31',0,NULL,352,NULL),(245,0,12000,'USD',0,0,'USD','2008-10-01',0,0,'USD',0,0,'USD',287500,'USD',567000,NULL,'2008-10-30',1,NULL,353,NULL),(246,0,12000,'USD',0,0,'USD','2008-10-01',0,0,'USD',0,18000,'USD',0,'USD',993500,NULL,'2008-10-30',0,NULL,354,NULL),(247,0,12000,'USD',0,0,'USD','2008-10-01',0,0,'USD',0,18000,'USD',0,'USD',394500,NULL,'2008-10-30',0,NULL,355,NULL),(248,0,19000,'USD',0,0,'USD','2008-10-01',0,0,'USD',0,0,'USD',493225,'USD',781725,NULL,'2008-10-30',1,NULL,356,NULL),(249,0,37500,'USD',0,0,'USD','2008-10-01',0,15000,'USD',0,0,'USD',0,'USD',678500,NULL,'2008-10-30',0,NULL,357,NULL),(250,0,12000,'USD',0,0,'USD','2008-10-01',0,0,'USD',0,18000,'USD',0,'USD',453500,NULL,'2008-10-31',0,NULL,358,NULL),(251,0,10000,'USD',0,0,'USD','2008-10-01',0,0,'USD',0,0,'USD',0,'USD',153500,NULL,'2008-10-31',0,NULL,359,NULL),(252,0,13000,'USD',0,0,'USD','2008-10-01',0,0,'USD',0,15000,'USD',0,'USD',238500,NULL,'2008-10-30',0,NULL,360,NULL),(253,0,12000,'USD',0,0,'USD','2008-10-01',0,0,'USD',0,18000,'USD',0,'USD',1087000,NULL,'2008-11-04',0,NULL,361,NULL),(254,0,10000,'USD',0,0,'USD','2008-10-01',0,0,'USD',0,5000,'USD',150000,'USD',513500,NULL,'2008-11-04',1,NULL,363,NULL),(255,0,15000,'USD',0,0,'USD','2008-11-01',0,0,'USD',0,0,'USD',541666,'USD',545166,NULL,'2008-11-28',1,NULL,365,NULL),(256,0,31000,'USD',0,0,'USD','2008-11-01',0,15000,'USD',0,0,'USD',649725,'USD',1276225,NULL,'2008-11-28',1,NULL,368,NULL),(257,0,0,'USD',0,0,'USD','2008-11-01',0,0,'USD',0,0,'USD',1060000,'USD',1065000,NULL,'2008-11-28',1,NULL,369,NULL),(258,0,27000,'USD',0,0,'USD','2008-11-01',0,15000,'USD',0,0,'USD',678100,'USD',993600,NULL,'2008-11-28',1,NULL,370,NULL),(259,0,25000,'USD',0,0,'USD','2008-11-01',0,15000,'USD',0,0,'USD',735300,'USD',1240300,NULL,'2008-11-28',1,NULL,371,NULL),(260,0,25500,'USD',0,0,'USD','2008-11-01',0,0,'USD',0,0,'USD',696200,'USD',699700,NULL,'2008-11-28',1,NULL,372,NULL),(261,0,30000,'USD',0,0,'USD','2008-11-01',0,15000,'USD',0,0,'USD',751125,'USD',1311125,NULL,'2008-11-28',1,NULL,373,NULL),(262,0,15000,'USD',0,0,'USD','2008-11-01',0,0,'USD',0,0,'USD',541666,'USD',845166,NULL,'2008-11-28',1,NULL,374,NULL),(263,0,15000,'USD',0,0,'USD','2008-11-01',0,0,'USD',0,0,'USD',291666,'USD',595166,NULL,'2008-11-28',1,NULL,375,NULL),(264,0,15000,'USD',0,0,'USD','2008-11-01',0,0,'USD',0,0,'USD',291666,'USD',595166,NULL,'2008-11-28',1,NULL,376,NULL),(265,0,15000,'USD',0,0,'USD','2008-11-01',0,0,'USD',0,0,'USD',541666,'USD',801166,NULL,'2008-11-28',1,NULL,377,NULL),(266,0,14000,'USD',0,0,'USD','2008-11-01',0,15000,'USD',0,100000,'USD',419100,'USD',802600,NULL,'2008-11-28',1,NULL,378,NULL),(267,0,27000,'USD',0,0,'USD','2008-11-01',0,15000,'USD',0,0,'USD',681100,'USD',942600,NULL,'2008-11-28',1,NULL,379,NULL),(268,0,21500,'USD',0,0,'USD','2008-11-01',0,0,'USD',0,0,'USD',675725,'USD',1110725,NULL,'2008-11-28',1,NULL,380,NULL),(269,0,14000,'USD',0,0,'USD','2008-11-01',0,15000,'USD',0,5000,'USD',375000,'USD',379500,NULL,'2008-11-28',1,NULL,381,NULL),(270,0,12000,'USD',0,0,'USD','2008-11-01',0,0,'USD',0,18000,'USD',0,'USD',411500,NULL,'2008-11-28',0,NULL,382,NULL),(271,0,0,'USD',0,0,'USD','2008-11-01',0,0,'USD',0,38000,'USD',0,'USD',763500,NULL,'2008-11-28',0,NULL,383,NULL),(272,0,16000,'USD',0,0,'USD','2008-11-01',0,15000,'USD',0,0,'USD',407000,'USD',730500,NULL,'2008-11-28',1,NULL,384,NULL),(273,0,12000,'USD',0,0,'USD','2008-11-01',0,30000,'USD',0,18000,'USD',0,'USD',321500,NULL,'2008-11-28',0,NULL,385,NULL),(274,0,14000,'USD',0,0,'USD','2008-11-01',0,15000,'USD',0,0,'USD',425000,'USD',428500,NULL,'2008-11-28',1,NULL,386,NULL),(275,0,12000,'USD',0,0,'USD','2008-11-01',0,0,'USD',0,18000,'USD',0,'USD',303500,NULL,'2008-11-28',0,NULL,387,NULL),(276,0,12000,'USD',0,0,'USD','2008-11-01',0,0,'USD',0,18000,'USD',0,'USD',603500,NULL,'2008-11-28',0,NULL,388,NULL),(277,0,24000,'USD',0,0,'USD','2008-11-01',0,0,'USD',0,0,'USD',609225,'USD',612725,NULL,'2008-11-28',1,NULL,389,NULL),(278,0,18000,'USD',0,0,'USD','2008-11-01',0,15000,'USD',0,0,'USD',541500,'USD',777000,NULL,'2008-11-28',1,NULL,390,NULL),(279,0,20000,'USD',0,0,'USD','2008-11-01',0,0,'USD',0,0,'USD',483225,'USD',686725,NULL,'2008-11-28',1,NULL,391,NULL),(280,0,18000,'USD',0,0,'USD','2008-11-01',0,15000,'USD',0,0,'USD',300000,'USD',498500,NULL,'2008-11-28',1,NULL,392,NULL),(281,0,12000,'USD',0,0,'USD','2008-11-01',0,0,'USD',0,18000,'USD',0,'USD',603500,NULL,'2008-11-28',0,NULL,393,NULL),(282,0,60000,'USD',0,0,'USD','2008-11-01',0,15000,'USD',0,42000,'USD',0,'USD',438500,NULL,'2008-11-28',0,NULL,394,NULL),(283,0,3000,'USD',0,0,'USD','2008-11-01',0,0,'USD',0,41000,'USD',0,'USD',618500,NULL,'2008-11-28',0,NULL,395,NULL),(284,0,12000,'USD',0,0,'USD','2008-11-01',0,0,'USD',0,18000,'USD',0,'USD',213500,NULL,'2008-11-28',0,NULL,396,NULL),(285,0,37500,'USD',0,0,'USD','2008-11-01',0,15000,'USD',0,0,'USD',0,'USD',506000,NULL,'2008-11-28',0,NULL,397,NULL),(286,0,12000,'USD',0,0,'USD','2008-11-01',0,0,'USD',0,18000,'USD',0,'USD',231500,NULL,'2008-11-28',0,NULL,398,NULL),(287,0,10000,'USD',0,0,'USD','2008-11-01',0,0,'USD',0,0,'USD',0,'USD',153500,NULL,'2008-11-28',0,NULL,399,NULL),(288,0,10000,'USD',0,0,'USD','2008-11-01',0,0,'USD',0,27500,'USD',0,'USD',753500,NULL,'2008-11-28',0,NULL,400,NULL),(289,0,13000,'USD',0,0,'USD','2008-11-01',0,0,'USD',0,15000,'USD',0,'USD',304500,NULL,'2008-11-28',0,NULL,401,NULL),(290,0,12000,'USD',0,0,'USD','2008-11-01',0,0,'USD',0,75000,'USD',362500,'USD',681000,NULL,'2008-11-28',1,NULL,402,NULL),(291,0,12000,'USD',0,0,'USD','2008-11-01',0,0,'USD',0,18000,'USD',0,'USD',303500,NULL,'2008-11-28',0,NULL,403,NULL),(292,0,12000,'USD',0,0,'USD','2008-11-01',0,0,'USD',0,18000,'USD',0,'USD',604500,NULL,'2008-11-28',0,NULL,404,NULL),(293,0,19000,'USD',0,0,'USD','2008-11-01',0,15000,'USD',0,0,'USD',493225,'USD',1007225,NULL,'2008-11-28',1,NULL,405,NULL),(294,0,10000,'USD',0,0,'USD','2008-11-01',0,0,'USD',0,5000,'USD',150000,'USD',353500,NULL,'2008-11-28',1,NULL,406,NULL),(295,0,12000,'USD',0,0,'USD','2008-11-01',0,0,'USD',0,18000,'USD',0,'USD',514500,NULL,'2008-11-28',0,NULL,407,NULL),(296,0,12000,'USD',0,0,'USD','2008-11-01',0,0,'USD',0,18000,'USD',0,'USD',513500,NULL,'2008-11-28',0,NULL,408,NULL),(297,0,12000,'USD',0,0,'USD','2008-11-01',0,0,'USD',0,18000,'USD',0,'USD',513500,NULL,'2008-11-28',0,NULL,409,NULL),(298,0,40000,'USD',0,150000,'USD','2008-11-01',0,75000,'USD',0,57500,'USD',0,'USD',978500,NULL,'2008-11-28',0,NULL,410,NULL),(299,0,15000,'USD',0,0,'USD','2008-11-01',0,0,'USD',0,30000,'USD',0,'USD',0,NULL,'2008-11-10',0,NULL,419,NULL),(300,0,12000,'USD',0,0,'USD','2008-12-01',0,30000,'USD',0,18000,'USD',0,'USD',903500,NULL,'2008-12-16',0,NULL,436,NULL),(301,0,12000,'USD',0,0,'USD','2008-12-01',0,0,'USD',0,18000,'USD',0,'USD',651500,NULL,'2008-12-16',0,NULL,437,NULL),(302,0,27000,'USD',0,0,'USD','2008-12-01',0,15000,'USD',0,0,'USD',678100,'USD',939600,NULL,'2008-12-16',1,NULL,438,NULL),(303,0,27000,'USD',0,0,'USD','2008-12-01',0,15000,'USD',0,0,'USD',681100,'USD',1280100,NULL,'2008-12-16',1,NULL,439,NULL),(304,0,30000,'USD',0,0,'USD','2008-12-01',0,15000,'USD',0,0,'USD',751125,'USD',754625,NULL,'2008-12-16',1,NULL,440,NULL),(305,0,10000,'USD',0,150000,'USD','2008-12-01',0,75000,'USD',0,57500,'USD',0,'USD',978500,NULL,'2008-12-16',0,NULL,441,NULL),(306,0,21500,'USD',0,0,'USD','2008-12-01',0,0,'USD',0,0,'USD',675725,'USD',1304225,NULL,'2008-12-16',1,NULL,442,NULL),(307,0,15000,'USD',0,0,'USD','2008-12-01',0,0,'USD',0,0,'USD',541666,'USD',755166,NULL,'2008-12-16',1,NULL,443,NULL),(308,0,15000,'USD',0,0,'USD','2008-12-01',0,0,'USD',0,0,'USD',541666,'USD',830166,NULL,'2008-12-16',1,NULL,444,NULL),(309,0,15000,'USD',0,0,'USD','2008-12-01',0,0,'USD',0,0,'USD',291666,'USD',310166,NULL,'2008-12-16',1,NULL,445,NULL),(310,0,15000,'USD',0,0,'USD','2008-12-01',0,0,'USD',0,0,'USD',541666,'USD',936166,NULL,'2008-12-16',1,NULL,446,NULL),(311,0,25500,'USD',0,0,'USD','2008-12-01',0,15000,'USD',0,0,'USD',696200,'USD',1353700,NULL,'2008-12-16',1,NULL,447,NULL),(312,0,16000,'USD',0,0,'USD','2008-12-01',0,15000,'USD',0,0,'USD',407000,'USD',505500,NULL,'2008-12-16',1,NULL,448,NULL),(313,0,10000,'USD',0,0,'USD','2008-12-01',0,15000,'USD',0,27500,'USD',0,'USD',206000,NULL,'2008-12-16',0,NULL,449,NULL),(314,0,10000,'USD',0,0,'USD','2008-12-01',0,15000,'USD',0,30000,'USD',0,'USD',0,NULL,NULL,0,NULL,450,NULL),(315,0,14000,'USD',0,0,'USD','2008-12-01',0,15000,'USD',0,5000,'USD',375000,'USD',379500,NULL,'2008-12-16',1,NULL,451,NULL),(316,0,12000,'USD',0,0,'USD','2008-12-01',0,15000,'USD',0,18000,'USD',0,'USD',577500,NULL,'2008-12-16',0,NULL,452,NULL),(317,0,12000,'USD',0,0,'USD','2008-12-01',0,0,'USD',0,18000,'USD',0,'USD',351500,NULL,'2008-12-16',0,NULL,453,NULL),(318,0,14000,'USD',0,0,'USD','2008-12-01',0,15000,'USD',0,100000,'USD',419100,'USD',618600,NULL,'2008-12-16',1,NULL,454,NULL),(319,0,0,'USD',0,0,'USD','2008-12-01',0,15000,'USD',0,48000,'USD',0,'USD',210500,NULL,'2008-12-16',0,NULL,455,NULL),(320,0,30000,'USD',0,0,'USD','2008-12-01',0,0,'USD',0,18000,'USD',0,'USD',904500,NULL,'2008-12-16',0,NULL,456,NULL),(321,0,12000,'USD',0,0,'USD','2008-12-01',0,0,'USD',0,18000,'USD',0,'USD',903500,NULL,'2008-12-16',0,NULL,457,NULL),(322,0,10000,'USD',0,0,'USD','2008-12-01',0,0,'USD',0,0,'USD',0,'USD',183500,NULL,'2008-12-16',0,NULL,458,NULL),(323,0,3000,'USD',0,0,'USD','2008-12-01',0,0,'USD',0,41000,'USD',0,'USD',741500,NULL,'2008-12-16',0,NULL,459,NULL),(324,0,20000,'USD',0,0,'USD','2008-12-01',0,0,'USD',0,0,'USD',483225,'USD',926725,NULL,'2008-12-16',1,NULL,460,NULL),(325,0,19000,'USD',0,0,'USD','2008-12-01',0,15000,'USD',0,0,'USD',493225,'USD',720725,NULL,'2008-12-16',1,NULL,461,NULL),(326,0,13000,'USD',0,0,'USD','2008-12-01',0,0,'USD',0,15000,'USD',0,'USD',94500,NULL,'2008-12-16',0,NULL,462,NULL),(327,0,40000,'USD',0,0,'USD','2008-12-01',0,15000,'USD',0,0,'USD',0,'USD',1020000,NULL,'2008-12-16',0,NULL,463,NULL),(328,0,14000,'USD',0,0,'USD','2008-12-01',0,15000,'USD',0,0,'USD',425000,'USD',428500,NULL,'2008-12-16',1,NULL,464,NULL),(329,0,15000,'USD',0,0,'USD','2008-12-01',0,0,'USD',0,0,'USD',291666,'USD',730166,NULL,'2008-12-16',1,NULL,465,NULL),(330,0,12000,'USD',0,0,'USD','2008-12-01',0,0,'USD',0,18000,'USD',0,'USD',873500,NULL,'2008-12-16',0,NULL,466,NULL),(331,0,12000,'USD',0,0,'USD','2008-12-01',0,0,'USD',0,18000,'USD',0,'USD',123500,NULL,'2008-12-16',0,NULL,467,NULL),(332,0,25000,'USD',0,0,'USD','2008-12-01',0,15000,'USD',0,0,'USD',735300,'USD',878800,NULL,'2008-12-16',1,NULL,468,NULL),(333,0,24000,'USD',0,0,'USD','2008-12-01',0,0,'USD',0,0,'USD',609225,'USD',1238225,NULL,'2008-12-16',1,NULL,469,NULL),(334,0,10000,'USD',0,0,'USD','2008-12-01',0,0,'USD',0,30000,'USD',396500,'USD',400000,NULL,'2008-12-16',1,NULL,470,NULL),(335,0,14000,'USD',0,0,'USD','2008-12-01',0,0,'USD',0,30000,'USD',392500,'USD',858000,NULL,'2008-12-16',1,NULL,471,NULL),(336,0,12000,'USD',0,0,'USD','2008-12-01',0,0,'USD',0,18000,'USD',0,'USD',243500,NULL,'2008-12-16',0,NULL,472,NULL),(337,0,12000,'USD',0,0,'USD','2008-12-01',0,0,'USD',0,18000,'USD',0,'USD',663500,NULL,'2008-12-16',0,NULL,473,NULL),(338,0,12000,'USD',0,0,'USD','2008-12-01',0,0,'USD',0,18000,'USD',0,'USD',783500,NULL,'2008-12-16',0,NULL,474,NULL),(339,0,31000,'USD',0,0,'USD','2008-12-01',0,15000,'USD',0,0,'USD',649725,'USD',1539225,NULL,'2008-12-16',1,NULL,475,NULL),(340,0,21500,'USD',0,0,'USD','2008-12-01',0,15000,'USD',0,48000,'USD',524600,'USD',802100,NULL,'2008-12-16',1,NULL,476,NULL),(341,0,18000,'USD',0,0,'USD','2008-12-01',0,15000,'USD',0,0,'USD',300000,'USD',699500,NULL,'2008-12-16',1,NULL,477,NULL),(342,0,18000,'USD',0,0,'USD','2008-12-01',0,15000,'USD',0,0,'USD',541500,'USD',759000,NULL,'2008-12-16',1,NULL,478,NULL),(343,0,0,'USD',0,0,'USD','2008-12-01',0,0,'USD',0,38000,'USD',0,'USD',307500,NULL,'2008-12-16',0,NULL,479,NULL),(344,0,0,'USD',0,0,'USD','2008-12-01',0,0,'USD',0,0,'USD',1060000,'USD',1065000,NULL,'2008-12-16',1,NULL,480,NULL),(345,0,12000,'USD',0,0,'USD','2008-12-01',0,0,'USD',0,18000,'USD',0,'USD',951500,NULL,'2008-12-16',0,NULL,481,NULL),(346,0,10000,'USD',0,0,'USD','2008-12-01',0,0,'USD',0,5000,'USD',150000,'USD',423500,NULL,'2008-12-16',1,NULL,482,NULL),(347,0,0,'USD',0,0,'USD','2008-12-01',0,0,'USD',0,14516,'USD',0,'USD',192205,NULL,'2008-12-16',0,NULL,483,NULL),(348,0,12000,'USD',0,0,'USD','2008-12-01',0,12000,'USD',0,75000,'USD',0,'USD',135500,NULL,'2008-12-16',0,NULL,484,NULL),(349,0,14000,'USD',0,0,'USD','2008-12-01',0,15000,'USD',0,42000,'USD',424100,'USD',861600,NULL,'2008-12-16',1,NULL,485,NULL),(350,0,12000,'USD',0,0,'USD','2008-12-01',0,0,'USD',0,18000,'USD',0,'USD',153500,NULL,'2008-12-16',0,NULL,486,NULL),(351,0,25000,'USD',0,0,'USD','2008-12-01',0,15000,'USD',0,0,'USD',0,'USD',468500,NULL,'2008-12-16',0,NULL,499,NULL),(352,0,12000,'USD',0,0,'USD','2008-12-01',0,0,'USD',0,18000,'USD',0,'USD',561500,NULL,'2008-12-16',0,NULL,500,NULL),(353,0,12000,'USD',0,0,'USD','2008-12-01',0,0,'USD',0,18000,'USD',0,'USD',351500,NULL,'2008-12-16',0,NULL,501,NULL),(354,0,21500,'USD',0,0,'USD','2009-01-01',0,15000,'USD',0,0,'USD',524600,'USD',0,NULL,NULL,1,NULL,510,NULL),(355,0,20000,'USD',0,0,'USD','2009-01-01',0,15000,'USD',0,0,'USD',483225,'USD',0,NULL,NULL,1,NULL,511,NULL),(356,0,18000,'USD',0,0,'USD','2009-01-01',0,15000,'USD',0,0,'USD',300000,'USD',0,NULL,NULL,1,NULL,512,NULL),(357,0,18000,'USD',0,0,'USD','2009-01-01',0,15000,'USD',0,0,'USD',541500,'USD',0,NULL,NULL,1,NULL,513,NULL),(358,0,10000,'USD',0,0,'USD','2009-01-01',0,0,'USD',0,30000,'USD',396500,'USD',0,NULL,NULL,1,NULL,514,NULL),(359,0,30000,'USD',0,0,'USD','2009-01-01',0,0,'USD',0,15000,'USD',416667,'USD',0,NULL,NULL,1,NULL,515,NULL),(360,0,30000,'USD',0,0,'USD','2009-01-01',0,0,'USD',0,15000,'USD',312917,'USD',0,NULL,NULL,1,NULL,516,NULL),(361,0,0,'USD',0,0,'USD','2009-01-01',0,0,'USD',0,38000,'USD',0,'USD',345500,NULL,'2009-01-22',0,NULL,517,NULL),(362,0,30000,'USD',0,0,'USD','2009-01-01',0,0,'USD',0,15000,'USD',312917,'USD',0,NULL,NULL,1,NULL,518,NULL),(363,0,31000,'USD',0,0,'USD','2009-01-01',0,15000,'USD',0,0,'USD',649725,'USD',0,NULL,NULL,1,NULL,520,NULL),(364,0,19000,'USD',0,0,'USD','2009-01-01',0,15000,'USD',0,0,'USD',493225,'USD',0,NULL,NULL,1,NULL,521,NULL),(365,0,0,'USD',0,0,'USD','2009-01-01',0,0,'USD',0,15000,'USD',0,'USD',0,NULL,NULL,0,NULL,522,NULL),(366,0,40000,'USD',0,0,'USD','2009-01-01',0,15000,'USD',0,0,'USD',0,'USD',0,NULL,NULL,0,NULL,523,NULL),(367,0,14000,'USD',0,0,'USD','2009-01-01',0,15000,'USD',0,0,'USD',425000,'USD',0,NULL,NULL,1,NULL,524,NULL),(368,0,30000,'USD',0,0,'USD','2009-01-01',0,0,'USD',0,15000,'USD',416667,'USD',0,NULL,NULL,1,NULL,525,NULL),(369,0,25500,'USD',0,0,'USD','2009-01-01',0,15000,'USD',0,0,'USD',696200,'USD',0,NULL,NULL,1,NULL,526,NULL),(370,0,16000,'USD',0,0,'USD','2009-01-01',0,15000,'USD',0,0,'USD',407000,'USD',0,NULL,NULL,1,NULL,527,NULL),(371,0,21500,'USD',0,0,'USD','2009-01-01',0,15000,'USD',0,0,'USD',675725,'USD',0,NULL,NULL,1,NULL,528,NULL),(372,0,10000,'USD',0,0,'USD','2009-01-01',0,15000,'USD',0,40000,'USD',0,'USD',0,NULL,NULL,0,NULL,529,NULL),(373,0,14000,'USD',0,0,'USD','2009-01-01',0,15000,'USD',0,5000,'USD',375000,'USD',0,NULL,NULL,1,NULL,530,NULL),(374,0,12000,'USD',0,0,'USD','2009-01-01',0,0,'USD',0,18000,'USD',0,'USD',33500,NULL,'2009-01-22',0,NULL,531,NULL),(375,0,12000,'USD',0,0,'USD','2009-01-01',0,0,'USD',0,18000,'USD',0,'USD',0,NULL,NULL,0,NULL,532,NULL),(376,0,12000,'USD',0,0,'USD','2009-01-01',0,0,'USD',0,18000,'USD',0,'USD',0,NULL,NULL,0,NULL,533,NULL),(377,0,14000,'USD',0,0,'USD','2009-01-01',0,15000,'USD',0,100000,'USD',419100,'USD',0,NULL,NULL,1,NULL,534,NULL),(378,0,0,'USD',0,0,'USD','2009-01-01',0,15000,'USD',0,48000,'USD',0,'USD',0,NULL,NULL,0,NULL,535,NULL),(379,0,14000,'USD',0,0,'USD','2009-01-01',0,15000,'USD',0,42000,'USD',424100,'USD',0,NULL,NULL,1,NULL,536,NULL),(380,0,30000,'USD',0,0,'USD','2009-01-01',0,0,'USD',0,15000,'USD',416667,'USD',0,NULL,NULL,1,NULL,537,NULL),(381,0,12000,'USD',0,0,'USD','2009-01-01',0,0,'USD',0,18000,'USD',0,'USD',0,NULL,NULL,0,NULL,538,NULL),(382,0,27000,'USD',0,0,'USD','2009-01-01',0,15000,'USD',0,0,'USD',678100,'USD',0,NULL,NULL,1,NULL,539,NULL),(383,0,27000,'USD',0,0,'USD','2009-01-01',0,15000,'USD',0,0,'USD',681100,'USD',0,NULL,NULL,1,NULL,540,NULL),(384,0,25000,'USD',0,0,'USD','2009-01-01',0,15000,'USD',0,0,'USD',749251,'USD',0,NULL,NULL,1,NULL,541,NULL),(385,0,30000,'USD',0,0,'USD','2009-01-01',0,15000,'USD',0,0,'USD',751125,'USD',1566125,NULL,'2009-01-22',1,NULL,542,NULL),(386,0,15000,'USD',0,0,'USD','2009-01-01',0,0,'USD',0,0,'USD',541666,'USD',0,NULL,NULL,1,NULL,543,NULL),(387,0,15000,'USD',0,0,'USD','2009-01-01',0,0,'USD',0,0,'USD',541666,'USD',0,NULL,NULL,1,NULL,544,NULL),(388,0,15000,'USD',0,0,'USD','2009-01-01',0,0,'USD',0,0,'USD',291666,'USD',0,NULL,NULL,1,NULL,545,NULL),(389,0,15000,'USD',0,0,'USD','2009-01-01',0,0,'USD',0,0,'USD',541666,'USD',0,NULL,NULL,1,NULL,546,NULL),(390,0,15000,'USD',0,0,'USD','2009-01-01',0,0,'USD',0,0,'USD',291666,'USD',295166,NULL,'2009-01-22',1,NULL,547,NULL),(391,0,12000,'USD',0,0,'USD','2009-01-01',0,0,'USD',0,18000,'USD',0,'USD',0,NULL,NULL,0,NULL,548,NULL),(392,0,12000,'USD',0,0,'USD','2009-01-01',0,12000,'USD',0,12000,'USD',185500,'USD',0,NULL,NULL,1,NULL,549,NULL),(393,0,25000,'USD',0,0,'USD','2009-01-01',0,15000,'USD',0,0,'USD',0,'USD',0,NULL,NULL,0,NULL,550,NULL),(394,0,24000,'USD',0,0,'USD','2009-01-01',0,0,'USD',0,0,'USD',609225,'USD',0,NULL,NULL,1,NULL,551,NULL),(395,0,14000,'USD',0,0,'USD','2009-01-01',0,0,'USD',0,26000,'USD',392500,'USD',0,NULL,NULL,1,NULL,552,NULL),(396,0,12000,'USD',0,0,'USD','2009-01-01',0,0,'USD',0,18000,'USD',0,'USD',0,NULL,NULL,0,NULL,553,NULL),(397,0,10000,'USD',0,0,'USD','2009-01-01',0,0,'USD',0,0,'USD',150000,'USD',173500,NULL,'2009-01-22',1,NULL,554,NULL),(398,0,0,'USD',0,0,'USD','2009-01-01',0,0,'USD',0,14516,'USD',450000,'USD',0,NULL,NULL,1,NULL,555,NULL),(399,0,30000,'USD',0,0,'USD','2009-01-01',0,0,'USD',0,15000,'USD',416667,'USD',0,NULL,NULL,1,NULL,556,NULL),(400,0,10000,'USD',0,0,'USD','2009-01-01',0,0,'USD',0,0,'USD',0,'USD',73500,NULL,'2009-01-22',0,NULL,557,NULL),(401,0,0,'USD',0,0,'USD','2009-01-01',0,0,'USD',0,41000,'USD',0,'USD',290500,NULL,'2009-01-22',0,NULL,558,NULL),(402,0,12000,'USD',0,0,'USD','2009-01-01',0,0,'USD',0,18000,'USD',0,'USD',0,NULL,NULL,0,NULL,559,NULL),(403,0,0,'USD',0,0,'USD','2009-01-01',0,0,'USD',0,0,'USD',1060000,'USD',0,NULL,NULL,1,NULL,560,NULL),(404,0,30000,'USD',0,0,'USD','2009-01-01',0,0,'USD',0,0,'USD',0,'USD',213500,NULL,'2009-01-22',0,NULL,561,NULL),(405,0,27000,'USD',0,0,'USD','2009-04-01',0,15000,'USD',0,0,'USD',678100,'USD',838159,NULL,'2009-04-30',1,NULL,563,NULL),(406,0,30000,'USD',0,0,'USD','2009-02-01',0,15000,'USD',0,0,'USD',751125,'USD',0,NULL,NULL,0,NULL,564,NULL),(407,0,12000,'USD',0,0,'USD','2009-04-01',0,0,'USD',0,18000,'USD',0,'USD',0,NULL,NULL,0,NULL,565,NULL),(408,0,40000,'USD',0,150000,'USD','2009-12-01',0,75000,'USD',0,57500,'USD',150000,'USD',0,NULL,NULL,1,NULL,571,NULL),(409,0,12000,'USD',0,0,'USD','2009-12-01',0,0,'USD',0,18000,'USD',99900,'USD',0,NULL,NULL,0,NULL,572,NULL);
/*!40000 ALTER TABLE `crewmember$flightanddutyactuals` ENABLE KEYS */;
UNLOCK TABLES;

--
-- Table structure for table `crewmember$flightanddutyactuals_additions`
--

DROP TABLE IF EXISTS `crewmember$flightanddutyactuals_additions`;
CREATE TABLE `crewmember$flightanddutyactuals_additions` (
  `crewmember$flightanddutyactuals_id` int(11) NOT NULL default '0',
  `additions_element_amount_amount` bigint(20) NOT NULL default '0',
  `additions_element_amount_currencycode` char(3) default NULL,
  `additions_element_currency` varchar(255) default NULL,
  `additions_element_entered` double default NULL,
  `additions_element_exchangerate` double NOT NULL default '0',
  `additions_element_rand` double NOT NULL default '0',
  `additions_element_reason` varchar(255) default NULL,
  `additions_mapkey` varchar(255) NOT NULL default '',
  PRIMARY KEY  (`crewmember$flightanddutyactuals_id`,`additions_mapkey`),
  KEY `FK66FE8B499243B3AF` (`crewmember$flightanddutyactuals_id`)
) ENGINE=MyISAM DEFAULT CHARSET=latin1;

--
-- Dumping data for table `crewmember$flightanddutyactuals_additions`
--

LOCK TABLES `crewmember$flightanddutyactuals_additions` WRITE;
/*!40000 ALTER TABLE `crewmember$flightanddutyactuals_additions` DISABLE KEYS */;
INSERT INTO `crewmember$flightanddutyactuals_additions` VALUES (305,32800,'USD','GBP',200,1.64,0,'Sundries','Sundries'),(305,12103,'USD','AUD',133,0.91,0,'Medical Aid','Medical Aid'),(408,11988,'USD','ZAR',999,0.12,0,'Pension','Pension'),(408,27209,'USD','AUD',299,0.91,0,'Medical Aid','Medical Aid');
/*!40000 ALTER TABLE `crewmember$flightanddutyactuals_additions` ENABLE KEYS */;
UNLOCK TABLES;

--
-- Table structure for table `crewmember$flightanddutyactuals_deductions`
--

DROP TABLE IF EXISTS `crewmember$flightanddutyactuals_deductions`;
CREATE TABLE `crewmember$flightanddutyactuals_deductions` (
  `crewmember$flightanddutyactuals_id` int(11) NOT NULL default '0',
  `deductions_element_amount_amount` bigint(20) NOT NULL default '0',
  `deductions_element_amount_currencycode` char(3) default NULL,
  `deductions_element_exchangerate` double NOT NULL default '0',
  `deductions_element_rand` double NOT NULL default '0',
  `deductions_element_reason` varchar(255) default NULL,
  `deductions_mapkey` varchar(255) NOT NULL default '',
  `deductions_element_currency` varchar(255) default NULL,
  `deductions_element_entered` double default NULL,
  PRIMARY KEY  (`crewmember$flightanddutyactuals_id`,`deductions_mapkey`),
  KEY `FK4854509C9243B3AF` (`crewmember$flightanddutyactuals_id`)
) ENGINE=MyISAM DEFAULT CHARSET=latin1;

--
-- Dumping data for table `crewmember$flightanddutyactuals_deductions`
--

LOCK TABLES `crewmember$flightanddutyactuals_deductions` WRITE;
/*!40000 ALTER TABLE `crewmember$flightanddutyactuals_deductions` DISABLE KEYS */;
INSERT INTO `crewmember$flightanddutyactuals_deductions` VALUES (405,6000,'USD',0.12,500,'GAP cover','GAP cover',NULL,NULL),(405,6000,'USD',0.12,500,'Sundries','Sundries',NULL,NULL),(405,8400,'USD',0.12,700,'Medical Aid','Medical Aid',NULL,NULL),(406,2400,'USD',0.12,200,'Medical Aid','Medical Aid',NULL,NULL),(407,5400,'USD',0.12,450,'GAP cover','GAP cover',NULL,NULL),(408,1200,'USD',0.12,0,'Medical Aid','Medical Aid','ZAR',100),(409,11988,'USD',0.12,0,'Medical Aid','Medical Aid','ZAR',999),(408,2400,'USD',0.12,0,'GAP cover','GAP cover','ZAR',200);
/*!40000 ALTER TABLE `crewmember$flightanddutyactuals_deductions` ENABLE KEYS */;
UNLOCK TABLES;

--
-- Table structure for table `crewmember$flightanddutyactuals_entries`
--

DROP TABLE IF EXISTS `crewmember$flightanddutyactuals_entries`;
CREATE TABLE `crewmember$flightanddutyactuals_entries` (
  `crewmember$flightanddutyactuals_id` int(11) NOT NULL default '0',
  `entries_element_areadays` int(11) NOT NULL default '0',
  `entries_element_dailydays` int(11) NOT NULL default '0',
  `entries_element_flightdays` int(11) NOT NULL default '0',
  `entries_element_instructordays` int(11) NOT NULL default '0',
  `entries_mapkey` varchar(255) NOT NULL default '',
  `entries_element_aircraft` varchar(255) default NULL,
  `entries_element_charter` varchar(255) default NULL,
  `entries_element_discomfort` int(11) default NULL,
  PRIMARY KEY  (`crewmember$flightanddutyactuals_id`,`entries_mapkey`),
  KEY `FK5E56D7629243B3AF` (`crewmember$flightanddutyactuals_id`)
) ENGINE=MyISAM DEFAULT CHARSET=latin1;

--
-- Dumping data for table `crewmember$flightanddutyactuals_entries`
--

LOCK TABLES `crewmember$flightanddutyactuals_entries` WRITE;
/*!40000 ALTER TABLE `crewmember$flightanddutyactuals_entries` DISABLE KEYS */;
INSERT INTO `crewmember$flightanddutyactuals_entries` VALUES (21,30,30,0,0,'PDOC001',NULL,NULL,NULL),(2,0,19,0,0,'PDOC001',NULL,NULL,NULL),(3,1,21,0,0,'PDOC001',NULL,NULL,NULL),(4,0,17,0,0,'PDOC001',NULL,NULL,NULL),(5,18,0,0,18,'PDOC001',NULL,NULL,NULL),(6,15,0,0,5,'PDOC001',NULL,NULL,NULL),(7,11,0,0,0,'PDOC001',NULL,NULL,NULL),(8,0,31,0,0,'PDOC001',NULL,NULL,NULL),(9,0,13,0,0,'PDOC001',NULL,NULL,NULL),(10,0,19,0,0,'PDOC001',NULL,NULL,NULL),(11,19,0,0,0,'PDOC001',NULL,NULL,NULL),(12,19,0,0,0,'PDOC001',NULL,NULL,NULL),(13,4,0,0,0,'PDOC001',NULL,NULL,NULL),(14,23,0,0,0,'PDOC001',NULL,NULL,NULL),(15,22,1,0,0,'PDOC001',NULL,NULL,NULL),(16,0,7,0,0,'PDOC001',NULL,NULL,NULL),(17,16,0,0,0,'Namibia',NULL,NULL,NULL),(18,14,14,0,0,'Namibia',NULL,NULL,NULL),(19,14,0,0,14,'PDOC001',NULL,NULL,NULL),(20,11,11,7,0,'Namibia',NULL,NULL,NULL),(22,0,32,0,0,'S92',NULL,NULL,NULL),(23,0,1,0,0,'S92',NULL,NULL,NULL),(24,15,0,0,0,'Namibia',NULL,NULL,NULL),(25,1,17,0,0,'PDOC001',NULL,NULL,NULL),(26,0,18,0,0,'S92',NULL,NULL,NULL),(27,22,0,0,0,'S92',NULL,NULL,NULL),(28,20,0,0,0,'PDOC001',NULL,NULL,NULL),(29,10,0,0,0,'S92',NULL,NULL,NULL),(30,30,30,0,0,'PDOC001',NULL,NULL,NULL),(31,0,18,0,0,'PDOC001',NULL,NULL,NULL),(32,10,10,0,0,'S92',NULL,NULL,NULL),(33,32,0,0,0,'S92',NULL,NULL,NULL),(34,0,16,0,0,'PDOC001',NULL,NULL,NULL),(35,22,22,0,0,'Namibia',NULL,NULL,NULL),(36,1,19,0,0,'PDOC001',NULL,NULL,NULL),(37,0,0,0,0,'S92',NULL,NULL,NULL),(38,15,0,0,0,'PDOC001',NULL,NULL,NULL),(37,18,0,0,0,'PDOC001',NULL,NULL,NULL),(39,15,16,0,0,'PDOC001',NULL,NULL,NULL),(40,21,0,0,0,'PDOC001',NULL,NULL,NULL),(41,1,15,0,0,'PDOC001',NULL,NULL,NULL),(42,0,23,0,0,'PDOC001',NULL,NULL,NULL),(43,32,32,0,0,'Namibia',NULL,NULL,NULL),(44,24,0,0,0,'Namibia',NULL,NULL,NULL),(45,0,13,0,0,'PDOC001',NULL,NULL,NULL),(46,16,16,0,0,'Namibia',NULL,NULL,NULL),(47,1,1,0,0,'Namibia',NULL,NULL,NULL),(48,16,16,0,0,'S92',NULL,NULL,NULL),(49,0,6,0,0,'PDOC001',NULL,NULL,NULL),(52,13,0,0,0,'Namibia',NULL,NULL,NULL),(53,11,6,0,0,'Namibia',NULL,NULL,NULL),(54,18,0,0,0,'Namibia',NULL,NULL,NULL),(55,8,0,0,0,'S92',NULL,NULL,NULL),(55,15,0,0,0,'Namibia',NULL,NULL,NULL),(56,27,0,0,0,'S92',NULL,NULL,NULL),(50,27,0,0,0,'S92',NULL,NULL,NULL),(57,27,0,0,0,'S92',NULL,NULL,NULL),(58,6,7,0,0,'PDOC001',NULL,NULL,NULL),(59,0,0,0,1,'PDOC001',NULL,NULL,NULL),(59,0,34,0,2,'WFP',NULL,NULL,NULL),(59,0,0,0,1,'Namibia',NULL,NULL,NULL),(60,0,0,0,0,'S92',NULL,NULL,NULL),(61,6,0,0,0,'Namibia',NULL,NULL,NULL),(60,5,0,0,0,'PDOC001',NULL,NULL,NULL),(62,23,0,0,0,'PDOC001',NULL,NULL,NULL),(63,23,25,0,0,'PDOC001',NULL,NULL,NULL),(64,7,0,0,0,'PDOC001',NULL,NULL,NULL),(65,2,12,0,0,'PDOC001',NULL,NULL,NULL),(66,0,6,0,0,'WFP',NULL,NULL,NULL),(67,30,30,0,0,'Namibia',NULL,NULL,NULL),(68,21,0,0,0,'WFP',NULL,NULL,NULL),(69,1,24,0,0,'PDOC001',NULL,NULL,NULL),(70,13,30,0,0,'PDOC001',NULL,NULL,NULL),(71,1,34,0,0,'WFP',NULL,NULL,NULL),(72,30,0,0,0,'Namibia',NULL,NULL,NULL),(73,2,0,0,0,'S92',NULL,NULL,NULL),(74,22,0,0,0,'S92',NULL,NULL,NULL),(75,29,0,0,0,'S92',NULL,NULL,NULL),(76,34,0,0,0,'WFP',NULL,NULL,NULL),(77,0,29,0,0,'S92',NULL,NULL,NULL),(78,0,29,0,0,'S92',NULL,NULL,NULL),(79,7,8,0,0,'WFP',NULL,NULL,NULL),(80,15,17,0,0,'WFP',NULL,NULL,NULL),(81,34,35,0,0,'WFP',NULL,NULL,NULL),(82,37,37,0,0,'Namibia',NULL,NULL,NULL),(83,34,35,0,0,'WFP',NULL,NULL,NULL),(84,35,34,0,0,'WFP',NULL,NULL,NULL),(85,35,34,0,0,'WFP',NULL,NULL,NULL),(86,6,7,0,0,'PDOC001',NULL,NULL,NULL),(87,25,26,0,0,'Namibia',NULL,NULL,NULL),(88,30,0,0,0,'PDOC001',NULL,NULL,NULL),(89,15,0,0,0,'Namibia',NULL,NULL,NULL),(90,0,0,0,1,'PDOC001',NULL,NULL,NULL),(90,0,13,28,0,'Angola',NULL,NULL,NULL),(90,0,0,26,0,'WFP',NULL,NULL,NULL),(90,0,0,0,1,'Namibia',NULL,NULL,NULL),(92,29,0,0,0,'Namibia',NULL,NULL,NULL),(93,24,25,0,0,'PDOC001',NULL,NULL,NULL),(94,0,11,0,0,'PDOC001',NULL,NULL,NULL),(94,0,11,0,0,'WFP',NULL,NULL,NULL),(95,18,18,0,0,'Namibia',NULL,NULL,NULL),(97,1,2,0,0,'WFP',NULL,NULL,NULL),(98,14,14,0,0,'Angola',NULL,NULL,NULL),(98,0,1,0,0,'WFP',NULL,NULL,NULL),(99,10,11,0,0,'PDOC001',NULL,NULL,NULL),(100,0,3,0,0,'PDOC001',NULL,NULL,NULL),(101,4,4,0,0,'WFP',NULL,NULL,NULL),(102,11,11,0,0,'WFP',NULL,NULL,NULL),(103,4,4,0,0,'WFP',NULL,NULL,NULL),(104,4,4,0,0,'WFP',NULL,NULL,NULL),(105,1,17,0,0,'WFP',NULL,NULL,NULL),(106,31,31,0,0,'PDOC001',NULL,NULL,NULL),(107,14,14,0,0,'Angola',NULL,NULL,NULL),(108,14,14,0,0,'Angola',NULL,NULL,NULL),(109,14,14,0,0,'Angola',NULL,NULL,NULL),(110,14,14,0,0,'Angola',NULL,NULL,NULL),(111,15,15,0,0,'Namibia',NULL,NULL,NULL),(112,14,14,0,0,'Angola',NULL,NULL,NULL),(113,11,12,0,0,'PDOC001',NULL,NULL,NULL),(114,5,5,0,0,'Namibia',NULL,NULL,NULL),(115,31,31,0,0,'Namibia',NULL,NULL,NULL),(116,0,29,0,0,'S92',NULL,NULL,NULL),(117,26,0,0,0,'S92',NULL,NULL,NULL),(118,31,0,0,0,'S92',NULL,NULL,NULL),(119,31,0,0,0,'S92',NULL,NULL,NULL),(120,7,1,7,0,'S92',NULL,NULL,NULL),(121,6,0,0,0,'Namibia',NULL,NULL,NULL),(123,0,24,0,0,'S92',NULL,NULL,NULL),(125,31,0,0,0,'Namibia',NULL,NULL,NULL),(126,20,0,0,0,'S92',NULL,NULL,NULL),(127,21,0,0,0,'S92',NULL,NULL,NULL),(128,31,0,0,0,'S92',NULL,NULL,NULL),(129,3,7,0,0,'S92',NULL,NULL,NULL),(130,0,14,0,0,'S92',NULL,NULL,NULL),(131,11,1,0,0,'Angola',NULL,NULL,NULL),(131,9,0,24,0,'PDOC001',NULL,NULL,NULL),(132,1,0,0,0,'S92',NULL,NULL,NULL),(133,0,3,0,3,'Angola',NULL,NULL,NULL),(133,0,13,0,1,'S92',NULL,NULL,NULL),(133,0,0,0,1,'Namibia',NULL,NULL,NULL),(133,0,0,0,1,'PDOC001',NULL,NULL,NULL),(134,9,0,0,0,'PDOC001',NULL,NULL,NULL),(136,13,14,0,0,'PDOC001',NULL,NULL,NULL),(137,0,22,0,0,'PDOC001',NULL,NULL,NULL),(138,11,11,0,0,'Angola',NULL,NULL,NULL),(139,21,0,0,0,'S92',NULL,NULL,NULL),(140,3,3,0,0,'Angola',NULL,NULL,NULL),(141,20,22,0,0,'PDOC001',NULL,NULL,NULL),(142,21,21,0,0,'Angola',NULL,NULL,NULL),(143,0,1,0,0,'PDOC001',NULL,NULL,NULL),(144,14,14,0,0,'Angola',NULL,NULL,NULL),(145,14,14,0,0,'Angola',NULL,NULL,NULL),(146,31,31,0,0,'Angola',NULL,NULL,NULL),(147,22,22,0,0,'Angola',NULL,NULL,NULL),(148,16,16,0,0,'Namibia',NULL,NULL,NULL),(149,15,15,0,0,'Angola',NULL,NULL,NULL),(150,25,29,0,0,'PDOC001',NULL,NULL,NULL),(151,29,29,0,0,'Namibia',NULL,NULL,NULL),(152,31,0,0,0,'Namibia',NULL,NULL,NULL),(153,11,11,0,0,'Angola',NULL,NULL,NULL),(154,17,17,0,0,'Namibia',NULL,NULL,NULL),(155,13,14,0,0,'PDOC001',NULL,NULL,NULL),(156,12,13,0,0,'PDOC001',NULL,NULL,NULL),(157,11,11,0,0,'Angola',NULL,NULL,NULL),(158,18,0,0,0,'Angola',NULL,NULL,NULL),(159,18,18,0,0,'Angola',NULL,NULL,NULL),(160,23,25,0,0,'PDOC001',NULL,NULL,NULL),(161,17,17,0,0,'Angola',NULL,NULL,NULL),(162,11,0,11,0,'PDOC001',NULL,NULL,NULL),(163,0,0,1,3,'Angola',NULL,NULL,NULL),(163,1,0,0,0,'Sasol operational',NULL,NULL,NULL),(163,0,0,0,1,'PDOC001',NULL,NULL,NULL),(163,0,0,0,1,'S92',NULL,NULL,NULL),(163,1,0,0,0,'Namibia',NULL,NULL,NULL),(164,18,0,0,0,'Angola',NULL,NULL,NULL),(165,30,0,0,0,'Angola',NULL,NULL,NULL),(166,18,1,0,0,'PDOC001',NULL,NULL,NULL),(167,0,9,0,0,'PDOC001',NULL,NULL,NULL),(168,0,29,0,0,'Angola',NULL,NULL,NULL),(169,3,18,0,0,'Angola',NULL,NULL,NULL),(170,1,1,15,0,'PDOC001',NULL,NULL,NULL),(171,12,0,0,0,'Angola',NULL,NULL,NULL),(172,29,0,0,0,'Angola',NULL,NULL,NULL),(173,9,0,0,0,'Namibia',NULL,NULL,NULL),(174,9,0,0,0,'Angola',NULL,NULL,NULL),(175,0,11,0,0,'Angola',NULL,NULL,NULL),(176,0,30,0,0,'Angola',NULL,NULL,NULL),(177,25,1,0,0,'PDOC001',NULL,NULL,NULL),(178,18,1,0,0,'PDOC001',NULL,NULL,NULL),(179,30,0,1,0,'Angola',NULL,NULL,NULL),(180,0,12,0,0,'Angola',NULL,NULL,NULL),(181,0,9,0,0,'Sasol operational',NULL,NULL,NULL),(182,10,0,0,0,'PDOC001',NULL,NULL,NULL),(183,21,0,0,0,'PDOC001',NULL,NULL,NULL),(184,0,9,0,0,'Sasol operational',NULL,NULL,NULL),(185,0,34,0,0,'Angola',NULL,NULL,NULL),(186,0,9,0,0,'Sasol operational',NULL,NULL,NULL),(187,0,5,0,0,'Namibia',NULL,NULL,NULL),(188,0,15,0,0,'Angola',NULL,NULL,NULL),(189,28,28,0,0,'Angola',NULL,NULL,NULL),(191,15,0,0,0,'Sasol operational',NULL,NULL,NULL),(192,9,0,0,0,'Namibia',NULL,NULL,NULL),(193,30,0,0,0,'S92',NULL,NULL,NULL),(196,26,0,0,0,'S92',NULL,NULL,NULL),(197,29,0,0,0,'S92',NULL,NULL,NULL),(198,19,0,0,0,'S92',NULL,NULL,NULL),(199,19,0,0,0,'S92',NULL,NULL,NULL),(200,21,0,0,0,'S92',NULL,NULL,NULL),(202,21,0,1,0,'S92',NULL,NULL,NULL),(203,22,22,0,0,'Angola',NULL,NULL,NULL),(204,21,21,0,0,'Angola',NULL,NULL,NULL),(205,0,21,0,0,'Angola',NULL,NULL,NULL),(207,17,0,0,0,'S92',NULL,NULL,NULL),(208,40,0,0,0,'Sasol operational',NULL,NULL,NULL),(209,15,0,1,0,'S92',NULL,NULL,NULL),(210,33,0,0,0,'S92',NULL,NULL,NULL),(212,10,0,0,0,'S92',NULL,NULL,NULL),(213,25,0,0,0,'S92',NULL,NULL,NULL),(214,21,0,0,0,'S92',NULL,NULL,NULL),(215,31,0,0,0,'S92',NULL,NULL,NULL),(216,19,0,0,0,'PDOC001',NULL,NULL,NULL),(217,0,0,1,3,'Angola',NULL,NULL,NULL),(217,0,0,0,1,'Sasol operational',NULL,NULL,NULL),(217,0,0,0,1,'PDOC001',NULL,NULL,NULL),(217,0,0,0,1,'S92',NULL,NULL,NULL),(218,3,1,0,0,'S92',NULL,NULL,NULL),(219,18,0,0,0,'Sasol operational',NULL,NULL,NULL),(220,18,0,0,0,'Angola',NULL,NULL,NULL),(221,9,9,1,0,'Angola',NULL,NULL,NULL),(222,17,18,0,0,'PDOC001',NULL,NULL,NULL),(223,0,31,0,0,'PDOC001',NULL,NULL,NULL),(224,12,12,0,0,'Sasol operational',NULL,NULL,NULL),(225,18,0,1,0,'Angola',NULL,NULL,NULL),(226,16,17,0,0,'PDOC001',NULL,NULL,NULL),(227,26,0,1,0,'Angola',NULL,NULL,NULL),(228,19,20,0,0,'Angola',NULL,NULL,NULL),(229,8,8,0,0,'Sasol operational',NULL,NULL,NULL),(230,29,0,0,0,'Angola',NULL,NULL,NULL),(231,24,0,0,0,'PDOC001',NULL,NULL,NULL),(232,16,16,1,0,'Sasol operational',NULL,NULL,NULL),(233,16,0,0,0,'PDOC001',NULL,NULL,NULL),(234,18,0,1,0,'PDOC001',NULL,NULL,NULL),(235,23,24,0,0,'Sasol operational',NULL,NULL,NULL),(236,2,3,0,0,'Angola',NULL,NULL,NULL),(237,10,11,0,0,'Sasol operational',NULL,NULL,NULL),(238,11,11,0,0,'Sasol operational',NULL,NULL,NULL),(239,1,14,1,0,'Angola',NULL,NULL,NULL),(240,7,7,0,0,'Angola',NULL,NULL,NULL),(241,0,19,0,0,'Angola',NULL,NULL,NULL),(242,31,31,0,0,'Angola',NULL,NULL,NULL),(243,14,14,1,0,'Angola',NULL,NULL,NULL),(244,4,4,0,0,'Angola',NULL,NULL,NULL),(245,23,0,0,0,'Angola',NULL,NULL,NULL),(246,33,33,0,0,'Angola',NULL,NULL,NULL),(247,13,13,0,0,'Angola',NULL,NULL,NULL),(248,15,0,0,0,'Angola',NULL,NULL,NULL),(249,18,0,0,0,'Angola',NULL,NULL,NULL),(250,15,15,0,0,'Angola',NULL,NULL,NULL),(251,15,0,0,0,'Angola',NULL,NULL,NULL),(252,18,0,0,0,'Angola',NULL,NULL,NULL),(253,36,36,0,0,'Angola',NULL,NULL,NULL),(254,34,4,0,0,'Angola',NULL,NULL,NULL),(256,20,0,0,0,'PDOC001',NULL,NULL,NULL),(258,11,0,1,0,'S92',NULL,NULL,NULL),(259,20,0,0,0,'Sasol operational',NULL,NULL,NULL),(261,18,0,1,0,'Sasol operational',NULL,NULL,NULL),(262,20,0,0,0,'S92',NULL,NULL,NULL),(263,20,0,0,0,'S92',NULL,NULL,NULL),(264,20,0,0,0,'S92',NULL,NULL,NULL),(265,17,0,0,0,'S92',NULL,NULL,NULL),(266,20,1,0,0,'S92',NULL,NULL,NULL),(267,9,0,1,0,'S92',NULL,NULL,NULL),(268,20,0,0,0,'Angola',NULL,NULL,NULL),(270,13,14,0,0,'PDOC001',NULL,NULL,NULL),(271,0,20,0,0,'PDOC001',NULL,NULL,NULL),(272,20,0,0,0,'Angola',NULL,NULL,NULL),(273,10,11,0,0,'PDOC001',NULL,NULL,NULL),(275,10,10,0,0,'Angola',NULL,NULL,NULL),(276,20,20,0,0,'Sasol operational',NULL,NULL,NULL),(278,12,0,1,0,'PDOC001',NULL,NULL,NULL),(279,10,0,0,0,'Angola',NULL,NULL,NULL),(280,10,0,1,0,'PDOC001',NULL,NULL,NULL),(281,20,20,0,0,'Sasol operational',NULL,NULL,NULL),(282,0,10,1,0,'Angola',NULL,NULL,NULL),(283,0,15,0,0,'Angola',NULL,NULL,NULL),(284,7,7,0,0,'Angola',NULL,NULL,NULL),(285,13,0,1,0,'Angola',NULL,NULL,NULL),(286,7,8,0,0,'Angola',NULL,NULL,NULL),(287,15,0,0,0,'Angola',NULL,NULL,NULL),(288,20,20,0,0,'Angola',NULL,NULL,NULL),(289,0,20,0,0,'Angola',NULL,NULL,NULL),(290,20,1,0,0,'Angola',NULL,NULL,NULL),(291,10,10,0,0,'Angola',NULL,NULL,NULL),(292,20,20,0,0,'Angola',NULL,NULL,NULL),(293,26,0,1,0,'Angola',NULL,NULL,NULL),(294,20,0,0,0,'Angola',NULL,NULL,NULL),(295,17,17,0,0,'Angola',NULL,NULL,NULL),(296,17,17,0,0,'Angola',NULL,NULL,NULL),(297,17,17,0,0,'Angola',NULL,NULL,NULL),(298,0,0,1,3,'Angola',NULL,NULL,NULL),(298,0,0,0,1,'S92',NULL,NULL,NULL),(298,0,0,0,1,'PDOC001',NULL,NULL,NULL),(298,0,0,0,1,'Sasol operational',NULL,NULL,NULL),(301,5,5,0,0,'Sasol operational_ZS-HIZ','ZS-HIZ','Sasol operational',NULL),(301,16,17,0,0,'PDOC001_ZS-RUH','ZS-RUH','PDOC001',NULL),(302,9,0,1,0,'Angola_ZS-RSH','ZS-RSH','Angola',NULL),(303,22,0,0,0,'Angola_ZS-RSH','ZS-RSH','Angola',NULL),(306,29,0,0,0,'Angola_ZS-RSH','ZS-RSH','Angola',NULL),(307,14,0,0,0,'Angola_ZS-RSH','ZS-RSH','Angola',NULL),(308,19,0,0,0,'Angola_ZS-RSH','ZS-RSH','Angola',NULL),(309,1,0,0,0,'Angola_ZS-RSH','ZS-RSH','Angola',NULL),(310,26,0,0,0,'Angola_ZS-RSH','ZS-RSH','Angola',NULL),(311,25,0,1,0,'Angola_ZS-RNK','ZS-RNK','Angola',NULL),(313,5,5,1,0,'Angola_ZS-RNK','ZS-RNK','Angola',NULL),(337,22,22,0,0,'Sasol operational_ZS-HIZ','ZS-HIZ','Sasol operational',NULL),(316,18,19,1,0,'Angola_ZS-RNK','ZS-RNK','Angola',NULL),(317,11,12,0,0,'Angola_ZS-RNK','ZS-RNK','Angola',NULL),(318,14,0,0,0,'Angola_ZS-RWO','ZS-RWO','Angola',NULL),(319,0,4,1,0,'Angola_ZS-RWO','ZS-RWO','Angola',NULL),(320,30,0,0,0,'Angola_ZS-RWO','ZS-RWO','Angola',NULL),(321,30,30,0,0,'Angola_ZS-RWO','ZS-RWO','Angola',NULL),(322,18,0,0,0,'Angola_ZS-RWO','ZS-RWO','Angola',NULL),(324,22,0,0,0,'Angola_ZS-HJA','ZS-HJA','Angola',NULL),(325,11,0,1,0,'Angola_ZS-HJA','ZS-HJA','Angola',NULL),(326,0,6,0,0,'Angola_ZS-HJA','ZS-HJA','Angola',NULL),(329,29,0,0,0,'Angola_ZS-HJA','ZS-HJA','Angola',NULL),(330,29,29,0,0,'Angola_ZS-HJA','ZS-HJA','Angola',NULL),(331,4,4,0,0,'Angola_ZS-HJA','ZS-HJA','Angola',NULL),(305,1,0,0,0,'Sasol operational',NULL,NULL,4),(332,5,0,1,0,'Sasol operational_ZS-HIZ','ZS-HIZ','Sasol operational',NULL),(333,26,0,0,0,'Sasol operational_ZS-HIZ','ZS-HIZ','Sasol operational',NULL),(335,33,0,0,0,'Sasol operational_ZS-HIZ','ZS-HIZ','Sasol operational',NULL),(336,8,8,0,0,'Sasol operational_ZS-HIZ','ZS-HIZ','Sasol operational',NULL),(338,26,26,0,0,'Sasol operational_ZS-HIZ','ZS-HIZ','Sasol operational',NULL),(339,28,0,1,0,'PDOC001_ZS-RUH','ZS-RUH','PDOC001',NULL),(340,12,0,1,0,'PDOC001_ZS-RUH','ZS-RUH','PDOC001',NULL),(341,22,0,0,0,'PDOC001_ZS-RUH','ZS-RUH','PDOC001',NULL),(342,11,0,1,0,'PDOC001_ZS-RUH','ZS-RUH','PDOC001',NULL),(343,0,8,0,0,'PDOC001_ZS-RUH','ZS-RUH','PDOC001',NULL),(345,31,32,0,0,'Ivory Coast_ZS-RKC','ZS-RKC','Ivory Coast',NULL),(346,27,0,0,0,'Angola',NULL,NULL,NULL),(347,0,13,0,0,'Angola',NULL,NULL,NULL),(348,10,0,1,0,'Angola_ZS RST','ZS RST','Angola',NULL),(349,1,10,0,0,'Angola_ZS-RWO','ZS-RWO','Angola',NULL),(350,5,5,0,0,'Angola_ZS-RSH','ZS-RSH','Angola',NULL),(352,18,19,0,0,'Angola_ZS-RNK','ZS-RNK','Angola',NULL),(353,11,12,0,0,'Angola_ZS-RNK','ZS-RNK','Angola',NULL),(300,30,30,0,0,'PDOC001_ZS-RUH','ZS-RUH','PDOC001',NULL),(323,0,18,0,0,'Angola_ZS-RWO','ZS-RWO','Angola',NULL),(312,5,0,1,0,'Angola_ZS-RNK','ZS-RNK','Angola',NULL),(327,25,0,1,0,'Angola_ZS-HJA','ZS-HJA','Angola',NULL),(351,18,0,1,0,'Angola_ZS RST','ZS RST','Angola',NULL),(354,27,0,0,0,'PDOC001_ZS-RUH','ZS-RUH','PDOC001',NULL),(355,9,0,1,0,'PDOC001_ZS-RUH','ZS-RUH','PDOC001',NULL),(356,14,0,1,0,'PDOC001_ZS-RUH','ZS-RUH','PDOC001',NULL),(357,18,0,1,0,'PDOC001_ZS-RUH','ZS-RUH','PDOC001',NULL),(359,11,16,0,0,'PDOC001_ZS-RUH','ZS-RUH','PDOC001',NULL),(360,11,16,0,0,'PDOC001_ZS-RUH','ZS-RUH','PDOC001',NULL),(361,0,9,0,0,'PDOC001_ZS-RUH','ZS-RUH','PDOC001',NULL),(362,0,7,0,0,'PDOC001_ZS-RUH','ZS-RUH','PDOC001',NULL),(363,14,0,1,0,'Angola_ZS-HJA','ZS-HJA','Angola',NULL),(364,19,0,0,0,'Angola_ZS-HJA','ZS-HJA','Angola',NULL),(365,0,13,0,0,'Angola_ZS-HJA','ZS-HJA','Angola',NULL),(366,19,0,0,0,'Angola_ZS-HJA','ZS-HJA','Angola',NULL),(368,11,20,0,0,'Angola_ZS-HJA','ZS-HJA','Angola',NULL),(369,3,0,0,0,'Angola_ZS-RNK','ZS-RNK','Angola',NULL),(370,29,0,1,0,'Angola_ZS-RNK','ZS-RNK','Angola',NULL),(371,0,0,1,0,'Angola_ZS-RNK','ZS-RNK','Angola',NULL),(372,0,28,1,0,'Angola_ZS-RNK','ZS-RNK','Angola',NULL),(373,29,0,1,0,'Angola_ZS-RNK','ZS-RNK','Angola',NULL),(374,1,1,0,0,'Angola_ZS-RNK','ZS-RNK','Angola',NULL),(375,31,31,0,0,'Angola_ZS-RNK','ZS-RNK','Angola',NULL),(376,31,31,0,0,'Angola_ZS-RNK','ZS-RNK','Angola',NULL),(377,0,0,1,0,'Angola_ZS-RWO','ZS-RWO','Angola',NULL),(378,0,31,0,0,'Angola_ZS-RWO','ZS-RWO','Angola',NULL),(379,15,0,2,0,'Angola_ZS-RWO','ZS-RWO','Angola',NULL),(380,-1,0,0,0,'Angola_ZS-RWO','ZS-RWO','Angola',NULL),(381,31,31,0,0,'Angola_ZS-RWO','ZS-RWO','Angola',NULL),(382,26,0,0,0,'S92_ZS-RSH','ZS-RSH','S92',NULL),(383,5,0,1,0,'S92_ZS-RSH','ZS-RSH','S92',NULL),(385,26,0,2,0,'S92_ZS-RSH','ZS-RSH','S92',NULL),(371,5,0,0,0,'S92_ZS-RSH','ZS-RSH','S92',NULL),(387,31,0,0,0,'S92_ZS-RSH','ZS-RSH','S92',NULL),(388,32,0,0,0,'S92_ZS-RSH','ZS-RSH','S92',NULL),(389,3,0,0,0,'S92_ZS-RSH','ZS-RSH','S92',NULL),(391,21,21,0,0,'S92_ZS-RSH','ZS-RSH','S92',NULL),(393,31,0,0,0,'Angola_ZS RST','ZS RST','Angola',NULL),(394,31,0,0,0,'Sasol operational_ZS-HIZ','ZS-HIZ','Sasol operational',NULL),(395,31,12,0,0,'Sasol operational_ZS-HIZ','ZS-HIZ','Sasol operational',NULL),(362,11,13,0,0,'Sasol operational_ZS-HIZ','ZS-HIZ','Sasol operational',NULL),(396,31,31,0,0,'Sasol operational_ZS-HIZ','ZS-HIZ','Sasol operational',NULL),(397,2,0,0,0,'S92_ZS-HIZ','ZS-HIZ','S92',NULL),(399,11,20,0,0,'Ivory Coast_ZS-RKC','ZS-RKC','Ivory Coast',NULL),(400,7,0,0,0,'Ivory Coast_ZS-RKC','ZS-RKC','Ivory Coast',NULL),(401,0,7,0,0,'Ivory Coast_ZS-RKC','ZS-RKC','Ivory Coast',NULL),(389,7,0,0,0,'Ivory Coast_ZS-RKC','ZS-RKC','Ivory Coast',NULL),(402,7,7,0,0,'Ivory Coast_ZS-RKC','ZS-RKC','Ivory Coast',NULL),(404,7,0,0,0,'Ivory Coast_ZS-RKC','ZS-RKC','Ivory Coast',NULL),(405,5,15,3,0,'S92_ZS-HIZ','ZS-HIZ','S92',NULL),(406,1,1,1,1,'S92_ZS-HIZ','ZS-HIZ','S92',NULL),(407,5,20,0,0,'S92_ZS-HIZ','ZS-HIZ','S92',NULL);
/*!40000 ALTER TABLE `crewmember$flightanddutyactuals_entries` ENABLE KEYS */;
UNLOCK TABLES;

--
-- Table structure for table `crewmember$passport`
--

DROP TABLE IF EXISTS `crewmember$passport`;
CREATE TABLE `crewmember$passport` (
  `id` int(11) NOT NULL auto_increment,
  `country` varchar(255) default NULL,
  `expirydate` date default NULL,
  `passportnumber` varchar(255) default NULL,
  PRIMARY KEY  (`id`)
) ENGINE=MyISAM AUTO_INCREMENT=59 DEFAULT CHARSET=latin1;

--
-- Dumping data for table `crewmember$passport`
--

LOCK TABLES `crewmember$passport` WRITE;
/*!40000 ALTER TABLE `crewmember$passport` DISABLE KEYS */;
INSERT INTO `crewmember$passport` VALUES (1,'South Africa','2010-11-18','456498523'),(2,'Britian','2014-12-18','324535452'),(3,'South Africa','2010-11-18','456498523'),(4,'South Africa','2015-01-11','451378583'),(5,'xxxxxxxxx','2009-12-10','xxxxxxxxxx'),(6,'South Africa','2015-01-11','451378583'),(7,'xxxxxxxxx','2009-12-10','xxxxxxxxxx'),(8,'South Africa','2015-01-11','451378583'),(9,'xxxxxxxxx','2009-12-10','xxxxxxxxxx'),(10,'South Africa','2015-01-11','451378583'),(11,'xxxxxxxxx','2009-12-10','xxxxxxxxxx'),(12,'xxxxxxxxx','2009-12-10','xxxxxxxxxx'),(13,'South Africa','2009-01-07','451378583'),(14,'xxxxxxxxx','2009-12-10','xxxxxxxxxx'),(15,'South Africa','2008-01-08','451378583'),(16,'South Africa','2009-12-23','451378583'),(17,'xxxxxxxxx','2009-12-10','xxxxxxxxxx'),(18,'South Africa','2009-12-23','451378583'),(19,'xxxxxxxxx','2009-12-10','xxxxxxxxxx'),(20,'South Africa','2009-12-23','451378583'),(21,'xxxxxxxxx','2008-12-10','xxxxxxxxxx'),(22,'xxxxxxxx','2009-12-12','xxxxxxxxx'),(23,'xxxxxxxxx','2008-12-10','xxxxxxxxxx'),(24,'South Africa','2008-12-02','451378583'),(25,'xxxxxxxx','2009-12-12','xxxxxxxxx'),(26,'xxxxxxxxx','2008-12-10','xxxxxxxxxx'),(27,'South Africa','2009-12-25','451378583'),(28,'xxxxxxxx','2009-12-12','xxxxxxxxx'),(29,'xxxxxxxx','2009-12-12','xxxxxxxxx'),(30,'South Africa','2009-12-25','451378583'),(31,'xxxxxxxxx','2008-12-10','xxxxxxxxxx'),(32,'zar','2010-12-31','xxxxxxxxxx'),(33,'ZAR','2010-12-05','111111111'),(34,'zar','2010-12-31','xxxxxxxxxx'),(35,'ZAR','2010-12-05','111111111'),(36,'zar','2010-12-31','xxxxxxxxxx'),(37,'ZAR','2010-12-05','111111111'),(38,'xxxxxxxxx','2008-12-10','xxxxxxxxxx'),(39,'South Africa','2009-12-25','451378583'),(40,'xxxxxxxxx','2008-12-10','xxxxxxxxxx'),(41,'South Africa','2009-12-25','451378583'),(42,'xxxxxxxxx','2008-12-10','xxxxxxxxxx'),(43,'South Africa','2009-12-25','451378583'),(44,'xxxxxxxxx','2008-12-10','xxxxxxxxxx'),(45,'South Africa','2009-12-25','451378583'),(46,'South Africa','2009-12-25','451378583'),(47,'xxxxxxxxx','2008-12-10','xxxxxxxxxx'),(48,'xxxxxxxxx','2009-12-25','xxxxxxxxxx'),(49,'South Africa','2009-12-25','451378583'),(50,'South Africa','2009-12-25','451378583'),(51,'xxxxxxxxx','2009-12-25','xxxxxxxxxx'),(52,'xxxxxxxxx','2009-12-25','xxxxxxxxxx'),(53,'South Africa','2009-12-25','451378583'),(54,'South Africa','2009-12-25','451378583'),(55,'xxxxxxxxx','2009-12-25','xxxxxxxxxx'),(56,'xxxxxxxxx','2009-12-25','xxxxxxxxxx'),(57,'South Africa','2009-12-25','451378583'),(58,'South Africa','2010-11-18','456498523');
/*!40000 ALTER TABLE `crewmember$passport` ENABLE KEYS */;
UNLOCK TABLES;

--
-- Table structure for table `crewmember`
--

DROP TABLE IF EXISTS `crewmember`;
CREATE TABLE `crewmember` (
  `id` int(11) NOT NULL auto_increment,
  `banking_accountname` varchar(255) default NULL,
  `banking_accountnumber` varchar(255) default NULL,
  `banking_address1` varchar(255) default NULL,
  `banking_address2` varchar(255) default NULL,
  `banking_address3` varchar(255) default NULL,
  `banking_address4` varchar(255) default NULL,
  `banking_address5` varchar(255) default NULL,
  `banking_bankname` varchar(255) default NULL,
  `banking_bic` varchar(255) default NULL,
  `banking_branchcode` varchar(255) default NULL,
  `banking_currency` varchar(255) default NULL,
  `banking_iban` varchar(255) default NULL,
  `banking_swift` varchar(255) default NULL,
  `personal_address1` varchar(255) default NULL,
  `personal_address2` varchar(255) default NULL,
  `personal_address3` varchar(255) default NULL,
  `personal_address4` varchar(255) default NULL,
  `personal_address5` varchar(255) default NULL,
  `personal_dateofbirth` date default NULL,
  `personal_email` varchar(255) default NULL,
  `personal_firstname` varchar(255) default NULL,
  `personal_homephone` varchar(255) default NULL,
  `personal_idnumber` varchar(255) default NULL,
  `personal_lastname` varchar(255) default NULL,
  `personal_mobilephone` varchar(255) default NULL,
  `personal_nationality` varchar(255) default NULL,
  `personal_nextofkinfirstname` varchar(255) default NULL,
  `personal_nextofkinhomephone` varchar(255) default NULL,
  `personal_nextofkinlastname` varchar(255) default NULL,
  `personal_nextofkinmobilephone` varchar(255) default NULL,
  `personal_nextofkinrelation` varchar(255) default NULL,
  `personal_passportexpirydate` date default NULL,
  `personal_passportnumber` varchar(255) default NULL,
  `personal_secondname` varchar(255) default NULL,
  `role_crm_expirydate` date default NULL,
  `role_crm_number` varchar(255) default NULL,
  `role_dg_expirydate` date default NULL,
  `role_dg_number` varchar(255) default NULL,
  `role_expirydate` date default NULL,
  `role_ifr_expirydate` date default NULL,
  `role_ifr_number` varchar(255) default NULL,
  `role_initialdate` date default NULL,
  `role_medicalclass` varchar(255) default NULL,
  `role_position` varchar(255) default NULL,
  `role_primarylocation` varchar(255) default NULL,
  `role_r1_expirydate` date default NULL,
  `role_r1_number` varchar(255) default NULL,
  `role_r2_expirydate` date default NULL,
  `role_r2_number` varchar(255) default NULL,
  `role_crm_issuedate` date default NULL,
  `role_dg_issuedate` date default NULL,
  `role_ifr_issuedate` date default NULL,
  `role_r1_issuedate` date default NULL,
  `role_r2_issuedate` date default NULL,
  `flightandduty_areaallowance_amount` int(11) default NULL,
  `flightandduty_areaallowance_currencycode` varchar(255) default NULL,
  `flightandduty_dailyallowance_amount` int(11) default NULL,
  `flightandduty_dailyallowance_currencycode` varchar(255) default NULL,
  `flightandduty_flightallowance_amount` int(11) default NULL,
  `flightandduty_flightallowance_currencycode` varchar(255) default NULL,
  `flightandduty_instructorallowance_amount` int(11) default NULL,
  `flightandduty_instructorallowance_currencycode` varchar(255) default NULL,
  `flightandduty_sundrytype1amount_amount` int(11) default NULL,
  `flightandduty_sundrytype1amount_currencycode` varchar(255) default NULL,
  `flightandduty_sundrytype1comments` varchar(255) default NULL,
  `flightandduty_sundrytype2amount_amount` int(11) default NULL,
  `flightandduty_sundrytype2amount_currencycode` varchar(255) default NULL,
  `flightandduty_sundrytype2comments` varchar(255) default NULL,
  `review_comments` varchar(255) default NULL,
  `code` varchar(255) default NULL,
  `active` tinyint(1) default NULL,
  `payments_areaallowance_amount` int(11) default NULL,
  `payments_areaallowance_currencycode` char(3) default NULL,
  `payments_currency` char(3) default NULL,
  `payments_dailyallowance_amount` int(11) default NULL,
  `payments_dailyallowance_currencycode` char(3) default NULL,
  `payments_flightallowance_amount` int(11) default NULL,
  `payments_flightallowance_currencycode` char(3) default NULL,
  `payments_instructorallowance_amount` int(11) default NULL,
  `payments_instructorallowance_currencycode` char(3) default NULL,
  `payments_monthlybaserate_amount` int(11) default NULL,
  `payments_monthlybaserate_currencycode` char(3) default NULL,
  `approvalgroup_id` int(11) default NULL,
  `category` varchar(255) default NULL,
  `enddate` varchar(255) default NULL,
  `paymentdays` varchar(255) default NULL,
  `paymentrate` varchar(255) default NULL,
  `paymenttotal` varchar(255) default NULL,
  `paymenttype` varchar(255) default NULL,
  `procdate` varchar(255) default NULL,
  `startdate` varchar(255) default NULL,
  `title` varchar(255) default NULL,
  `total` varchar(255) default NULL,
  `type` varchar(255) default NULL,
  `personal_alternateemail` varchar(255) default NULL,
  `personal_alternativeemergencycontactname` varchar(255) default NULL,
  `personal_alternativeemergencycontactnumber` varchar(255) default NULL,
  `personal_alternativeemergencycontactrelationship` varchar(255) default NULL,
  `personal_businessfax` varchar(255) default NULL,
  `personal_businessphone` varchar(255) default NULL,
  `personal_classification` varchar(255) default NULL,
  `personal_emergencycontactname` varchar(255) default NULL,
  `personal_emergencycontactnumber` varchar(255) default NULL,
  `personal_emergencycontactrelationship` varchar(255) default NULL,
  `personal_gender` varchar(255) default NULL,
  `personal_homefax` varchar(255) default NULL,
  `personal_mobilephone2` varchar(255) default NULL,
  `personal_nextofkinaddress1` varchar(255) default NULL,
  `personal_nextofkinaddress2` varchar(255) default NULL,
  `personal_nextofkinaddress3` varchar(255) default NULL,
  `personal_nextofkinaddress4` varchar(255) default NULL,
  `personal_nextofkinaddress5` varchar(255) default NULL,
  `personal_nextofkineldestchildname` varchar(255) default NULL,
  `personal_nextofkinnumberofchildren` int(11) default NULL,
  `personal_passportcountry` varchar(255) default NULL,
  `personal_postaladdress` varchar(255) default NULL,
  `personal_postalcode` varchar(255) default NULL,
  `personal_postalcountry` varchar(255) default NULL,
  `personal_postaltown` varchar(255) default NULL,
  `personal_status` varchar(255) default NULL,
  `personal_title` varchar(255) default NULL,
  `role_company` varchar(255) default NULL,
  `role_crm_hours` double default NULL,
  `role_crm_quantity` varchar(255) default NULL,
  `role_crm_type` varchar(255) default NULL,
  `role_department` varchar(255) default NULL,
  `role_dg_hours` double default NULL,
  `role_dg_quantity` varchar(255) default NULL,
  `role_dg_type` varchar(255) default NULL,
  `role_drivinglicenceissued` varchar(255) default NULL,
  `role_drivinglicencenumber` varchar(255) default NULL,
  `role_game` varchar(255) default NULL,
  `role_huet` varchar(255) default NULL,
  `role_ifr_hours` double default NULL,
  `role_ifr_quantity` varchar(255) default NULL,
  `role_ifr_type` varchar(255) default NULL,
  `role_instructor_expirydate` date default NULL,
  `role_instructor_hours` double default NULL,
  `role_instructor_issuedate` date default NULL,
  `role_instructor_number` varchar(255) default NULL,
  `role_instructor_quantity` varchar(255) default NULL,
  `role_instructor_type` varchar(255) default NULL,
  `role_lastdate` datetime default NULL,
  `role_lasttype` varchar(255) default NULL,
  `role_manager` varchar(255) default NULL,
  `role_medicalaidnumber` varchar(255) default NULL,
  `role_night` varchar(255) default NULL,
  `role_nvg` varchar(255) default NULL,
  `role_r1_hours` double default NULL,
  `role_r1_quantity` varchar(255) default NULL,
  `role_r1_type` varchar(255) default NULL,
  `role_r2_hours` double default NULL,
  `role_r2_quantity` varchar(255) default NULL,
  `role_r2_type` varchar(255) default NULL,
  `role_sling` varchar(255) default NULL,
  `role_telephoneextension` varchar(255) default NULL,
  `role_test_expirydate` date default NULL,
  `role_test_hours` double default NULL,
  `role_test_issuedate` date default NULL,
  `role_test_number` varchar(255) default NULL,
  `role_test_quantity` varchar(255) default NULL,
  `role_test_type` varchar(255) default NULL,
  `role_totalhours` double default NULL,
  `role_employment` varchar(255) default NULL,
  `role_medicalaid` varchar(255) default NULL,
  `personal_preferedname` varchar(255) default NULL,
  `role_huet_expirydate` date default NULL,
  `role_huet_hours` double default NULL,
  `role_huet_issuedate` date default NULL,
  `role_huet_number` varchar(255) default NULL,
  `role_huet_quantity` varchar(255) default NULL,
  `role_huet_type` varchar(255) default NULL,
  PRIMARY KEY  (`id`)
) ENGINE=InnoDB DEFAULT CHARSET=latin1;

--
-- Dumping data for table `crewmember`
--

LOCK TABLES `crewmember` WRITE;
/*!40000 ALTER TABLE `crewmember` DISABLE KEYS */;
INSERT INTO `crewmember` VALUES (1,'Leon J.A. Kieser','53400018701','First National Bank','Port Alfred','South Africa','','','First National Bank','','210917','','','FIRNZAJJ','4 Strand Street Port Alfred 6170','','','','','1950-05-13','keeskieser@yahoo.co.uk','Leon Johans','','500513 5075 08 7','Kieser','083 645 2878','South African','Isabel','046 624 3128','Kieser','083 500 0422','Wife','2008-07-26','411747961','Johans','2008-10-25','','2008-03-15','',NULL,NULL,'',NULL,'','Pilot','','2009-02-05','027 102 1828',NULL,'PI',NULL,NULL,NULL,NULL,NULL,NULL,NULL,NULL,NULL,NULL,NULL,NULL,NULL,NULL,NULL,NULL,NULL,NULL,NULL,NULL,'Kie01',1,31000,'USD','USD',0,'USD',15000,'USD',0,'USD',649725,'USD',1,NULL,NULL,NULL,NULL,NULL,NULL,NULL,NULL,NULL,NULL,NULL,'','','','','','',NULL,'','','','Male','','','4 Strand Street Port Alfred 6170','','','','','',0,'South Africa','PO Box 2723','6170','','Port Alfred','Married','Mr','Starlite Aviation (Pty) Ltd',NULL,NULL,NULL,'Operations',NULL,NULL,NULL,'','',NULL,NULL,NULL,NULL,NULL,NULL,NULL,NULL,NULL,NULL,NULL,NULL,NULL,'Christo Putter','',NULL,NULL,NULL,NULL,'CPL',NULL,NULL,NULL,NULL,'',NULL,NULL,NULL,NULL,NULL,NULL,NULL,NULL,'SANDF',NULL,NULL,NULL,NULL,NULL,NULL,NULL),(2,'Eugene Viljoen','14198001','Douglas','Isle of Man','IM99 1SS','','','Lloyds TSB International','LOYDIMD1002','301641','','GB29 LOYD 301663 14198001','LOYDGB2L','28 Erns Jansen Street Heuwelsig Bloemfontein 9300','','','','','1962-07-14','pegasusviljoen@yahoo.co.uk','Eugene','051 436 9029','620714 5117 08 6','Viljoen','082 579 6282','South African','Sonita','051 436 9029','Viljoen','082 431 3192','wife','2009-05-11','416992847','','2008-12-19','','2008-10-24','',NULL,'2008-07-01','',NULL,'','Pilot','','2018-10-15','0271069965',NULL,'PI',NULL,NULL,NULL,NULL,NULL,NULL,NULL,NULL,NULL,NULL,NULL,NULL,NULL,NULL,NULL,NULL,NULL,NULL,NULL,'12 Nov 08, Eugene supports the BLUE BULLS','Vil01',1,27000,'USD','USD',0,'USD',15000,'USD',0,'USD',681100,'USD',2,NULL,NULL,NULL,NULL,NULL,NULL,NULL,NULL,NULL,NULL,NULL,'','Monica Viljoen','082 579 6277','Mother','','',NULL,'Sorita Viljoen','082 431 3192','Wife','Male','','','28 Erns Jansen Street Heuwelsig Bloemfontein 9300','','','','','Mizan',2,'South Africa','PO Box 28746','9310','South Africa','Danhof','Married','Mr','Starlite Aviation (Pty) Ltd',NULL,NULL,NULL,'Operations',NULL,NULL,NULL,'','',NULL,NULL,NULL,NULL,NULL,NULL,NULL,NULL,NULL,NULL,NULL,NULL,NULL,'Christo Putter','3702869934/C',NULL,NULL,NULL,NULL,'ATPL',NULL,NULL,NULL,NULL,'',NULL,NULL,NULL,NULL,NULL,NULL,NULL,NULL,'Oxygen - Old Mutual',NULL,NULL,NULL,NULL,NULL,NULL,NULL),(3,'Daniel J. Jansen','1660162670','Valhalla','Pretoria','South Africa','','','ABSA Bank','','335445','','','ABSAZAJJ','16 Alaric Road Valhalla Pretoria 0185','','','','','1966-02-03','kjansen@absamail.co.za','Kobus','','660203 5080 08 1','Jansen','082 878 5420','South African','B','012 335 9462','Jansen','072 826 8340','ex-wife (divorced)','2017-03-13','466733184','Jakobus','2008-04-27','','2009-06-01','',NULL,NULL,'',NULL,'','Pilot','Virginia Airport','2018-10-09','0270204951',NULL,'PI',NULL,NULL,NULL,NULL,NULL,NULL,NULL,NULL,NULL,NULL,NULL,NULL,NULL,NULL,NULL,NULL,NULL,NULL,NULL,NULL,'Jan01',1,21500,'USD','USD',0,'USD',15000,'USD',0,'USD',675725,'USD',3,NULL,NULL,NULL,NULL,NULL,NULL,NULL,NULL,NULL,NULL,NULL,'','','','','','',NULL,'Mrs B Jansen','072 826 8340','Wife','Male','','','16 Alaric Road Valhalla Pretoria 0185','','','','','',2,'South Africa','','','','','Married','Mr','Starlite Aviation (Pty) Ltd',NULL,NULL,NULL,'Operations',NULL,NULL,NULL,'','',NULL,NULL,NULL,NULL,NULL,NULL,NULL,NULL,NULL,NULL,NULL,NULL,NULL,'Christo Putter','8258190',NULL,NULL,NULL,NULL,'ATP',NULL,NULL,NULL,NULL,'',NULL,NULL,NULL,NULL,NULL,NULL,NULL,NULL,'Military (VPA16939)',NULL,NULL,NULL,NULL,NULL,NULL,NULL),(4,'Adriaan Pienaar','1578214832','Centurion','Pretoria','','','','ABSA Bank','','632005','','','ABSAZAJJ','10 Durrant Laan Pierre van Tynveld Pretoria','','','','','1986-10-23','diaan_pienaar@yahoo.com','Diaan','012 662 1660','861023 5225 08 1','Pienaar','082 553 4736','South African','H','012 662 1660','Pienaar','082 785 2505','Father','2015-06-05','453337540','','2008-05-31','','2009-06-01','',NULL,NULL,'','2009-01-12','','Pilot','','2009-06-03','0271065807',NULL,'',NULL,NULL,NULL,NULL,NULL,NULL,NULL,NULL,NULL,NULL,NULL,NULL,NULL,NULL,NULL,NULL,NULL,NULL,NULL,NULL,'Pie01',1,12000,'USD','USD',12000,'USD',12000,'USD',0,'USD',185500,'USD',4,NULL,NULL,NULL,NULL,NULL,NULL,NULL,NULL,NULL,NULL,NULL,'','','','','','',NULL,'','','','Male','','','','','','','','',0,'South Africa','','','South Africa','','Single','Mr','Starlite Aviation (Pty) Ltd',NULL,NULL,NULL,'',NULL,NULL,NULL,'','',NULL,NULL,NULL,NULL,NULL,NULL,NULL,NULL,NULL,NULL,NULL,NULL,NULL,'Christo Putter','49934416',NULL,NULL,NULL,NULL,'CPL',NULL,NULL,NULL,NULL,'',NULL,NULL,NULL,NULL,NULL,NULL,NULL,NULL,'Fedhealth',NULL,NULL,NULL,NULL,NULL,NULL,NULL),(5,NULL,NULL,NULL,NULL,NULL,NULL,NULL,NULL,NULL,NULL,NULL,NULL,NULL,'','','','','','1989-09-19','boerseunwillie@gmail.com','Willie','','890919 5187 08 7','Erasmus','084 623 4879','South African','Ezel','058 853 0803','Erasmus','082 781 6336','','1899-12-31','','','2008-04-27','','2009-06-01','',NULL,NULL,'',NULL,'','Training Assistant','Virginia Airport','1899-12-31','xczxcz',NULL,'',NULL,NULL,NULL,NULL,NULL,NULL,NULL,NULL,NULL,NULL,NULL,NULL,NULL,NULL,NULL,NULL,NULL,NULL,NULL,NULL,'Era01',1,0,'USD','USD',0,'USD',0,'USD',0,'USD',0,'USD',5,NULL,NULL,NULL,NULL,NULL,NULL,NULL,NULL,NULL,NULL,NULL,'','Koos','828274824','Uncle','','031 571 6600',NULL,'Ezel','082 781 6336','Mother','Male','','','Pleinstraat 60 Helibron 9650','','','','','',0,'','PO Box 201322','4016','South Africa','Durban North','Single','Mr','Starlite Aviation (Pty) Ltd',NULL,NULL,NULL,'Training',NULL,NULL,NULL,'South Africa','303500017xxl',NULL,NULL,NULL,NULL,NULL,NULL,NULL,NULL,NULL,'Grade 1','',NULL,'','Koos Myburgh','',NULL,NULL,NULL,NULL,'AME',NULL,NULL,NULL,NULL,'',NULL,NULL,NULL,NULL,NULL,'Grade 1',12,'Permanent','',NULL,NULL,NULL,NULL,NULL,NULL,NULL),(6,'Andries L. van Coller','4050034128','Centurion','Pretoria','','','','ABSA Bank','','632005','','','ABSAZAJJ','35 Visvanger Avenue Roohuiskraal Centurion 0154','','','','','1960-07-16','Driesv@starliteaviation.co.za','Andries','012 661 7553','600716 5020 08 1','Van Coller','084 503 8471','South African','Leoni','012 661 7553','Van Coller','072 421 2959','Wife','2014-06-17','446486486','Lukas',NULL,'',NULL,'',NULL,NULL,'',NULL,'','CEO','Heidelburg','2009-11-09','027 201 5967',NULL,'',NULL,NULL,NULL,NULL,NULL,NULL,NULL,NULL,NULL,NULL,NULL,NULL,NULL,NULL,NULL,NULL,NULL,NULL,NULL,NULL,'Col01',1,0,'USD','USD',43800,'USD',0,'USD',0,'USD',0,'USD',6,NULL,NULL,NULL,NULL,NULL,NULL,NULL,NULL,NULL,NULL,NULL,'','Ria Nel','084 780 7257','Sister','011 617 7251','011 617 7250',NULL,'Phil Van Coller','079 877 4085','Brother','Male','','','35 Visvanger Avenue Roohuiskraal Centurion 0154','','','','','',2,'South Africa','PO Box 929','9830','','Rooihuiskraal 154','Married','Mr','Starlite Maintenance Heidelbur (Pty) Ltd',NULL,NULL,NULL,'Maintenance',NULL,NULL,NULL,'','',NULL,NULL,NULL,NULL,NULL,NULL,NULL,NULL,NULL,NULL,NULL,NULL,NULL,'','76490879PE',NULL,NULL,NULL,NULL,'AME',NULL,NULL,NULL,NULL,'',NULL,NULL,NULL,NULL,NULL,NULL,NULL,NULL,'Military Medical',NULL,NULL,NULL,NULL,NULL,NULL,NULL),(7,'Wynand F. Bezuidenhout','710282684','ABSA','Heidelberg','South Africa','','','ABSA Bank','','632005','','','ABSAZAJJ','80 DF Malan Street Rensburg Heidelburg Gauteng','','','','','1961-03-15','wynandf@starliteaviation.co.za','Wynand','016 341 5591','610315 5089 08 5','Bezuidenhout','082 478 1214','South African','Christine','016 341 5591','Bezuidenhout','082 754 3891','Wife','2018-01-02','472829073','Frederick',NULL,'',NULL,'',NULL,NULL,'',NULL,'','Chief Engineer','Heidelburg','2009-02-06','027 202 0967',NULL,'',NULL,NULL,NULL,NULL,NULL,NULL,NULL,NULL,NULL,NULL,NULL,NULL,NULL,NULL,NULL,NULL,NULL,NULL,NULL,NULL,'Bez01',1,0,'USD','USD',41000,'USD',0,'USD',0,'USD',0,'USD',7,NULL,NULL,NULL,NULL,NULL,NULL,NULL,NULL,NULL,NULL,NULL,'','','','','011 617 7251','011 617 7250',NULL,'','','','Male','','','80 DF Malan Street Rensburg','','','','','Mari',7,'South Africa','','','','','Married','Mr','Starlite Maintenance Heidelbur (Pty) Ltd',NULL,NULL,NULL,'Maintenance',NULL,NULL,NULL,'','',NULL,NULL,NULL,NULL,NULL,NULL,NULL,NULL,NULL,NULL,NULL,NULL,NULL,'Dries van Coller','119764380',NULL,NULL,NULL,NULL,'AME',NULL,NULL,NULL,NULL,'',NULL,NULL,NULL,NULL,NULL,NULL,NULL,NULL,'Discovery',NULL,NULL,NULL,NULL,NULL,NULL,NULL),(8,'Deon Pretorius','2433014166','Glen Acre','Kempton Park','South Africa','','','Nedbank','','143342',NULL,'','NEDSZAJJ','38 Langeberg Street Van Riebeeck Park Kempton Park 1620','','','','','1962-08-18','deonp@starliteaviation.co.za','Deon','','620818 5036 08 7','Pretorius','084 511 6874','South African','Martie','','Pretorius','084 551 7500','Wife','2015-04-03','452233632','',NULL,'',NULL,'',NULL,NULL,'',NULL,'','Senior AME','Virginia Airport','2010-01-01','027 202 1585',NULL,'',NULL,NULL,NULL,NULL,NULL,NULL,NULL,NULL,NULL,NULL,NULL,NULL,NULL,NULL,NULL,NULL,NULL,NULL,NULL,NULL,'Pre01',1,0,'USD','USD',38000,'USD',0,'USD',0,'USD',0,'USD',8,NULL,NULL,NULL,NULL,NULL,NULL,NULL,NULL,NULL,NULL,NULL,'deonstarheli@yahoo.com','Riona','076 091 9680','Daughter','011 617 7251','011 617 7250',NULL,'Martie','084 551 7500','Wife','Male','','024 991 410 9472','38 Langeberg Street Van Riebeeck Park Kempton Park 1620','','','','','Riona',3,'South Africa','38 Langeberg Street','1620','','Kempton Park','Married','Mr','Starlite Maintenance Heidelbur (Pty) Ltd',NULL,NULL,NULL,'Maintenance',NULL,NULL,NULL,'South Africa','402500108TVK',NULL,NULL,NULL,NULL,NULL,NULL,NULL,NULL,NULL,NULL,NULL,NULL,NULL,'Dries van Coller','86414660',NULL,NULL,NULL,NULL,'AME',NULL,NULL,NULL,NULL,'',NULL,NULL,NULL,NULL,NULL,NULL,NULL,NULL,'Discovery',NULL,NULL,NULL,NULL,NULL,NULL,NULL),(9,'Phillipus M. van Coller','240500784','Standard Bank','Harrismith','','','','Standard Bank','','055433','','','SBZAZAJJ','2 River Bush','','','','','1963-01-11','phillipvancoller@yahoo.com','Phillipus','','630111 5022 08 5','Van Coller','079 877 4085','South African','Estelle','','Van Coller','079 877 6897','Wife','2015-06-03','453011563','Marthinus',NULL,'',NULL,'',NULL,NULL,'','2009-01-01','','AME','Heidelburg','2009-08-06','027 225 9201',NULL,'',NULL,NULL,NULL,NULL,NULL,NULL,NULL,NULL,NULL,NULL,NULL,NULL,NULL,NULL,NULL,NULL,NULL,NULL,NULL,NULL,'Col02',1,30000,'USD','USD',15000,'USD',0,'USD',0,'USD',312917,'USD',9,NULL,NULL,NULL,NULL,NULL,NULL,NULL,NULL,NULL,NULL,NULL,'','','','','011 617 7251','011 617 7250',NULL,'Estelle','079 877 6897','Wife','Male','','','2 River Bush  Willow Estate Roodepoort 1725','','','','','Phillip',2,'South Africa',' Willow Estate Roodepoort 1725','Ruluisig','South Africa','PO Box 2041','Married','Mr','Starlite Maintenance Heidelbur (Pty) Ltd',NULL,NULL,NULL,'',NULL,NULL,NULL,'','',NULL,NULL,NULL,NULL,NULL,NULL,NULL,NULL,NULL,NULL,NULL,NULL,NULL,'','213482971',NULL,NULL,NULL,NULL,'AME',NULL,NULL,NULL,NULL,'',NULL,NULL,NULL,NULL,NULL,NULL,NULL,NULL,'Discovery',NULL,NULL,NULL,NULL,NULL,NULL,NULL),(10,'Willem Beaurain','9210181213','Hoofweg 49','Gansbaai','South Africa','7220','','ABSA Bank','','632005',NULL,'ZA632005','ABSAZAJJCT','17 Blougans Street Perlemoenbaai Gaansbaai 7220','','','','','1952-02-06','','Willem','','520206 5042 08 4','Beaurain','082 576 2111','South African','Lorette','021 558 1393','Beaurain','084 200 1132','Wife','2017-08-29','409268243','',NULL,'',NULL,'',NULL,NULL,'','2009-01-01','','','','2009-08-29','027 202 1148','2008-03-10','0272021148',NULL,NULL,NULL,NULL,NULL,NULL,NULL,NULL,NULL,NULL,NULL,NULL,NULL,NULL,NULL,NULL,NULL,NULL,NULL,NULL,'Bea01',1,30000,'USD','USD',15000,'USD',0,'USD',0,'USD',416667,'USD',10,NULL,NULL,NULL,NULL,NULL,NULL,NULL,NULL,NULL,NULL,NULL,'','','','','','',NULL,'','','','Male','','','17 Blougans Street Perlemoenbaai Gaansbaai 7220','','','','','',0,'South Africa','PO Box 993','7220','South Africa','Gaansbaai','Married','Mr','Starlite Maintenance Heidelbur (Pty) Ltd',NULL,NULL,NULL,'',NULL,NULL,NULL,'','',NULL,NULL,NULL,NULL,NULL,NULL,NULL,NULL,NULL,NULL,NULL,NULL,NULL,'','',NULL,NULL,NULL,NULL,'AME',NULL,NULL,NULL,NULL,'',NULL,NULL,NULL,NULL,NULL,NULL,NULL,NULL,'SANDF Medical Fund',NULL,NULL,NULL,NULL,NULL,NULL,NULL),(19,'Beau Basson','xxxxxxxx','P.O. Box 31','13 High Street','St Peter Port','Guernsey','GYI 3AT','HSBC','MIDLGGS1XXX','402225','','GB94MIDL40222502565692','xxxxxxxxx','13 Birdie Close Zimbali','xxxxxxxxxxx','xxxxxxxxxxx','xxxxxxxxxxxxx','','1962-04-08','apollo399@gmail.com','Beau','1234567890','620408 5130 08 8','Basson','082 606 0696','South African','Vicky','xxxxxxxxxxx','Basson','082 902 8430','Wife','2015-01-11','451378583','','2008-11-30','','2009-12-11','','2010-12-18','2010-08-07','0271015547','2005-12-07','','Pilot','Virginia Airport','2009-12-01','027 101 5547',NULL,'PI',NULL,NULL,NULL,NULL,NULL,NULL,NULL,NULL,NULL,NULL,NULL,NULL,NULL,NULL,NULL,NULL,NULL,NULL,NULL,'Notes','Bas01',1,40000,'USD','USD',57500,'USD',75000,'USD',150000,'USD',150000,'USD',11,NULL,NULL,NULL,NULL,NULL,NULL,NULL,NULL,NULL,NULL,NULL,'xxxxxxxxxxxxxx','Francois','082 600 0117','Brother','031 564 2237','031 571 6600',NULL,'Vicky','082 902 8430','Wife','Male','','','13 Birdie Close Zimbali','xxxxxxx','xxxxxxxx','xxxxxxxxx','','Jasmine',2,'South Africa','PO Box 201322','4016','a','Durban North','Married','Mr','Starlite Aviation (Pty) Ltd',NULL,NULL,NULL,'Head Office',NULL,NULL,NULL,'South Africa','20220006DVZC',NULL,NULL,NULL,NULL,NULL,NULL,NULL,NULL,'yes','Grade 1','R 22','2009-02-05 00:00:00','S330J','Barry Duff','xxxxxxxxx','yes','yes',NULL,NULL,'ATPL',NULL,NULL,NULL,NULL,'6611',NULL,NULL,NULL,NULL,NULL,'Grade 1',1000,'Permanent','Liberty Life','',NULL,NULL,NULL,NULL,NULL,NULL),(20,'Cornelius Beyers','43046777','Standard Bank House','Once Circular Road','Douglas','Isle of Man IM1 1SB','','Standard Bank Isle of Man Limited','','','','021001088','SBICIMDX','5 Montego Place Augustus Place','','','','','1968-12-22','neels.beyers@gmail.com','Cornelius','082 375 3678','681222 5093 08 9','Beyers','082 375 3678','South African','Esther','','Beyers','084 900 0404','Wife','2012-04-03','434115530','Jacob',NULL,'',NULL,'',NULL,NULL,'','2008-01-01','','AME','Heidelburg','2010-06-06','027 201 7690',NULL,'',NULL,NULL,NULL,NULL,NULL,NULL,NULL,NULL,NULL,NULL,NULL,NULL,NULL,NULL,NULL,NULL,NULL,NULL,NULL,NULL,'Bey01',1,15000,'USD','USD',0,'USD',0,'USD',0,'USD',541666,'USD',12,NULL,NULL,NULL,NULL,NULL,NULL,NULL,NULL,NULL,NULL,NULL,'neelsb@starliteaviation.co.za','Johnny Sinden','074 200 9061','Brother in Law','','082 375 3678',NULL,'Esther Beyers','084 900 0404','Wife','Male','','','5 Montego Place Augustus Place  Sunningdale Cape Town 7441','','','','','',0,'South Africa',' Sunningdale Cape Town 7441','7441','South Africa','5 Montego Road  Sunningdale Cape Town','Married','Mr','Starlite Maintenance Heidelbur (Pty) Ltd',NULL,NULL,NULL,'Maintenance',NULL,NULL,NULL,'South Africa','600200042S6T',NULL,NULL,NULL,NULL,NULL,NULL,NULL,NULL,NULL,NULL,NULL,NULL,NULL,'Phil Scott','221023',NULL,NULL,NULL,NULL,'AME',NULL,NULL,NULL,NULL,'',NULL,NULL,NULL,NULL,NULL,NULL,NULL,NULL,'Bankmed',NULL,NULL,NULL,NULL,NULL,NULL,NULL),(21,'Benjamin D. Burger','011504544','Standard Bank','Sunnyside','Pretoria','','','Standard Bank','','010645','','','SBZAZAJJ','37 Freya Road Valhalla','','','','','1959-11-22','benburger@xsinet.co.za','Benjamin','','591122 5043 08 5','Burger','082 325 4906','South African','AM','012 651 2525','Burger','','Wife','2013-02-05','438651265','Duminy','2008-06-27','','2009-06-27','',NULL,'2008-02-15','',NULL,'','Pilot','','2009-02-15','027 103 9919',NULL,'',NULL,NULL,NULL,NULL,NULL,NULL,NULL,NULL,NULL,NULL,NULL,NULL,NULL,NULL,NULL,NULL,NULL,NULL,NULL,NULL,'Bur01',1,25500,'USD','USD',0,'USD',15000,'USD',0,'USD',696200,'USD',13,NULL,NULL,NULL,NULL,NULL,NULL,NULL,NULL,NULL,NULL,NULL,'','','','','','',NULL,'','','','Male','','','','','','','','',0,'South Africa','','','','','Married','Mr','Starlite Aviation (Pty) Ltd',NULL,NULL,NULL,'Operations',NULL,NULL,NULL,'','',NULL,NULL,NULL,NULL,NULL,NULL,NULL,NULL,NULL,NULL,NULL,NULL,NULL,'Christo Putter','75302836',NULL,NULL,NULL,NULL,'CPL',NULL,NULL,NULL,NULL,'',NULL,NULL,NULL,NULL,NULL,NULL,NULL,NULL,'SANDF',NULL,NULL,NULL,NULL,NULL,NULL,NULL),(22,'Coenraad A. de Milander','082855633','Helderberg','Cape Town','','','','Standard Bank','','051001',NULL,'','SBZAZAJJ','52 Swallow Crescent Vredensberg Estate Somerset West 7140','','','','','1957-09-11','dimmied@starliteaviation.co.za','Coenraad','021 855 1337','570911 5001 08 4','De Milander','072 599 4676','South African','Marina','021 855 1337','de Milander','082 747 4643','','2015-03-06','451284323','Albertus',NULL,'',NULL,'',NULL,'2008-02-22','',NULL,'','Pilot and Instructor','Virginia Airport','2009-02-22','027 022 1807',NULL,'PI',NULL,NULL,NULL,NULL,NULL,NULL,NULL,NULL,NULL,NULL,NULL,NULL,NULL,NULL,NULL,NULL,NULL,NULL,NULL,NULL,'Mil01',1,25000,'USD','USD',0,'USD',15000,'USD',0,'USD',749251,'USD',14,NULL,NULL,NULL,NULL,NULL,NULL,NULL,NULL,NULL,NULL,NULL,'','Marine','082 420 4176','Daughter','031 571 6610','031 571 6600',NULL,'Marina','082 747 4643','Wife','Male','','','52 Swallow Crescent Vredensberg Estate Somerset West 7140','','','','','Marina',2,'South Africa','PO Box 16','7139','South Africa','Strand','Married','Mr','Starlite Aviation (Pty) Ltd',NULL,NULL,NULL,'',NULL,NULL,NULL,'South Africa','603600018667',NULL,NULL,NULL,NULL,NULL,NULL,NULL,NULL,NULL,NULL,NULL,NULL,NULL,'','31597040',NULL,NULL,NULL,NULL,'ATPL',NULL,NULL,NULL,NULL,'',NULL,NULL,NULL,NULL,NULL,NULL,NULL,NULL,'DIscovery',NULL,NULL,NULL,NULL,NULL,NULL,NULL),(23,'Theodor K. Fredrikson','011227761','P.O. Box 56816','Arcadia','Pretoria','0007','','Standard Bank','','010845',NULL,'','SBZAZAJJ','42 Paardefontein  Wallmannsthal Pretoria 0035','','','','','1966-01-08','theofredrikson@hotmail.com','Theodor','012 544 0806','660108 5085 08 1','Fredrikson','083 225 7715','South African','Christa','012 544 0806','Fredrikson','084 566 0108','Wife','2016-03-08','458963571','Kurt',NULL,'',NULL,'',NULL,NULL,'','2009-01-01','','AME','Heidelburg','2010-07-19','0272217233',NULL,'',NULL,NULL,NULL,NULL,NULL,NULL,NULL,NULL,NULL,NULL,NULL,NULL,NULL,NULL,NULL,NULL,NULL,NULL,NULL,NULL,'Fre01',1,30000,'USD','USD',15000,'USD',0,'USD',0,'USD',416667,'USD',15,NULL,NULL,NULL,NULL,NULL,NULL,NULL,NULL,NULL,NULL,NULL,'','Threse-Anne','082 412 6927','','','',NULL,'Christa','084 566 0108','Wife','Male','012 544 0806','','Paardefontein 42 Wallmannsthal Pretoria 0035','','','','','Sarita',2,'South Africa','PO Box 357','35','South Africa','Derdepoort Park','Married','Mr','Starlite Maintenance Heidelbur (Pty) Ltd',NULL,NULL,NULL,'Maintenance',NULL,NULL,NULL,'South Africa','409300033C0V',NULL,NULL,NULL,NULL,NULL,NULL,NULL,NULL,NULL,NULL,NULL,NULL,NULL,'','82360827PE',NULL,NULL,NULL,NULL,'AME',NULL,NULL,NULL,NULL,'',NULL,NULL,NULL,NULL,NULL,NULL,NULL,NULL,'SANDF',NULL,NULL,NULL,NULL,NULL,NULL,NULL),(24,'Tertius C.E. Graham','1171066910','Mimosa Mall','Bloemfontein','','','','Nedbank','','117134','','','NEDSZAJJ','34 Creme de la Creme','Henrietta Grove Street','Langehoven Park','Bloemfontein','','1970-08-15','grahamvasco@webmail.co.za','Tertius','083 441 6914','700815 5084 08 6','Graham','083 441 6914','South African','Cara-Lu','',' Graham','072 193 9991','Wife','2010-09-13','4254841998','Casper','2008-08-08','','2009-03-03','',NULL,'2008-06-12','',NULL,'','Pilot','','2018-01-28','027 102 4424',NULL,'PI',NULL,NULL,NULL,NULL,NULL,NULL,NULL,NULL,NULL,NULL,NULL,NULL,NULL,NULL,NULL,NULL,NULL,NULL,NULL,NULL,'Gra01',1,27000,'USD','USD',0,'USD',15000,'USD',0,'USD',678100,'USD',16,NULL,NULL,NULL,NULL,NULL,NULL,NULL,NULL,NULL,NULL,NULL,'caralugraham@webmail.co.za','Gillian','083 395 5659','','','083 441 6914',NULL,'Cara-Lu','072 193 9991','Wife','Male','','072 193 9991','34 Creme de la Creme','Henrietta Grove Street','Langehoven Park','Bloemfontein','','Sheridan William',2,'South Africa','PO Box 37143','9330','','Langehoven Park','Married','Mr','Starlite Aviation (Pty) Ltd',NULL,NULL,NULL,'',NULL,NULL,NULL,'','',NULL,NULL,NULL,NULL,NULL,NULL,NULL,NULL,NULL,'Grade 1','',NULL,'','Christo Putter','86344645PW',NULL,NULL,NULL,NULL,'ATPL',NULL,NULL,NULL,NULL,'',NULL,NULL,NULL,NULL,NULL,'Grade 1',NULL,'Permanent','SAMS',NULL,NULL,NULL,NULL,NULL,NULL,NULL),(25,'Philip Davey Joseph Scott','1339507110','Shop 337, Level 3','Pine Crest Centre','17 Kinds Road','Pinetown','South Africa','Nedbank','','13392641','','','','3 Green Acre Place Kloof Durban 3610','','','','','1953-02-17','philscott776@yahoo.com','Philip','031 764 6949','530217 5188 08 0','Scott','072 041 5577','South African','Colette','031 764 6949','Scott','083 609 9462','Wife','2016-01-22','457690339','Davey',NULL,'',NULL,'',NULL,NULL,'',NULL,'','AME','Virginia Airport','2010-02-07','027 200 1207',NULL,'',NULL,NULL,NULL,NULL,NULL,NULL,NULL,NULL,NULL,NULL,NULL,NULL,NULL,NULL,NULL,NULL,NULL,NULL,NULL,NULL,'Sco01',1,15000,'USD','USD',0,'USD',0,'USD',0,'USD',541666,'USD',17,NULL,NULL,NULL,NULL,NULL,NULL,NULL,NULL,NULL,NULL,NULL,'phils@starliteaviation.co.za','Vernon','082 214 9962','Son','031 571 6626','031 571 6600',NULL,'Colette`','083 609 9462','Wife','Male','','','','','','','','Vernon',3,'South Africa','3 Green Acre Place','3610','','Kloof','Married','Mr','Starlite Aviation (Pty) Ltd',NULL,NULL,NULL,'Maintenance',NULL,NULL,NULL,'South Africa','20610009J9F3',NULL,NULL,NULL,NULL,NULL,NULL,NULL,NULL,NULL,NULL,NULL,NULL,NULL,'Mike Duncan','2001928897',NULL,NULL,NULL,NULL,'AME',NULL,NULL,NULL,NULL,'',NULL,NULL,NULL,NULL,NULL,NULL,NULL,NULL,'Bonitas',NULL,NULL,NULL,NULL,NULL,NULL,NULL),(27,'Slade C. Thomas','02073339874','','','','','','Rand Merchant Bank','','255050','','','FIRNZAJJ824','53 Montgomery Drive Greenbrier Mt Edgecombe Country Club Estate 11','','','','','1965-02-21','sladet@starliteaviation.co.za','Slade','031 502 4810','650221 5110 08 0','Thomas','082 458 9362','South African','Terry','031 502 4810','Thomas','082 417 6487','Wife','2016-01-24','458944929','Christopher','2008-07-27','','2008-10-31','',NULL,'2008-12-04','','2008-03-31','','Group CEO','','2008-12-04','0270243579','2009-03-31','',NULL,NULL,NULL,NULL,NULL,NULL,NULL,NULL,NULL,NULL,NULL,NULL,NULL,NULL,NULL,NULL,NULL,NULL,NULL,NULL,'Sla01',1,0,'USD','USD',0,'USD',0,'USD',0,'USD',0,'USD',18,NULL,NULL,NULL,NULL,NULL,NULL,NULL,NULL,NULL,NULL,NULL,'','','','','031 566 3066','031 566 4940',NULL,'Terry Thomas','082 417 6487','Wife','Male','','','53 Montgomery Drive Greenbrier Mt Edgecombe Country Club Estate 11','','','','','Roxanne',2,'South Africa','PO Box 201322','4016','South Africa','Durban North','Married','Mr','Starlite Group',NULL,NULL,NULL,'',NULL,NULL,NULL,'South Africa','202200069J2T',NULL,NULL,NULL,NULL,NULL,NULL,NULL,NULL,NULL,NULL,NULL,NULL,NULL,'','7716340',NULL,NULL,NULL,NULL,'ATPL',NULL,NULL,NULL,NULL,'',NULL,NULL,NULL,NULL,NULL,NULL,NULL,NULL,'Discovery Health',NULL,NULL,NULL,NULL,NULL,NULL,NULL),(29,'Mauritz Swanepoel','1019123592','Centurion','Pretoria','','','','ABSA Bank','','632005',NULL,'','ABSAZAJJ','Goshawk Street 58 Wierdapark','','','','','1962-04-22','mauritzs@absamail.co.za','Mauritz','012 653 7580','620422 5101 08 0','Swanepoel','082 823 2074','South African','Antonia','','','083 228 5532','Wife','2014-06-01','446349723','',NULL,'',NULL,'',NULL,NULL,'',NULL,'','AME','','2009-01-10','0272234733',NULL,'',NULL,NULL,NULL,NULL,NULL,NULL,NULL,NULL,NULL,NULL,NULL,NULL,NULL,NULL,NULL,NULL,NULL,NULL,NULL,NULL,'Swa01',1,12000,'USD','USD',18000,'USD',0,'USD',0,'USD',0,'USD',19,NULL,NULL,NULL,NULL,NULL,NULL,NULL,NULL,NULL,NULL,NULL,'','','','','','',NULL,'','','','Male','','','','','','','','',0,'South Africa','PO Box 10192','192','','Centurion','Married','Mr','',NULL,NULL,NULL,'Operations',NULL,NULL,NULL,'','',NULL,NULL,NULL,NULL,NULL,NULL,NULL,NULL,NULL,NULL,NULL,NULL,NULL,'','',NULL,NULL,NULL,NULL,'AME',NULL,NULL,NULL,NULL,'',NULL,NULL,NULL,NULL,NULL,NULL,NULL,NULL,'',NULL,NULL,NULL,NULL,NULL,NULL,NULL),(31,'Reint H. Sol','62087179828','FNB Building','Westville','Durban','South Africa','','First National Bank','','223 526',NULL,'','FIRNZAJJ 888','17 Park Lane Weaver Road Umhlanga','','','','','1983-08-13','reintsol@yahoo.com','Reint','','830813 5093 08 5','Sol','072 372 0120','South African','Tarryn','','Sol','072 802 9484','Wife','2013-12-08','443573219','Harbin',NULL,'',NULL,'',NULL,NULL,'',NULL,'','Pilot','','2009-03-12','0271006405',NULL,'',NULL,NULL,NULL,NULL,NULL,NULL,NULL,NULL,NULL,NULL,NULL,NULL,NULL,NULL,NULL,NULL,NULL,NULL,NULL,NULL,'Sol01',1,14000,'USD','USD',5000,'USD',15000,'USD',0,'USD',375000,'USD',50,NULL,NULL,NULL,NULL,NULL,NULL,NULL,NULL,NULL,NULL,NULL,'','','','','','',NULL,'Tarryn','072 802 9484','Wife','Male','','','17 Park Lane Weaver Road Umhlanga','','','','','',0,'South Africa','PO Box 121','4730','South Africa','Matatiele','Married','Mr','Starlite Aviation (Pty) Ltd',NULL,NULL,NULL,'Operations',NULL,NULL,NULL,'','',NULL,NULL,NULL,NULL,NULL,NULL,NULL,NULL,NULL,NULL,NULL,NULL,NULL,'Christo Putter','221018441',NULL,NULL,NULL,NULL,'CPL',NULL,NULL,NULL,NULL,'',NULL,NULL,NULL,NULL,NULL,NULL,NULL,NULL,'Discovery',NULL,NULL,NULL,NULL,NULL,NULL,NULL),(32,'Mark W. Bartholomew','2272082742','Centurion Mall','Centurion','Pretoria','South Africa','','NEDBANK','','127227',NULL,'','NEDSZAJJ 127227','10 Robbin Hood Road Amanzimtoti 4125','','','','','1968-07-14','mwbart@vodamail.co.za','Mark','','680714 8037 08 1','Bartholomew','082 661 1663','South African','Susan','082 941 8565','Bartholomew','072 263 9406','Wife','2011-05-22','429388514','',NULL,'',NULL,'',NULL,NULL,'',NULL,'','','','2009-02-19','0272018423',NULL,'',NULL,NULL,NULL,NULL,NULL,NULL,NULL,NULL,NULL,NULL,NULL,NULL,NULL,NULL,NULL,NULL,NULL,NULL,NULL,NULL,'Bar01',1,12000,'USD','USD',18000,'USD',0,'USD',0,'USD',99900,'USD',53,NULL,NULL,NULL,NULL,NULL,NULL,NULL,NULL,NULL,NULL,NULL,'','','','','','',NULL,'','','','Male','','','10 Robbin Hood Road Amanzimtoti 4125','','','','','',0,'South Africa','','','','','Married','Mr','',NULL,NULL,NULL,'',NULL,NULL,NULL,'','',NULL,NULL,NULL,NULL,NULL,NULL,NULL,NULL,NULL,NULL,NULL,NULL,NULL,'','',NULL,NULL,NULL,NULL,'AME',NULL,NULL,NULL,NULL,'',NULL,NULL,NULL,NULL,NULL,NULL,NULL,NULL,'SANDF',NULL,NULL,NULL,NULL,NULL,NULL,NULL),(33,'Georg D.P. Sales','1668720354','Centurion Mall','Centurion','Pretoria','South Africa','','ABSA Bank','','335445',NULL,'','ABSAZAJJ','3 Petrel Street Rooihuiskraal x10 Centurion 0150','','','','','1968-12-23','gdpsales@absamail.co.za','George','012 661 9897','681223 5015 08 0','Sales','082 439 7031','South African','Mrs M','012 367 9107','Sales','076 609 5868','Wife','2011-06-17','429801576','Diedericks',NULL,'',NULL,'',NULL,NULL,'','2009-02-01','','','','2009-01-26','0272013996',NULL,'',NULL,NULL,NULL,NULL,NULL,NULL,NULL,NULL,NULL,NULL,NULL,NULL,NULL,NULL,NULL,NULL,NULL,NULL,NULL,NULL,'Sal01',1,12000,'USD','USD',18000,'USD',0,'USD',0,'USD',0,'USD',54,NULL,NULL,NULL,NULL,NULL,NULL,NULL,NULL,NULL,NULL,NULL,'','Braam Le Roux','082 894 2219','Brother in Law','','',NULL,'Margaret Sales','076 609 5868','Wife','Male','','','3 Petrel Street Rooihuiskraal x10 Centurion 0150','','','','','',0,'South Africa','','','South Africa','','Married','Mr','',NULL,NULL,NULL,'',NULL,NULL,NULL,'South Africa','G14027',NULL,NULL,NULL,NULL,NULL,NULL,NULL,NULL,NULL,NULL,NULL,NULL,NULL,'','85342335PE',NULL,NULL,NULL,NULL,'AME',NULL,NULL,NULL,NULL,'',NULL,NULL,NULL,NULL,NULL,NULL,NULL,NULL,'SANDF',NULL,NULL,NULL,NULL,NULL,NULL,NULL),(34,'Michael Duncan','00148798','United Kingdom','','','','','HSBC','MIDLGB22','404924',NULL,'GB92MIDL40492400148798','','10 Old Plantation Estate','12 Doveton Road','Borrowdale','Harare','Zimbabwe','1968-10-23','MikeD@starliteaviation.co.za','Michael','','','Duncan','+27828207677','Zimbabwean','Tana','','Duncan','','Wife',NULL,'','',NULL,'',NULL,'',NULL,NULL,'',NULL,'','Manager','',NULL,'',NULL,'',NULL,NULL,NULL,NULL,NULL,NULL,NULL,NULL,NULL,NULL,NULL,NULL,NULL,NULL,NULL,NULL,NULL,NULL,NULL,NULL,'Dun01',1,0,'USD','USD',0,'USD',0,'USD',0,'USD',1060000,'USD',73,NULL,NULL,NULL,NULL,NULL,NULL,NULL,NULL,NULL,NULL,NULL,NULL,NULL,NULL,NULL,NULL,NULL,NULL,NULL,NULL,NULL,NULL,NULL,NULL,NULL,NULL,NULL,NULL,NULL,NULL,NULL,NULL,NULL,NULL,NULL,NULL,NULL,NULL,NULL,NULL,NULL,NULL,NULL,NULL,NULL,NULL,NULL,NULL,NULL,NULL,NULL,NULL,NULL,NULL,NULL,NULL,NULL,NULL,NULL,NULL,NULL,NULL,NULL,NULL,NULL,NULL,NULL,NULL,NULL,NULL,NULL,NULL,NULL,NULL,NULL,NULL,NULL,NULL,NULL,NULL,NULL,NULL,NULL,NULL,NULL,NULL,NULL,NULL,NULL),(35,'Quintin C. Paul','4069597537','Outshoorn','South Africa','','','','ABSA Bank','','632005',NULL,'','ABSAZAJJ','Ruslyn Estate Glentana George','','','','','1977-09-13','sqmonsoon01@yahoo.com','Quintin','015 799 2810','770913 5067 08 9','Paul','083 704 0474','South African','Sandra','','Paul','079 023 9998','Wife','2016-01-12','457835725','Charl',NULL,'',NULL,'',NULL,NULL,'','2008-05-01','','','','2009-02-03','0271025231',NULL,'',NULL,NULL,NULL,NULL,NULL,NULL,NULL,NULL,NULL,NULL,NULL,NULL,NULL,NULL,NULL,NULL,NULL,NULL,NULL,NULL,'Pau01',1,14000,'USD','USD',100000,'USD',15000,'USD',0,'USD',419100,'USD',87,NULL,NULL,NULL,NULL,NULL,NULL,NULL,NULL,NULL,NULL,NULL,'','Tersia Paul','042 291 1900','Mother','','',NULL,'Sandra Paul','079 023 9998','Wife','Male','','','Ruslyn Estate Glentana George','','','','','',0,'South Africa','PO Box 937','1380','South Africa','Hoedspruit','Married','Mr','',NULL,NULL,NULL,'',NULL,NULL,NULL,'','',NULL,NULL,NULL,NULL,NULL,NULL,NULL,NULL,NULL,NULL,NULL,NULL,NULL,'','',NULL,NULL,NULL,NULL,'CPL',NULL,NULL,NULL,NULL,'',NULL,NULL,NULL,NULL,NULL,NULL,NULL,NULL,'',NULL,NULL,NULL,NULL,NULL,NULL,NULL),(37,'Mattheus Gerhardus Linde','042121833','Brandfort','Bloemfontein','South Africa','','','Standard Bank','','055534',NULL,'','SBZAZAJJ','18 van Zyl Street Brandfort 9400','','','','','1899-12-31','','Hardus','','','Linde','','South African','Ina','','Linde','084 549 7062','Wife','1899-12-31','','Gerhardus',NULL,'',NULL,'',NULL,NULL,'',NULL,'','','','2010-12-17','0272295445',NULL,'',NULL,NULL,NULL,NULL,NULL,NULL,NULL,NULL,NULL,NULL,NULL,NULL,NULL,NULL,NULL,NULL,NULL,NULL,NULL,NULL,'Lin01',1,15000,'USD','USD',0,'USD',0,'USD',0,'USD',291666,'USD',99,NULL,NULL,NULL,NULL,NULL,NULL,NULL,NULL,NULL,NULL,NULL,'','','','','','',NULL,'','','','Male','','','','','','','','',0,'','','','South Africa','','','Mr','',NULL,NULL,NULL,'',NULL,NULL,NULL,'','',NULL,NULL,NULL,NULL,NULL,NULL,NULL,NULL,NULL,NULL,NULL,NULL,NULL,'','219665360',NULL,NULL,NULL,NULL,'AME',NULL,NULL,NULL,NULL,'',NULL,NULL,NULL,NULL,NULL,NULL,NULL,NULL,'U-Med',NULL,NULL,NULL,NULL,NULL,NULL,NULL),(38,'Jacques Pretorius','59400020176','Shop 36','Village Centre','59 Old Main Road','Hillcrest, KZN','South Africa','First National Bank','','223726',NULL,'','FIRNZAJJ','12 Bodriggy Gardens 21 York Road Gillits 3610','','','','','1951-07-02','chinksjtp@yahoo.co.uk','Jacques','031 767 5194','510702 5089 08 5','Pretorius','082 257 6554','South African','Sharon','031 767 5194','Pretorius','','Wife','2013-07-07','440908865','Tredoux',NULL,'',NULL,'',NULL,NULL,'',NULL,'','Pilot','','2009-06-19','027 023 0337',NULL,'',NULL,NULL,NULL,NULL,NULL,NULL,NULL,NULL,NULL,NULL,NULL,NULL,NULL,NULL,NULL,NULL,NULL,NULL,NULL,NULL,'Pre02',1,15000,'USD','USD',30000,'USD',0,'USD',0,'USD',0,'USD',100,NULL,NULL,NULL,NULL,NULL,NULL,NULL,NULL,NULL,NULL,NULL,'sharonqatar@yahoo.co.uk','','','','','',NULL,'','','','Male','','','','','','','','',0,'South Africa','','','South Africa','','Married','Mr','Starlite Aviation (Pty) Ltd',NULL,NULL,NULL,'',NULL,NULL,NULL,'','',NULL,NULL,NULL,NULL,NULL,NULL,NULL,NULL,NULL,NULL,NULL,NULL,NULL,'Christo Putter','',NULL,NULL,NULL,NULL,'CPL',NULL,NULL,NULL,NULL,'',NULL,NULL,NULL,NULL,NULL,NULL,NULL,NULL,'',NULL,NULL,NULL,NULL,NULL,NULL,NULL),(39,'Cameron Dalziel','45485255','25 Circular Road','Eagle Court','Douglas','Isle of Man','IM991 RH','Barclays Bank','','202675',NULL,'GB80 BARC 2026 7545 4852 55','barcgb22','27 Umhlali Golf Estate Ballito','','','','','1971-04-25','cameron@rescuemedia.co.za','Cameron','','710425 5377 08 0','Dalziel','083 799 4077','South African','Reine','','Schultz','083 450 3979','Fiance','2016-09-10','462691888','Douglas',NULL,'',NULL,'',NULL,'2008-12-18','0270406945',NULL,'','','','2008-12-18','0270406945',NULL,'',NULL,NULL,NULL,NULL,NULL,NULL,NULL,NULL,NULL,NULL,NULL,NULL,NULL,NULL,NULL,NULL,NULL,NULL,NULL,NULL,'Dal01',1,15000,'USD','USD',40000,'USD',0,'USD',0,'USD',0,'USD',101,NULL,NULL,NULL,NULL,NULL,NULL,NULL,NULL,NULL,NULL,NULL,'','Doug Dalziel','083 301 0880','Father','','',NULL,'Reine Schultz','083 450 3979','Wife','Male','','','27 Umhlali Golf Estate','','','','','Sheldon',1,'South Africa','Suite 6','Umhlanga','South Africa',' Private Bag X 01','Married','Mr','',NULL,NULL,NULL,'',NULL,NULL,NULL,'','',NULL,NULL,NULL,NULL,NULL,NULL,NULL,NULL,NULL,NULL,NULL,NULL,NULL,'','',NULL,NULL,NULL,NULL,'CPL',NULL,NULL,NULL,NULL,'',NULL,NULL,NULL,NULL,NULL,NULL,NULL,NULL,'',NULL,NULL,NULL,NULL,NULL,NULL,NULL),(40,'Vernon Knoetze','4052817819','Atterbury/Lois Avenue','Menlo Park','Pretoria, 0081','South Africa','','ABSA Bank','','632005',NULL,'','ABSAZAJJ','98 Mont Serrat Ridgeview Road Waterkloofridge 0180','','','','','1979-08-09','vknoetze@gmail.com','Vernon','','790809 5042 08 8','Knoetze','082 411 2528','South African','Eulonka','','Knoetze','082 954 0113','Wife','2009-01-28','414597321','',NULL,'',NULL,'',NULL,NULL,'0271043630',NULL,'','','','2009-04-17','0271043630',NULL,'',NULL,NULL,NULL,NULL,NULL,NULL,NULL,NULL,NULL,NULL,NULL,NULL,NULL,NULL,NULL,NULL,NULL,NULL,NULL,NULL,'Kno01',1,16000,'USD','USD',0,'USD',15000,'USD',0,'USD',407000,'USD',102,NULL,NULL,NULL,NULL,NULL,NULL,NULL,NULL,NULL,NULL,NULL,'','Retha','072 104 2286','Mother','','',NULL,'Eulonka','082 954 0113','Wife','Male','','','98 Mont Serrat Ridgeview Road Waterkloofridge 0180','','','','','',0,'South Africa','Postnet Suite 110','Monument Park','South Africa','Private Bag X25723','Married','Mr','',NULL,NULL,NULL,'',NULL,NULL,NULL,'','',NULL,NULL,NULL,NULL,NULL,NULL,NULL,NULL,NULL,NULL,NULL,NULL,NULL,'','97294730PW',NULL,NULL,NULL,NULL,'CPL',NULL,NULL,NULL,NULL,'',NULL,NULL,NULL,NULL,NULL,NULL,NULL,NULL,'Military',NULL,NULL,NULL,NULL,NULL,NULL,NULL),(42,'Pieter A. Swanepoel','060149011','North Park Centre','Pretoria North','South Africa','','','ABSA Bank','','632005',NULL,'','ABSAZAJJ','8 Chelsea Road Athlone Park 4126','','','','','1983-05-31','','Miles','031 904 2053','830531 5096 08 6','Swanepoel','083 375 0507','South African','John','031 904 2053','Swanepoel','','','1899-12-31','','Andries',NULL,'',NULL,'',NULL,NULL,'',NULL,'','AME Apprentice','Virginia Airport','1899-12-31','',NULL,'',NULL,NULL,NULL,NULL,NULL,NULL,NULL,NULL,NULL,NULL,NULL,NULL,NULL,NULL,NULL,NULL,NULL,NULL,NULL,NULL,'Swa02',1,12000,'USD','USD',18000,'USD',0,'USD',0,'USD',0,'USD',104,NULL,NULL,NULL,NULL,NULL,NULL,NULL,NULL,NULL,NULL,NULL,'','Dorothy','031 904 2053','Grandmother','031 571 6626','031 571 6600',NULL,'John','031 904 2053','Grandfather','Male','','','8 Chelsea Road Athlone Park 4126','','','','','',0,'','','','South Africa','','Single','Mr','Starlite Maintenance Durban (Pty) Ltd',NULL,NULL,NULL,'Maintenance',NULL,NULL,NULL,'South Africa','400600061J4D',NULL,NULL,NULL,NULL,NULL,NULL,NULL,NULL,NULL,NULL,NULL,NULL,NULL,'Wimpie Rheeder','3702635437/P',NULL,NULL,NULL,NULL,'',NULL,NULL,NULL,NULL,'6614',NULL,NULL,NULL,NULL,NULL,NULL,NULL,NULL,'Oxygen',NULL,NULL,NULL,NULL,NULL,NULL,NULL),(43,'Gladwyn W. Rautenbach','51710020002','Brandfort','Bloemfontein','South Africa','','','First National Bank','','230534',NULL,'','FIRNZAJJ','11 Gustav Crescent Fichdart Park Bloemfontein 9301','','','','','1971-01-09','rautenbach12@telkomsa.net','Gladwyn','051 522 6364','710109 5112 08 1','Rautenbach','083 630 0612','South African','Trudie','051 522 6364','Rautenbach','083 630 6767','','2016-09-13','462688390','Washington',NULL,'',NULL,'',NULL,NULL,'',NULL,'','AME','','2008-11-05','0272228305',NULL,'',NULL,NULL,NULL,NULL,NULL,NULL,NULL,NULL,NULL,NULL,NULL,NULL,NULL,NULL,NULL,NULL,NULL,NULL,NULL,NULL,'Rau01',1,12000,'USD','USD',18000,'USD',0,'USD',0,'USD',0,'USD',105,NULL,NULL,NULL,NULL,NULL,NULL,NULL,NULL,NULL,NULL,NULL,'','Mr Oberholtzer','083 383 7770','Brother in Law','','',NULL,'Mr J Rautenbach','051 522 2386','Father','Male','','','11 Gustav Crescent Fichdart Park Bloemfontein 9301','','','','','',2,'South Africa','','','South Africa','','Married','Mr','Starlite Maintenance Heidelbur (Pty) Ltd',NULL,NULL,NULL,'',NULL,NULL,NULL,'','',NULL,NULL,NULL,NULL,NULL,NULL,NULL,NULL,NULL,NULL,NULL,NULL,NULL,'','',NULL,NULL,NULL,NULL,'AME',NULL,NULL,NULL,NULL,'',NULL,NULL,NULL,NULL,NULL,NULL,NULL,NULL,'SANDF',NULL,NULL,NULL,NULL,NULL,NULL,NULL),(44,'M.L. Sinden','274217228','Bayside','Table View','Cape Town','South Africa','','Standard Bank','','022209',NULL,'','SBZAZAJJ','8 Dartmore Close Tableview Cape Town 7441','','','','','1968-06-28','beyers@wdsl.co.za','John','','680628 5142 08 3','Sinden','084 859 9775','South African','','','','','Wife','2012-01-09','432805893','Gottlieb',NULL,'',NULL,'',NULL,NULL,'',NULL,'','','','2010-01-10','027 227 2220',NULL,'',NULL,NULL,NULL,NULL,NULL,NULL,NULL,NULL,NULL,NULL,NULL,NULL,NULL,NULL,NULL,NULL,NULL,NULL,NULL,NULL,'Sin01',1,12000,'USD','USD',18000,'USD',0,'USD',0,'USD',0,'USD',106,NULL,NULL,NULL,NULL,NULL,NULL,NULL,NULL,NULL,NULL,NULL,'','','','','','',NULL,'','','','Male','','','','','','','','',0,'South Africa','8 Dartmore Close','Cape Town','South Africa',' Tableview','Married','Mr','',NULL,NULL,NULL,'',NULL,NULL,NULL,'','',NULL,NULL,NULL,NULL,NULL,NULL,NULL,NULL,NULL,NULL,NULL,NULL,NULL,'','',NULL,NULL,NULL,NULL,'AME',NULL,NULL,NULL,NULL,'',NULL,NULL,NULL,NULL,NULL,NULL,NULL,NULL,'',NULL,NULL,NULL,NULL,NULL,NULL,NULL),(45,'M.L. Sinden','1228173858','Bloemfontein','South Africa','','','','ABSA','','632005',NULL,'','ABSAZAJJ','68 Belisima','Hospitaal Street','Heidelberg','South Africa','','1974-12-11','davidclaassen@vodamail.co.za','David','','7412115297087','Claassens','+27824415529','South African','Marjorie','','Claassens','+27824634608','Wife',NULL,'','Noel',NULL,'',NULL,'',NULL,NULL,'',NULL,'','Avionic AME (u/t)','Heidelberg',NULL,'',NULL,'',NULL,NULL,NULL,NULL,NULL,NULL,NULL,NULL,NULL,NULL,NULL,NULL,NULL,NULL,NULL,NULL,NULL,NULL,NULL,NULL,'Cla01',1,30000,'USD','USD',0,'USD',0,'USD',0,'USD',0,'USD',107,NULL,NULL,NULL,NULL,NULL,NULL,NULL,NULL,NULL,NULL,NULL,NULL,NULL,NULL,NULL,NULL,NULL,NULL,NULL,NULL,NULL,NULL,NULL,NULL,NULL,NULL,NULL,NULL,NULL,NULL,NULL,NULL,NULL,NULL,NULL,NULL,NULL,NULL,NULL,NULL,NULL,NULL,NULL,NULL,NULL,NULL,NULL,NULL,NULL,NULL,NULL,NULL,NULL,NULL,NULL,NULL,NULL,NULL,NULL,NULL,NULL,NULL,NULL,NULL,NULL,NULL,NULL,NULL,NULL,NULL,NULL,NULL,NULL,NULL,NULL,NULL,NULL,NULL,NULL,NULL,NULL,NULL,NULL,NULL,NULL,NULL,NULL,NULL,NULL),(46,'Stephan Rossouw','187149704','De Doorns','Western Cape','South Africa','','','Standard Bank','','05010702',NULL,'','SBZAZAJJ','Riviera','P.O.  Box 2','De Doorns','Western Cape','South Africa','1978-04-01','stephan@mooigezicht.co.za','Stephan','+27233563469','7804015100082','Rossouw','+27798785070','South African','','','','','','2010-01-16','421493799','Daniel',NULL,'',NULL,'','2009-05-31',NULL,'',NULL,'1','SA330 co-pilot','','2009-06-17','0271016990',NULL,'',NULL,NULL,NULL,NULL,NULL,NULL,NULL,NULL,NULL,NULL,NULL,NULL,NULL,NULL,NULL,NULL,NULL,NULL,NULL,NULL,'Ros01',1,10000,'USD','USD',27500,'USD',0,'USD',0,'USD',0,'USD',108,NULL,NULL,NULL,NULL,NULL,NULL,NULL,NULL,NULL,NULL,NULL,NULL,NULL,NULL,NULL,NULL,NULL,NULL,NULL,NULL,NULL,NULL,NULL,NULL,NULL,NULL,NULL,NULL,NULL,NULL,NULL,NULL,NULL,NULL,NULL,NULL,NULL,NULL,NULL,NULL,NULL,NULL,NULL,NULL,NULL,NULL,NULL,NULL,NULL,NULL,NULL,NULL,NULL,NULL,NULL,NULL,NULL,NULL,NULL,NULL,NULL,NULL,NULL,NULL,NULL,NULL,NULL,NULL,NULL,NULL,NULL,NULL,NULL,NULL,NULL,NULL,NULL,NULL,NULL,NULL,NULL,NULL,NULL,NULL,NULL,NULL,NULL,NULL,NULL),(47,'M. Kruger','4047682782','Broadway Avenue','Durban North','South Africa','','','Absa Bank','','632005',NULL,'','ABSAZAJJ','34 Old Mill Way Durban North 4051','','','','','1952-07-31','foxbat@icon.co.za','Martin','031 573 1813','520731 5066 08 0','Kruger','072 019 4689','South African','Colleen','031 573 1813','Kruger','079 625 6014','Wife','2017-05-02','467779426','Johann','2009-05-23','','2009-10-16','',NULL,'2009-05-08','',NULL,'','Instructor','Virginia Airport','2009-05-05','027 046 1957',NULL,'',NULL,NULL,NULL,NULL,NULL,NULL,NULL,NULL,NULL,NULL,NULL,NULL,NULL,NULL,NULL,NULL,NULL,NULL,NULL,NULL,'Kru01',1,0,'USD','USD',48000,'USD',15000,'USD',0,'USD',0,'USD',109,NULL,NULL,NULL,NULL,NULL,NULL,NULL,NULL,NULL,NULL,NULL,'','Chad','076 246 7575','Son','','031 571 6600',NULL,'Ashleigh','082 770 6517','Daughter','Male','031 573 1813','','34 Old Mill Way Durban North 4051','','','','','Chad',2,'South Africa','','','South Africa','','Married','Mr','Starlite Aviation (Pty) Ltd',NULL,NULL,NULL,'Training',NULL,NULL,NULL,'','',NULL,NULL,NULL,NULL,NULL,NULL,NULL,NULL,NULL,NULL,NULL,NULL,NULL,'Tony Hunter','68479112',NULL,NULL,NULL,NULL,'CPL',NULL,NULL,NULL,NULL,'',NULL,NULL,NULL,NULL,NULL,NULL,NULL,NULL,'SANDF',NULL,NULL,NULL,NULL,NULL,NULL,NULL),(50,'G.D. Venter','51080493658','Eldoraign','Pretoria','South Africa','','','First National Bank','','251145',NULL,'','FIRNZAJJ','69 Kings Avenue Robbin Hills Randburg','','','','','1957-11-01','','Garry','','571101 5052 08 4','Venter','','South African','Jenny','','Angel','082 567 4546','Life Partner','2017-05-03','467633276','Dean',NULL,'',NULL,'',NULL,NULL,'',NULL,'','','Heidelburg','1899-12-31','',NULL,'',NULL,NULL,NULL,NULL,NULL,NULL,NULL,NULL,NULL,NULL,NULL,NULL,NULL,NULL,NULL,NULL,NULL,NULL,NULL,NULL,'Ven01',1,15000,'USD','USD',0,'USD',0,'USD',0,'USD',541666,'USD',112,NULL,NULL,NULL,NULL,NULL,NULL,NULL,NULL,NULL,NULL,NULL,'','','','','','',NULL,'','','','Male','','','69 Kings Avenue Robbin Hills Randburg','','','','','',0,'South Africa','PO Box 332',' Wierdapark','South Africa','Raslouw','Single','Mr','Starlite Maintenance Heidelbur (Pty) Ltd',NULL,NULL,NULL,'Maintenance',NULL,NULL,NULL,'','',NULL,NULL,NULL,NULL,NULL,NULL,NULL,NULL,NULL,NULL,NULL,NULL,NULL,'','',NULL,NULL,NULL,NULL,'',NULL,NULL,NULL,NULL,'',NULL,NULL,NULL,NULL,NULL,NULL,NULL,NULL,'',NULL,NULL,NULL,NULL,NULL,NULL,NULL),(51,'Edward J. Viljoen','1668151139','Valhalla','Pretoria','South Africa','','','ABSA Bank','','632005',NULL,'','ABSAZAJJ','15 Janets Place Amberfield Manor Centurion','','','','','1980-10-23','edwardviljoen@yahoo.com','Edward','012 808 0166','801023 5006 08 8','Viljoen','072 906 1704','South African','J','012 808 0166','Viljoen','','Mother','2012-11-17','449731257','Justus',NULL,'',NULL,'',NULL,NULL,'','2009-01-01','','AME','','1899-12-31','027 2284 449',NULL,'',NULL,NULL,NULL,NULL,NULL,NULL,NULL,NULL,NULL,NULL,NULL,NULL,NULL,NULL,NULL,NULL,NULL,NULL,NULL,NULL,'Vil02',1,30000,'USD','USD',15000,'USD',0,'USD',0,'USD',312917,'USD',113,NULL,NULL,NULL,NULL,NULL,NULL,NULL,NULL,NULL,NULL,NULL,'','Deon Viljoen','082 823 9938','Brother','','011 617 7520',NULL,'Nadine Coetsee','079 781 7994','Girlfriend','Male','','','','','','','','',0,'South Africa','PO Box 15260','129','South Africa','Sinoville','Single','Mr','Starlite Aviation (Pty) Ltd',NULL,NULL,NULL,'Operations',NULL,NULL,NULL,'South Africa','406300104RPB',NULL,NULL,NULL,NULL,NULL,NULL,NULL,NULL,NULL,NULL,NULL,NULL,NULL,'','',NULL,NULL,NULL,NULL,'AME',NULL,NULL,NULL,NULL,'',NULL,NULL,NULL,NULL,NULL,NULL,NULL,NULL,'SANDF',NULL,NULL,NULL,NULL,NULL,NULL,NULL),(52,'W.H.W. van Wyk','032567375','Bloemfontein','South Africa','','','','Standard Bank','','055034',NULL,'','SBZAZAJJ','47 Totius Avenue Bloemfontein 9330','','','','','1951-01-29','louter.vanwyk@yahoo.com','Wessel','051 446 3717','510129 5066 08 9','Van Wyk','083 440 0112','South African','Jarn','051 446 3717','van Wyk','083 447 8220','','2018-06-05','477226989','Hendrik Wessels',NULL,'',NULL,'',NULL,NULL,'',NULL,'','','','2009-06-19','0271081507',NULL,'',NULL,NULL,NULL,NULL,NULL,NULL,NULL,NULL,NULL,NULL,NULL,NULL,NULL,NULL,NULL,NULL,NULL,NULL,NULL,NULL,'van01',1,19000,'USD','USD',0,'USD',15000,'USD',0,'USD',493225,'USD',145,NULL,NULL,NULL,NULL,NULL,NULL,NULL,NULL,NULL,NULL,NULL,'','','','','','',NULL,'','','','Male','','','47 Totius Avenue Bloemfontein 9330','','','','','',0,'South Africa','PO Box 25260','Bleomfontein 109','South Africa','Langehoven Park','Married','Mr','',NULL,NULL,NULL,'',NULL,NULL,NULL,'','',NULL,NULL,NULL,NULL,NULL,NULL,NULL,NULL,NULL,NULL,NULL,NULL,NULL,'','67358820PW',NULL,NULL,NULL,NULL,'CPL',NULL,NULL,NULL,NULL,'',NULL,NULL,NULL,NULL,NULL,NULL,NULL,NULL,'SAAF Medical',NULL,NULL,NULL,NULL,NULL,NULL,NULL),(53,'Michael D. Gould','4060911691','West Beach','Cape Town','South Africa','','','Absa Bank','','632005',NULL,'','ABSAZAJJ','10 Drummond Street West Beach 7441','','','','','1975-10-31','mikegould@ananzi.co.za','Michael','','751031 5095 08 4','Gould','083 256 0635','South African','S','','Gould','084 511 4620','','2009-08-23','419190172','David',NULL,'',NULL,'',NULL,NULL,'',NULL,'','','','2009-04-10','0271008344',NULL,'',NULL,NULL,NULL,NULL,NULL,NULL,NULL,NULL,NULL,NULL,NULL,NULL,NULL,NULL,NULL,NULL,NULL,NULL,NULL,NULL,'Gou01',1,10000,'USD','USD',27500,'USD',0,'USD',0,'USD',0,'USD',146,NULL,NULL,NULL,NULL,NULL,NULL,NULL,NULL,NULL,NULL,NULL,'','','','','','',NULL,'','','','Male','','','','','','','','',0,'South Africa','','','','','Single','Mr','',NULL,NULL,NULL,'',NULL,NULL,NULL,'','',NULL,NULL,NULL,NULL,NULL,NULL,NULL,NULL,NULL,NULL,NULL,NULL,NULL,'','195108580',NULL,NULL,NULL,NULL,'ATPL',NULL,NULL,NULL,NULL,'',NULL,NULL,NULL,NULL,NULL,NULL,NULL,NULL,'Discovery',NULL,NULL,NULL,NULL,NULL,NULL,NULL),(54,'Lucas C. Schutte','62094647470','George','Eastern Cape','South Africa','','','First National Bank','','210114',NULL,'','FIRNZAJJ','13 Mimosa Avenue George East George 6530','','','','','1964-09-09','mielie777@yahoo.com','Cornelius','044 871 4807','640909 5117 08 8','Schutte','084 500 6099','South African','Mathilda','044 871 4807','Schutte','084 659 7689','Wife','2014-04-19','445807480','Cornelius',NULL,'',NULL,'',NULL,NULL,'','2009-01-01','','AME','Heidelburg','2010-08-06','0272017617',NULL,'',NULL,NULL,NULL,NULL,NULL,NULL,NULL,NULL,NULL,NULL,NULL,NULL,NULL,NULL,NULL,NULL,NULL,NULL,NULL,NULL,'Sch01',1,30000,'USD','USD',15000,'USD',0,'USD',0,'USD',416667,'USD',147,NULL,NULL,NULL,NULL,NULL,NULL,NULL,NULL,NULL,NULL,NULL,'','Rudi','021 930 6121','Brother','','',NULL,'Mathilda','044 871 4807','Wife','Male','','084 569 7689','13 Mimosa Avenue George East George 6530','','','','','Lucas Cornelius',2,'South Africa','','7441','','','Married','Mr','Starlite Maintenance Heidelbur (Pty) Ltd',NULL,NULL,NULL,'Maintenance',NULL,NULL,NULL,'South Africa','601000027NMS',NULL,NULL,NULL,NULL,NULL,NULL,NULL,NULL,NULL,NULL,NULL,NULL,NULL,'','80200727244',NULL,NULL,NULL,NULL,'AME',NULL,NULL,NULL,NULL,'',NULL,NULL,NULL,NULL,NULL,NULL,NULL,NULL,'Fedhealth',NULL,NULL,NULL,NULL,NULL,NULL,NULL),(55,'Frank A. Boekkooi','2093056917','Milnerton','Cape Town','South Africa','','','Nedbank','','109309',NULL,'','NEDSZAJJ','12 Blourandt','10 Willow road','Bloubergrise','South Africa','','1964-12-01','fboekkooi@vodamail.co.za','Frank','','6412015125082','Boekkooi','+27823974307','South African','C.J.','+27123613913','Boekkooi','','','2010-08-07','425219429','Anton',NULL,'',NULL,'',NULL,NULL,'',NULL,'','AME','Cape Town',NULL,'',NULL,'',NULL,NULL,NULL,NULL,NULL,NULL,NULL,NULL,NULL,NULL,NULL,NULL,NULL,NULL,NULL,NULL,NULL,NULL,NULL,NULL,'Boe01',1,12000,'USD','USD',18000,'USD',0,'USD',0,'USD',0,'USD',148,NULL,NULL,NULL,NULL,NULL,NULL,NULL,NULL,NULL,NULL,NULL,NULL,NULL,NULL,NULL,NULL,NULL,NULL,NULL,NULL,NULL,NULL,NULL,NULL,NULL,NULL,NULL,NULL,NULL,NULL,NULL,NULL,NULL,NULL,NULL,NULL,NULL,NULL,NULL,NULL,NULL,NULL,NULL,NULL,NULL,NULL,NULL,NULL,NULL,NULL,NULL,NULL,NULL,NULL,NULL,NULL,NULL,NULL,NULL,NULL,NULL,NULL,NULL,NULL,NULL,NULL,NULL,NULL,NULL,NULL,NULL,NULL,NULL,NULL,NULL,NULL,NULL,NULL,NULL,NULL,NULL,NULL,NULL,NULL,NULL,NULL,NULL,NULL,NULL),(56,'Frans I. Starbuck','1000149337','Brandwag','Bloemfontein','South Africa','','','ABSA Bank','','632005',NULL,'','ABSAZAJJ','De Bruyn Street 82 Universitas Bloemfontein','','','','','1957-04-16','starbuck@absamail.co.za','Frans','051 522 7474','570416 5143 08 4','Starbuck','083 297 6962','South African','Annatjie','051 522 7474','Starbuck','083 412 8399','','2016-10-11','463206119','Ignatius',NULL,'',NULL,'',NULL,NULL,'',NULL,'','','','2008-11-19','0272230426',NULL,'',NULL,NULL,NULL,NULL,NULL,NULL,NULL,NULL,NULL,NULL,NULL,NULL,NULL,NULL,NULL,NULL,NULL,NULL,NULL,NULL,'Sta01',1,12000,'USD','USD',18000,'USD',0,'USD',0,'USD',0,'USD',149,NULL,NULL,NULL,NULL,NULL,NULL,NULL,NULL,NULL,NULL,NULL,'','','','','','051 405 6374',NULL,'','','','Male','','','De Bruyn Street 82 Universitas Bloemfontein','','','','','',0,'South Africa','PO Box 11577','9321','South Africa','Universitas','Married','Mr','',NULL,NULL,NULL,'',NULL,NULL,NULL,'','',NULL,NULL,NULL,NULL,NULL,NULL,NULL,NULL,NULL,NULL,NULL,NULL,NULL,'','',NULL,NULL,NULL,NULL,'AME',NULL,NULL,NULL,NULL,'',NULL,NULL,NULL,NULL,NULL,NULL,NULL,NULL,'SANDF',NULL,NULL,NULL,NULL,NULL,NULL,NULL),(57,'Francois Benade','50290028932','Table View','Cape Town','South Africa','','','First National Bank','','200909',NULL,'','FIRNZSJJ','9 Braemar Road Parklands Cape Town 7441','','','','','1974-07-05','francois@wdsl.co.za','Francois','','740705 5063 08 5','Benade','082 325 5688','South African','J.G','057 357 1870','Benade','082 490 6502','','2013-03-24','439475893','',NULL,'',NULL,'',NULL,NULL,'',NULL,'','Pilot','','2009-04-20','027 101 6792',NULL,'',NULL,NULL,NULL,NULL,NULL,NULL,NULL,NULL,NULL,NULL,NULL,NULL,NULL,NULL,NULL,NULL,NULL,NULL,NULL,NULL,'Ben01',1,10000,'USD','USD',27500,'USD',0,'USD',0,'USD',0,'USD',150,NULL,NULL,NULL,NULL,NULL,NULL,NULL,NULL,NULL,NULL,NULL,'benadefrancois@hotmail.com','Marzelle Benade','083 461 4503','Ex Wife','','021 508 6158',NULL,'Gert Benade','073 194 4769','Father','Male','','','','','','','','Marco',1,'South Africa','9 Braemar Road','7441','South Africa','Parklands Cape Town','Divorced','Mr','',NULL,NULL,NULL,'',NULL,NULL,NULL,'','',NULL,NULL,NULL,NULL,NULL,NULL,NULL,NULL,NULL,NULL,NULL,NULL,NULL,'Christo Putter','',NULL,NULL,NULL,NULL,'CPL',NULL,NULL,NULL,NULL,'',NULL,NULL,NULL,NULL,NULL,NULL,NULL,NULL,'',NULL,NULL,NULL,NULL,NULL,NULL,NULL),(58,'Eduan Teich','9207349555','Table View','Cape Town','South Africa','','','ABSA Bank','','632005',NULL,'','ABSAZAJJ','13 Carnaby Close Parklands Cape Town 7441','','','','','1972-05-31','taned@telkomsa.net','Eduan','','720531 5006 08 8','Teich','082 302 6795','South African','Tanie','','Teich','082 302 6704','','2018-01-14','473674779','',NULL,'',NULL,'',NULL,NULL,'',NULL,'','','','2010-02-05','0272274960',NULL,'',NULL,NULL,NULL,NULL,NULL,NULL,NULL,NULL,NULL,NULL,NULL,NULL,NULL,NULL,NULL,NULL,NULL,NULL,NULL,NULL,'Tei01',1,12000,'USD','USD',18000,'USD',0,'USD',0,'USD',0,'USD',151,NULL,NULL,NULL,NULL,NULL,NULL,NULL,NULL,NULL,NULL,NULL,'','','','','','',NULL,'','','','Male','','','','','','','','',0,'South Africa','','','','','','Mr','',NULL,NULL,NULL,'',NULL,NULL,NULL,'','',NULL,NULL,NULL,NULL,NULL,NULL,NULL,NULL,NULL,NULL,NULL,NULL,NULL,'','',NULL,NULL,NULL,NULL,'AME',NULL,NULL,NULL,NULL,'',NULL,NULL,NULL,NULL,NULL,NULL,NULL,NULL,'',NULL,NULL,NULL,NULL,NULL,NULL,NULL),(59,'Marc Lawson','071184686','Milnerton','Cape Town','South Africa','','','Standard Bank','','02650900',NULL,'','SBZAZAJJ','6 Elsendal Road Edgemead Cape Town 7441','','','','','1972-04-07','migration_aviation@absamail.co.za','Marc','021 558 1868','720407 5026 08 9','Lawson','084 558 1868','South African','Joanne','021 558 1868','Lawson','072 479 8686','Wife','2016-10-25','463441262','Elwin',NULL,'',NULL,'',NULL,NULL,'',NULL,'','AME','','2009-08-10','0272021023',NULL,'',NULL,NULL,NULL,NULL,NULL,NULL,NULL,NULL,NULL,NULL,NULL,NULL,NULL,NULL,NULL,NULL,NULL,NULL,NULL,NULL,'Law01',1,12000,'USD','USD',18000,'USD',0,'USD',0,'USD',0,'USD',152,NULL,NULL,NULL,NULL,NULL,NULL,NULL,NULL,NULL,NULL,NULL,'','Mark Cromhout','084 567 0123','Friend','','',NULL,'Joanne Lawson','072 479 6868','Wife','Male','','','6 Elsendal Road Edgemead Cape Town 7441','','','','','Mathew Ian Lawson',2,'South Africa','','','','','Married','Mr','Starlite Aviation (Pty) Ltd',NULL,NULL,NULL,'Operations',NULL,NULL,NULL,'','',NULL,NULL,NULL,NULL,NULL,NULL,NULL,NULL,NULL,NULL,NULL,NULL,NULL,'Christo Putter','',NULL,NULL,NULL,NULL,'AME',NULL,NULL,NULL,NULL,'',NULL,NULL,NULL,NULL,NULL,NULL,NULL,NULL,'SAAF',NULL,NULL,NULL,NULL,NULL,NULL,NULL),(60,'Frans Strydom','2890148908','Centurion','Gauteng','South Africa','','','ABSA Bank','','632005',NULL,'','ABSAZAJJ','','','','','','1963-10-13','','Frans','','631013 5013 08 1','Strydom','083 264 5226','South African','Malinda','012 653 6457','Strydom','082 336 2239','Wife','2015-11-07','456293566','J.J.',NULL,'',NULL,'',NULL,NULL,'',NULL,'','','','1899-12-31','',NULL,'',NULL,NULL,NULL,NULL,NULL,NULL,NULL,NULL,NULL,NULL,NULL,NULL,NULL,NULL,NULL,NULL,NULL,NULL,NULL,NULL,'Str01',1,15000,'USD','USD',0,'USD',0,'USD',0,'USD',291666,'USD',153,NULL,NULL,NULL,NULL,NULL,NULL,NULL,NULL,NULL,NULL,NULL,'','','','','','',NULL,'','','','Male','','','','','','','','',0,'South Africa','','','','','','Mr','',NULL,NULL,NULL,'',NULL,NULL,NULL,'','',NULL,NULL,NULL,NULL,NULL,NULL,NULL,NULL,NULL,NULL,NULL,NULL,NULL,'','4891468',NULL,NULL,NULL,NULL,'',NULL,NULL,NULL,NULL,'',NULL,NULL,NULL,NULL,NULL,NULL,NULL,NULL,'Momentum',NULL,NULL,NULL,NULL,NULL,NULL,NULL),(61,'Ryan Hogan','4066590922','Umhlanga','Durban North','South Africa','','','ABSA Bank','','632005',NULL,'','ABSAZAJJ','15A Ithafa Close Umhlanga 4021','','','','','1968-06-08','hogiebear@gmail.com','Ryan','','680608 5052 08 6','Hogan','083 266 1239','South African','Wendy','','Ashford','082 463 5887','Live partner','2016-07-12','461253494','',NULL,'',NULL,'',NULL,NULL,'',NULL,'','','','2018-11-19','027 027 1653',NULL,'',NULL,NULL,NULL,NULL,NULL,NULL,NULL,NULL,NULL,NULL,NULL,NULL,NULL,NULL,NULL,NULL,NULL,NULL,NULL,NULL,'Hog01',1,24000,'USD','USD',0,'USD',0,'USD',0,'USD',609225,'USD',193,NULL,NULL,NULL,NULL,NULL,NULL,NULL,NULL,NULL,NULL,NULL,'','','','','','',NULL,'','','','Male','','','','','','','','',0,'South Africa','PO Box 200',' Ithafa Close','South Africa','Inzinga Ridge','Single','Mr','',NULL,NULL,NULL,'',NULL,NULL,NULL,'','',NULL,NULL,NULL,NULL,NULL,NULL,NULL,NULL,NULL,NULL,NULL,NULL,NULL,'','20220006D283',NULL,NULL,NULL,NULL,'ATPL',NULL,NULL,NULL,NULL,'',NULL,NULL,NULL,NULL,NULL,NULL,NULL,NULL,'Discovery',NULL,NULL,NULL,NULL,NULL,NULL,NULL),(62,'Anthony C. Hunter','01090260657','Umhlanga','Durban North','KZN','South Africa','','ABSA Bank','','632005',NULL,'','ABSAZAJJ','17 Valleyview Park Spurwig Drive Sunningdale 4091','','','','','1955-03-14','tonyh@starliteaviation.co.za','Tony','','550314 5064 08 3','Hunter','082 573 1970','South African','Marlene','031 572 3448','Hunter','','Wife','2017-07-19','406523147','Charles',NULL,'',NULL,'',NULL,NULL,'',NULL,'','Chief Flying Instructor','Virginia Airport','2009-02-23','027 028 2932',NULL,'',NULL,NULL,NULL,NULL,NULL,NULL,NULL,NULL,NULL,NULL,NULL,NULL,NULL,NULL,NULL,NULL,NULL,NULL,NULL,NULL,'Hun01',1,15000,'USD','USD',30000,'USD',0,'USD',0,'USD',0,'USD',194,NULL,NULL,NULL,NULL,NULL,NULL,NULL,NULL,NULL,NULL,NULL,'','','','','','031 571 6600',NULL,'','','','Male','','','17 Valleyview Park Spurwig Drive Sunningdale 4091','','','','','',0,'South Africa','PO Box 3071','4019','South Africa','Sunningdale','Married','Mr','Starlite Aviation (Pty) Ltd',NULL,NULL,NULL,'Training',NULL,NULL,NULL,'','',NULL,NULL,NULL,NULL,NULL,NULL,NULL,NULL,NULL,NULL,NULL,NULL,NULL,'','',NULL,NULL,NULL,NULL,'CPL',NULL,NULL,NULL,NULL,'',NULL,NULL,NULL,NULL,NULL,NULL,NULL,NULL,'',NULL,NULL,NULL,NULL,NULL,NULL,NULL),(63,'Stefano Giusti','251211797','Umhlanga Rocks','Durban North','South Africa','','','Standard Bank','','042826',NULL,'','SBZAZAJJ','5 Bluehaze','21 Newlands Dr','Umhlanga','Durban North','South Africa','1976-11-03','stefanog@starliteaviation.co.za','Stefano','','','Giusti','+2772670877','British','','','','','','2009-07-14','036440053','Michael',NULL,'',NULL,'',NULL,NULL,'',NULL,'','Puma Co-Pilot','',NULL,'',NULL,'',NULL,NULL,NULL,NULL,NULL,NULL,NULL,NULL,NULL,NULL,NULL,NULL,NULL,NULL,NULL,NULL,NULL,NULL,NULL,NULL,'Giu01',1,14000,'USD','USD',0,'USD',15000,'USD',0,'USD',425000,'USD',195,NULL,NULL,NULL,NULL,NULL,NULL,NULL,NULL,NULL,NULL,NULL,NULL,NULL,NULL,NULL,NULL,NULL,NULL,NULL,NULL,NULL,NULL,NULL,NULL,NULL,NULL,NULL,NULL,NULL,NULL,NULL,NULL,NULL,NULL,NULL,NULL,NULL,NULL,NULL,NULL,NULL,NULL,NULL,NULL,NULL,NULL,NULL,NULL,NULL,NULL,NULL,NULL,NULL,NULL,NULL,NULL,NULL,NULL,NULL,NULL,NULL,NULL,NULL,NULL,NULL,NULL,NULL,NULL,NULL,NULL,NULL,NULL,NULL,NULL,NULL,NULL,NULL,NULL,NULL,NULL,NULL,NULL,NULL,NULL,NULL,NULL,NULL,NULL,NULL),(64,'Estelle Holthausen','9075136322','Menlyn','Pretoria','South Africa','','','ABSA Bank','','632005',NULL,'','ABSAZAJJ','15 San Roque Sunningdale Cape Town 7441','','','','','1978-03-30','hein78@telkomsa.net','Heinrich','','780330 5006 08 2','Holthausen','083 290 4678','South African','Estelle','','Holtzhausen','084 919 0350','Wife','2014-06-14','446602330','',NULL,'',NULL,'',NULL,NULL,'',NULL,'','Pilot','','2008-12-17','0271018590',NULL,'',NULL,NULL,NULL,NULL,NULL,NULL,NULL,NULL,NULL,NULL,NULL,NULL,NULL,NULL,NULL,NULL,NULL,NULL,NULL,NULL,'Hol01',1,37500,'USD','USD',27500,'USD',0,'USD',0,'USD',0,'USD',196,NULL,NULL,NULL,NULL,NULL,NULL,NULL,NULL,NULL,NULL,NULL,'','Yolandi Holtzhausen','082 443 6987','Sister','','',NULL,'Chris Holtzhausen','082 923 1053','Father','Male','','','15 San Roque Sunningdale Cape Town 7441','','','','','',0,'South Africa','PO Box 156','7375','South Africa','Langebaanweg','Single','Mr','',NULL,NULL,NULL,'',NULL,NULL,NULL,'','',NULL,NULL,NULL,NULL,NULL,NULL,NULL,NULL,NULL,NULL,NULL,NULL,NULL,'Christo Putter','96722954MI',NULL,NULL,NULL,NULL,'CPL',NULL,NULL,NULL,NULL,'',NULL,NULL,NULL,NULL,NULL,NULL,NULL,NULL,'SAAF',NULL,NULL,NULL,NULL,NULL,NULL,NULL),(65,'Johan Greyling','5471193090570047','Waterfront','Bloemfontein','South Africa','','','ABSA Bank','','632005',NULL,'','ABSAZAJJ','Hugenoot Street 3 Wilows Bloemfontein 9301','','','','','1965-07-18','','Johan','','650718 5030 08 5','Greyling','083 302 2904','South African','D','','Dietzh','082 468 1855','','2017-04-10','467257601','',NULL,'',NULL,'',NULL,NULL,'',NULL,'','','','2009-01-02','0272233776',NULL,'',NULL,NULL,NULL,NULL,NULL,NULL,NULL,NULL,NULL,NULL,NULL,NULL,NULL,NULL,NULL,NULL,NULL,NULL,NULL,NULL,'Gre01',1,12000,'USD','USD',18000,'USD',0,'USD',0,'USD',0,'USD',197,NULL,NULL,NULL,NULL,NULL,NULL,NULL,NULL,NULL,NULL,NULL,'','','','','','',NULL,'','','','Male','','','','','','','','',0,'South Africa','','','South Africa','','','Mr','',NULL,NULL,NULL,'',NULL,NULL,NULL,'','',NULL,NULL,NULL,NULL,NULL,NULL,NULL,NULL,NULL,NULL,NULL,NULL,NULL,'','8110583PE',NULL,NULL,NULL,NULL,'AME',NULL,NULL,NULL,NULL,'',NULL,NULL,NULL,NULL,NULL,NULL,NULL,NULL,'SANDF',NULL,NULL,NULL,NULL,NULL,NULL,NULL),(66,'Craig Chappell','50730029961','Cape Town','South Africa','','','','First National Bank','','203809',NULL,'','FIRNZAJJ','','','','','','1974-09-27','craig.chapp@gmail.com','Craig','','740927 5007 08 2','Chappell','084 667 8719','South African','W.D','','Chappell','072 145 5602','','2012-06-26','435422561','Anthony',NULL,'',NULL,'',NULL,NULL,'',NULL,'','Pilot','','2018-09-12','0271003501',NULL,'',NULL,NULL,NULL,NULL,NULL,NULL,NULL,NULL,NULL,NULL,NULL,NULL,NULL,NULL,NULL,NULL,NULL,NULL,NULL,NULL,'Cha01',1,18000,'USD','USD',0,'USD',15000,'USD',0,'USD',541500,'USD',198,NULL,NULL,NULL,NULL,NULL,NULL,NULL,NULL,NULL,NULL,NULL,'','','','','','',NULL,'','','','Male','','','','','','','','',0,'South Africa','PO Box 50249',' Cape Town','South Africa','West Beach','','Mr','',NULL,NULL,NULL,'Operations',NULL,NULL,NULL,'','',NULL,NULL,NULL,NULL,NULL,NULL,NULL,NULL,NULL,NULL,NULL,NULL,NULL,'Christo Putter','VPA19363',NULL,NULL,NULL,NULL,'ATPL',NULL,NULL,NULL,NULL,'',NULL,NULL,NULL,NULL,NULL,NULL,NULL,NULL,'SANDF',NULL,NULL,NULL,NULL,NULL,NULL,NULL),(67,'Botha Olivier','5108002894','Eldoraigne','Pretoria','South Africa','','','First National Bank','','251145',NULL,'','FIRNZAJJ','9 Meteor Road Valhalla Pretoria 0185','','','','','1956-08-23','boatsoli@yahoo.co.uk','Botha','012 651 3887','560823 5030 08 2','Olivier','082 569 3805','South Africa','Heila','012 651 3887','Olivier','083 655 7050','Wife','2013-07-29','441391440','',NULL,'',NULL,'',NULL,NULL,'',NULL,'','Pilot','','2018-08-11','0270506884',NULL,'',NULL,NULL,NULL,NULL,NULL,NULL,NULL,NULL,NULL,NULL,NULL,NULL,NULL,NULL,NULL,NULL,NULL,NULL,NULL,NULL,'Oli01',1,21500,'USD','USD',0,'USD',15000,'USD',0,'USD',524600,'USD',199,NULL,NULL,NULL,NULL,NULL,NULL,NULL,NULL,NULL,NULL,NULL,'','Juan Olivier','084 200 1604','Son','','',NULL,'Heila Olivier','083 655 7050','Wife','Male','','083 448 6748','9 Meteor Road Valhalla Pretoria 0185','','','','','Juan',1,'South Africa','PO Box 77476','171','','Eldo Glen','Married','Mr','',NULL,NULL,NULL,'',NULL,NULL,NULL,'','',NULL,NULL,NULL,NULL,NULL,NULL,NULL,NULL,NULL,NULL,NULL,NULL,NULL,'Christo Putter','72231004PE',NULL,NULL,NULL,NULL,'CPL',NULL,NULL,NULL,NULL,'',NULL,NULL,NULL,NULL,NULL,NULL,NULL,NULL,'SANDF',NULL,NULL,NULL,NULL,NULL,NULL,NULL),(68,'Zandy S. Greef','050135732','Durban Main Branch','Durban','South Africa','','','Standard Bank','','04002600',NULL,'','SBZAZAJJ','64A Horsehouse Crescent Waterfall','','','','','1960-04-29','zsg@mweb.co.za','Zandy','031 763 4691','600429 5037 08 5','Greef','083 305 3691','South African','Jan','031 763 4691','Greef','083 305 3691','Wife','2016-02-14','458838936','Stevan',NULL,'',NULL,'',NULL,NULL,'',NULL,'','','','2008-08-31','0270026396',NULL,'',NULL,NULL,NULL,NULL,NULL,NULL,NULL,NULL,NULL,NULL,NULL,NULL,NULL,NULL,NULL,NULL,NULL,NULL,NULL,NULL,'Gre02',1,15000,'USD','USD',40000,'USD',0,'USD',0,'USD',0,'USD',238,NULL,NULL,NULL,NULL,NULL,NULL,NULL,NULL,NULL,NULL,NULL,'zandy.greef@global.helog.de','','','','','',NULL,'','','','Male','','249915343090','','','','','','',0,'South Africa','PO Box 1187','3652','','Link Hills','Married','Mr','',NULL,NULL,NULL,'',NULL,NULL,NULL,'','',NULL,NULL,NULL,NULL,NULL,NULL,NULL,NULL,NULL,NULL,NULL,NULL,NULL,'','',NULL,NULL,NULL,NULL,'ATPL',NULL,NULL,NULL,NULL,'',NULL,NULL,NULL,NULL,NULL,NULL,NULL,NULL,'',NULL,NULL,NULL,NULL,NULL,NULL,NULL),(69,'Johannes P.L. du Plessis','38109602032','Brandfort','Freestate Province','South Africa','','','ABSA','','632005',NULL,'','ABSAZAJJ','9 Duke Street Brandfort 9400','','','','','1975-12-24','lafies.duplessis@gmail.com','Johannes Petrus Lafras','','751224 5017 08 9','Du Plessis','083 263 0331','South Africa','Elize','','Du Plessis','073 929 0482','Wife','2018-05-02','476508600','Petrus',NULL,'',NULL,'',NULL,NULL,'',NULL,'','','','2010-06-03','0272289604',NULL,'',NULL,NULL,NULL,NULL,NULL,NULL,NULL,NULL,NULL,NULL,NULL,NULL,NULL,NULL,NULL,NULL,NULL,NULL,NULL,NULL,'Ple01',1,12000,'USD','USD',18000,'USD',0,'USD',0,'USD',0,'USD',254,NULL,NULL,NULL,NULL,NULL,NULL,NULL,NULL,NULL,NULL,NULL,'','Aletha','083 218 1778','','','051 405 6133',NULL,'Hendrik','082 544 9075','','Male','','','9 Duke Street Brandfort 9400','','','','','Hendriko',2,'South Africa','','','South Africa','','Married','Mr','',NULL,NULL,NULL,'',NULL,NULL,NULL,'South Africa','3005000025VT',NULL,NULL,NULL,NULL,NULL,NULL,NULL,NULL,NULL,NULL,NULL,NULL,NULL,'','96721618MC',NULL,NULL,NULL,NULL,'AME',NULL,NULL,NULL,NULL,'',NULL,NULL,NULL,NULL,NULL,NULL,NULL,NULL,'SANDF',NULL,NULL,NULL,NULL,NULL,NULL,NULL),(70,'Michiel P. Veltman','2621073611','Centurion Lake','Pretoria','South Africa','','','NEDBANK','','162145',NULL,'','NEDSZAJJ','239 Monument Street Lyttleton Manor Centurion 0140','','','','','1975-11-13','michielveltman@yahoo.co.uk','Michiel','012 351 2323','751113 5011 08 7','Veltman','082 373 5082','South African','Sonia','011 405 1441 (WORK)','Veltman','079 890 4214','Wife','2014-02-24','444649337','Philippus',NULL,'',NULL,'',NULL,NULL,'',NULL,'','','','2018-08-27','0272250531',NULL,'',NULL,NULL,NULL,NULL,NULL,NULL,NULL,NULL,NULL,NULL,NULL,NULL,NULL,NULL,NULL,NULL,NULL,NULL,NULL,NULL,'Vel01',1,10000,'USD','USD',30000,'USD',0,'USD',0,'USD',396500,'USD',255,NULL,NULL,NULL,NULL,NULL,NULL,NULL,NULL,NULL,NULL,NULL,'','P Veltman','082 496 7532','Father','','',NULL,'M Veltman','082 263 3051','Mother','Male','012 351 2324','','239 Monument Street Lyttleton Manor Centurion 0140','','','','','',0,'South Africa','PO Box 11626','51','South Africa','Swartkops','Married','Mr','',NULL,NULL,NULL,'',NULL,NULL,NULL,'','',NULL,NULL,NULL,NULL,NULL,NULL,NULL,NULL,NULL,NULL,NULL,NULL,NULL,'','609188',NULL,NULL,NULL,NULL,'CPL',NULL,NULL,NULL,NULL,'',NULL,NULL,NULL,NULL,NULL,NULL,NULL,NULL,'Bestmed',NULL,NULL,NULL,NULL,NULL,NULL,NULL),(71,'Petrus G. Jooste','01016213591','Frere Square','East London','South Africa','','','ABSA bank','','632005',NULL,'','ABSAZAJJ','7 Marula Place Blue Bend East London 5241','','','','','1959-06-09','tarrijooste@ymail.com','Petrus','043 748 2554','590609 5005 08 1','Jooste','083 334 6219','South African','Alna','043 748 2554','Jooste','083 279 0061','Wife','2018-03-19','475468587','Gerhardus',NULL,'',NULL,'',NULL,NULL,'',NULL,'','','','2018-11-04','0270231715',NULL,'',NULL,NULL,NULL,NULL,NULL,NULL,NULL,NULL,NULL,NULL,NULL,NULL,NULL,NULL,NULL,NULL,NULL,NULL,NULL,NULL,'Joo01',1,20000,'USD','USD',0,'USD',15000,'USD',0,'USD',483225,'USD',256,NULL,NULL,NULL,NULL,NULL,NULL,NULL,NULL,NULL,NULL,NULL,'','Dewald Jooste','083 297 7587','','','',NULL,'Alna Jooste','083 279 0061','','Male','043 748 2554','','7 Marula Place Blue Bend East London 5241','','','','','Lourens Coetsee',4,'South Africa','','','Pinetown','','Married','Mr','',NULL,NULL,NULL,'',NULL,NULL,NULL,'South Africa','4011000834W',NULL,NULL,NULL,NULL,NULL,NULL,NULL,NULL,NULL,NULL,NULL,NULL,NULL,'','76330',NULL,NULL,NULL,NULL,'CPL',NULL,NULL,NULL,NULL,'',NULL,NULL,NULL,NULL,NULL,NULL,NULL,NULL,'Polmed',NULL,NULL,NULL,NULL,NULL,NULL,NULL),(72,'Jason D. Greyvenstein','71432230','357 Upper Richmond Road West','East Sheen','London','SW14 8QW','','HSBC Bank plc','MIDLGB2140J','400235',NULL,'GB91MIDL40023571432230','400235','69 Ahleigh Road Mortlake SW148PY London','','','','','1979-07-25','jasong@rotorwear.co.za','Jason','','','Greyvenstein','076 965 4086','South African','Glenda','442088763194','Gregson','447789023903','Wife','2015-09-06','455261959','Dan',NULL,'',NULL,'',NULL,NULL,'',NULL,'','','','2009-02-19','0270481476',NULL,'',NULL,NULL,NULL,NULL,NULL,NULL,NULL,NULL,NULL,NULL,NULL,NULL,NULL,NULL,NULL,NULL,NULL,NULL,NULL,NULL,'Gre03',1,18000,'USD','USD',0,'USD',15000,'USD',0,'USD',300000,'USD',257,NULL,NULL,NULL,NULL,NULL,NULL,NULL,NULL,NULL,NULL,NULL,'','Glenda Greyvenstein','447789023903','Wife','','',NULL,'William Greyvenstein','447523518407','Father','Male','','','','','','','','',0,'South Africa','PO Box 1419','3610','South Africa','Kloof','Married','Mr','',NULL,NULL,NULL,'',NULL,NULL,NULL,'','',NULL,NULL,NULL,NULL,NULL,NULL,NULL,NULL,NULL,NULL,NULL,NULL,NULL,'','',NULL,NULL,NULL,NULL,'CPL',NULL,NULL,NULL,NULL,'',NULL,NULL,NULL,NULL,NULL,NULL,NULL,NULL,'',NULL,NULL,NULL,NULL,NULL,NULL,NULL),(73,'Johan F. Taljaard','131222066','Carolina','South Africa','','','','Standard Bank','','05255140',NULL,'','SBZAZAJJ','King Edward Street 56 Chrissiesmeer 2332','','','','','1978-08-17','johan_taljaard@yahoo.com','Johan','','780817 5233 08 8','Taljaard','083 258 3965','South African','Marita','017 847 0025','Taljaard','082 494 3947','','2013-05-18','440204891','Francois',NULL,'',NULL,'',NULL,NULL,'',NULL,'','','','2009-07-18','0272257403',NULL,'',NULL,NULL,NULL,NULL,NULL,NULL,NULL,NULL,NULL,NULL,NULL,NULL,NULL,NULL,NULL,NULL,NULL,NULL,NULL,NULL,'Tal01',1,12000,'USD','USD',18000,'USD',0,'USD',0,'USD',0,'USD',258,NULL,NULL,NULL,NULL,NULL,NULL,NULL,NULL,NULL,NULL,NULL,'','','082 494 3947','','','',NULL,'Chris Taljaard','073 228 2680','','Male','','','King Edward Street 56 Chrissiesmeer 2332','','','','','',0,'South Africa','PO Box 56','2332','South Africa','Chrissiesmeer','Single','Mr','',NULL,NULL,NULL,'',NULL,NULL,NULL,'','',NULL,NULL,NULL,NULL,NULL,NULL,NULL,NULL,NULL,NULL,NULL,NULL,NULL,'','',NULL,NULL,NULL,NULL,'AME',NULL,NULL,NULL,NULL,'',NULL,NULL,NULL,NULL,NULL,NULL,NULL,NULL,'',NULL,NULL,NULL,NULL,NULL,NULL,NULL),(74,'Morne A. Wiid','10021764','Sydney, NSW','Australia','','','','Commenwealth Bank of Australia','','062144',NULL,'','','92 Darren Street Frenchs Forest Sydney Australia 2086','','','','','1970-07-11','mornewiid@bigpond.com','Morne','61294533534','','Wiid','61402139943','Australian','Ruth','61294533535','Akhurst','61294533534','Wife','2009-03-28','M5051842','Abram',NULL,'',NULL,'',NULL,NULL,'',NULL,'','','','2018-06-29','0272239120',NULL,'',NULL,NULL,NULL,NULL,NULL,NULL,NULL,NULL,NULL,NULL,NULL,NULL,NULL,NULL,NULL,NULL,NULL,NULL,NULL,NULL,'Wii01',1,30000,'USD','USD',0,'USD',15000,'USD',0,'USD',751125,'USD',259,NULL,NULL,NULL,NULL,NULL,NULL,NULL,NULL,NULL,NULL,NULL,'','Bill Akhurst','61294512530','Father in Law','','',NULL,'Ruth Marie Akhurst','61294533535','Wife','Male','61294533535','','92 Darren Street Frenchs Forest Sydney Australia 2086','','','','','William',2,'Australia','','','','','Married','Mr','',NULL,NULL,NULL,'',NULL,NULL,NULL,'','',NULL,NULL,NULL,NULL,NULL,NULL,NULL,NULL,NULL,NULL,NULL,NULL,NULL,'','',NULL,NULL,NULL,NULL,'ATPL',NULL,NULL,NULL,NULL,'',NULL,NULL,NULL,NULL,NULL,NULL,NULL,NULL,'European Benefits',NULL,NULL,NULL,NULL,NULL,NULL,NULL),(75,'Hugh A. Browne','596640884','Sunnybank Hills','Queensland','Australia','','','ANZ','','014286',NULL,'','ANZBAU3M','','','','','','1972-05-06','browne3000@yahoo.com','Tony','','7205065054080','Browne','074 827 9358','South African / Australian','Charles','044 382 7108','Browne','084 587 7445','Father','2016-03-22','459448822','Anthony',NULL,'',NULL,'',NULL,NULL,'',NULL,'','','','2009-05-10','0270492606',NULL,'',NULL,NULL,NULL,NULL,NULL,NULL,NULL,NULL,NULL,NULL,NULL,NULL,NULL,NULL,NULL,NULL,NULL,NULL,NULL,NULL,'Bro01',1,14000,'USD','USD',42000,'USD',15000,'USD',0,'USD',424100,'USD',260,NULL,NULL,NULL,NULL,NULL,NULL,NULL,NULL,NULL,NULL,NULL,'','Keith Lydon','+61 41899 6684','Cousin','','',NULL,'Charles Browne','084 587 7445','Father','Male','','+61 416 7675 77','','','','','','',0,'South Africa','PO Box 25','2061','South Africa','Bassonia','Single','Mr','',NULL,NULL,NULL,'',NULL,NULL,NULL,'','',NULL,NULL,NULL,NULL,NULL,NULL,NULL,NULL,NULL,NULL,NULL,NULL,NULL,'','55743108',NULL,NULL,NULL,NULL,'CPL',NULL,NULL,NULL,NULL,'',NULL,NULL,NULL,NULL,NULL,NULL,NULL,NULL,'HBA',NULL,NULL,NULL,NULL,NULL,NULL,NULL),(76,'Martin Visser','410275808','Centurion','Pretoria','South Africa','','','Standard Bank','','012645',NULL,'','SBZAZAJJ','374 9th Street AFB Langebaanweg Western Cape 7375','','','','','1976-09-29','watloovisser@gmail.com','Martin','','760929 5049 08 5','Visser','083 264 9401','South African','','','','','Wife','2011-10-22','431789156','',NULL,'',NULL,'',NULL,NULL,'',NULL,'','','','2009-06-18','0271018871',NULL,'',NULL,NULL,NULL,NULL,NULL,NULL,NULL,NULL,NULL,NULL,NULL,NULL,NULL,NULL,NULL,NULL,NULL,NULL,NULL,NULL,'Vis01',1,14000,'USD','USD',26000,'USD',0,'USD',0,'USD',392500,'USD',306,NULL,NULL,NULL,NULL,NULL,NULL,NULL,NULL,NULL,NULL,NULL,'','','','','','',NULL,'','','','Male','0865 151607','','','','','','','',0,'South Africa','PO Box 225','7380','South Africa','Vredenburg','','Mr','',NULL,NULL,NULL,'',NULL,NULL,NULL,'','',NULL,NULL,NULL,NULL,NULL,NULL,NULL,NULL,NULL,NULL,NULL,NULL,NULL,'','98103690PW',NULL,NULL,NULL,NULL,'CPL',NULL,NULL,NULL,NULL,'',NULL,NULL,NULL,NULL,NULL,NULL,NULL,NULL,'SA Airforce',NULL,NULL,NULL,NULL,NULL,NULL,NULL),(77,'Jacobus Oosthuysen','62111783298','Kwazulu Natal','South Africa','','','','First National Bank','','220629',NULL,'','FIRNZAJJ','32 The Lakes Mt Edgecombe 4301','','','','','1986-11-11','justjayhawk@yahoo.com','Jaco','031 502 5699','861111 5038 08 1','Oosthuysen','082 579 9373','South African','Kirsten','','Augustyn','082 319 3229','Girlfriend','1899-12-31','','Johannes',NULL,'',NULL,'',NULL,NULL,'',NULL,'','Charter Pilot','Virginia Airport','2018-08-13','0271065948',NULL,'',NULL,NULL,NULL,NULL,NULL,NULL,NULL,NULL,NULL,NULL,NULL,NULL,NULL,NULL,NULL,NULL,NULL,NULL,NULL,NULL,'Oos01',1,0,'USD','USD',15000,'USD',0,'USD',0,'USD',0,'USD',309,NULL,NULL,NULL,NULL,NULL,NULL,NULL,NULL,NULL,NULL,NULL,'','Paul','083 777 7273','Father','031 564 2237','031 571 6600',NULL,'Karin','083 777 7173','Mother','Male','','','22 The Curl Sunningdale 4051','','','','','',0,'','','','South Africa','','Single','Mr','Starlite Aviation (Pty) Ltd',NULL,NULL,NULL,'Operations',NULL,NULL,NULL,'','',NULL,NULL,NULL,NULL,NULL,NULL,NULL,NULL,NULL,NULL,NULL,NULL,NULL,'Fiona McCarthy','',NULL,NULL,NULL,NULL,'CPL',NULL,NULL,NULL,NULL,'',NULL,NULL,NULL,NULL,NULL,NULL,NULL,NULL,'',NULL,NULL,NULL,NULL,NULL,NULL,NULL),(78,'Johannes M. Snyman','38073570091','Mimosa Mall','c/o Kelner and Melville drive','Brandwag','South Africa','9301','ABSA Bank','','632005',NULL,'','ABSAZAJJ','7 Van Rippen Crescent','Fichardt Park','Bloemfontein','South Africa','','1978-03-27','mariussnyman1@hotmail.com','Johannes','','7803275043081','Snyman','+27836592940','South African','Estelle','','Snyman','+27827728456','Wife','2016-10-27','463546992','Marthinus',NULL,'',NULL,'',NULL,NULL,'',NULL,'','Puma AME','',NULL,'',NULL,'',NULL,NULL,NULL,NULL,NULL,NULL,NULL,NULL,NULL,NULL,NULL,NULL,NULL,NULL,NULL,NULL,NULL,NULL,NULL,NULL,'Sny01',1,12000,'USD','USD',18000,'USD',0,'USD',0,'USD',0,'USD',310,NULL,NULL,NULL,NULL,NULL,NULL,NULL,NULL,NULL,NULL,NULL,NULL,NULL,NULL,NULL,NULL,NULL,NULL,NULL,NULL,NULL,NULL,NULL,NULL,NULL,NULL,NULL,NULL,NULL,NULL,NULL,NULL,NULL,NULL,NULL,NULL,NULL,NULL,NULL,NULL,NULL,NULL,NULL,NULL,NULL,NULL,NULL,NULL,NULL,NULL,NULL,NULL,NULL,NULL,NULL,NULL,NULL,NULL,NULL,NULL,NULL,NULL,NULL,NULL,NULL,NULL,NULL,NULL,NULL,NULL,NULL,NULL,NULL,NULL,NULL,NULL,NULL,NULL,NULL,NULL,NULL,NULL,NULL,NULL,NULL,NULL,NULL,NULL,NULL),(79,'Johannes G. Basson','011750952','Gezina','Pretoria','South Africa','','','Standard Bank','','4845',NULL,'','SAZAZAJJ','632 Moot Street','Daspoort','Pretoria','South Africa','','1963-01-18','','Johannes','','6301185130081','Basson','+27828787270','South African','R.B.','+27123290056','Basson','','Father','2017-05-03','467833807','George',NULL,'',NULL,'',NULL,NULL,'',NULL,'','Puma AME','',NULL,'',NULL,'',NULL,NULL,NULL,NULL,NULL,NULL,NULL,NULL,NULL,NULL,NULL,NULL,NULL,NULL,NULL,NULL,NULL,NULL,NULL,NULL,'Bas02',1,12000,'USD','USD',18000,'USD',0,'USD',0,'USD',0,'USD',311,NULL,NULL,NULL,NULL,NULL,NULL,NULL,NULL,NULL,NULL,NULL,NULL,NULL,NULL,NULL,NULL,NULL,NULL,NULL,NULL,NULL,NULL,NULL,NULL,NULL,NULL,NULL,NULL,NULL,NULL,NULL,NULL,NULL,NULL,NULL,NULL,NULL,NULL,NULL,NULL,NULL,NULL,NULL,NULL,NULL,NULL,NULL,NULL,NULL,NULL,NULL,NULL,NULL,NULL,NULL,NULL,NULL,NULL,NULL,NULL,NULL,NULL,NULL,NULL,NULL,NULL,NULL,NULL,NULL,NULL,NULL,NULL,NULL,NULL,NULL,NULL,NULL,NULL,NULL,NULL,NULL,NULL,NULL,NULL,NULL,NULL,NULL,NULL,NULL),(80,'C.M. Broodryk','8066568826','Centurion','Pretoria','South Africa','','','ABSA Bank','','632005',NULL,'','ABSAZAJJ','12 Winterwood','268 Rhino Avenue','Hennopspark','Centurion','0157','1980-04-12','cmbtrinity@yahoo.com','Connan','','8004120083088','Broodryk','+27824623310','South African','G.H.','','Broodryk','+27823734123','Father','2012-01-10','432873368','Muriel',NULL,'',NULL,'',NULL,NULL,'',NULL,'','Puma Co-Pilot','Pretoria',NULL,'0271043655',NULL,'',NULL,NULL,NULL,NULL,NULL,NULL,NULL,NULL,NULL,NULL,NULL,NULL,NULL,NULL,NULL,NULL,NULL,NULL,NULL,NULL,'Bro02',1,37500,'USD','USD',0,'USD',15000,'USD',0,'USD',0,'USD',312,NULL,NULL,NULL,NULL,NULL,NULL,NULL,NULL,NULL,NULL,NULL,NULL,NULL,NULL,NULL,NULL,NULL,NULL,NULL,NULL,NULL,NULL,NULL,NULL,NULL,NULL,NULL,NULL,NULL,NULL,NULL,NULL,NULL,NULL,NULL,NULL,NULL,NULL,NULL,NULL,NULL,NULL,NULL,NULL,NULL,NULL,NULL,NULL,NULL,NULL,NULL,NULL,NULL,NULL,NULL,NULL,NULL,NULL,NULL,NULL,NULL,NULL,NULL,NULL,NULL,NULL,NULL,NULL,NULL,NULL,NULL,NULL,NULL,NULL,NULL,NULL,NULL,NULL,NULL,NULL,NULL,NULL,NULL,NULL,NULL,NULL,NULL,NULL,NULL),(81,'Gabriel S. van Vuuren','9212617325','Heidelberg','Gauteng','South Africa','','','ABSA Bank','','632005',NULL,'','ABSAZAJJ','80 DF Malan Street','Heidelberg','Gauteng','South Africa','','1984-10-18','','Gabriel','','8410185042085','van Vuuren','+27793260547','South African','C.','','van Vuuren','+27790253973','Wife','2009-10-12','01999777','Stefanus',NULL,'',NULL,'',NULL,NULL,'',NULL,'','Puma AME','',NULL,'',NULL,'',NULL,NULL,NULL,NULL,NULL,NULL,NULL,NULL,NULL,NULL,NULL,NULL,NULL,NULL,NULL,NULL,NULL,NULL,NULL,NULL,'Vuu01',1,10000,'USD','USD',0,'USD',0,'USD',0,'USD',0,'USD',313,NULL,NULL,NULL,NULL,NULL,NULL,NULL,NULL,NULL,NULL,NULL,NULL,NULL,NULL,NULL,NULL,NULL,NULL,NULL,NULL,NULL,NULL,NULL,NULL,NULL,NULL,NULL,NULL,NULL,NULL,NULL,NULL,NULL,NULL,NULL,NULL,NULL,NULL,NULL,NULL,NULL,NULL,NULL,NULL,NULL,NULL,NULL,NULL,NULL,NULL,NULL,NULL,NULL,NULL,NULL,NULL,NULL,NULL,NULL,NULL,NULL,NULL,NULL,NULL,NULL,NULL,NULL,NULL,NULL,NULL,NULL,NULL,NULL,NULL,NULL,NULL,NULL,NULL,NULL,NULL,NULL,NULL,NULL,NULL,NULL,NULL,NULL,NULL,NULL),(82,'Robert W. Braune','143148117','Walvis Bay','Namibia','','','','Standard Bank','082272','082172',NULL,'','SBNMNANX','Flat Von Luttwitz','Corner Sam Nujoma Drive and Nathaneil Maxuilili Street','Swakopmund','Namibia','','1982-11-04','angolabasemanager@starliteaviation.co.za','Robert','','82110410067','Braune','+264812054243','Namibian','J.','+26464204202','Braune','+264811242705','','2013-04-10','0225182','Walter',NULL,'',NULL,'',NULL,NULL,'',NULL,'','Angola Base Manager','',NULL,'',NULL,'',NULL,NULL,NULL,NULL,NULL,NULL,NULL,NULL,NULL,NULL,NULL,NULL,NULL,NULL,NULL,NULL,NULL,NULL,NULL,NULL,'Bra01',1,10000,'USD','USD',0,'USD',0,'USD',0,'USD',150000,'USD',362,NULL,NULL,NULL,NULL,NULL,NULL,NULL,NULL,NULL,NULL,NULL,NULL,NULL,NULL,NULL,NULL,NULL,NULL,NULL,NULL,NULL,NULL,NULL,NULL,NULL,NULL,NULL,NULL,NULL,NULL,NULL,NULL,NULL,NULL,NULL,NULL,NULL,NULL,NULL,NULL,NULL,NULL,NULL,NULL,NULL,NULL,NULL,NULL,NULL,NULL,NULL,NULL,NULL,NULL,NULL,NULL,NULL,NULL,NULL,NULL,NULL,NULL,NULL,NULL,NULL,NULL,NULL,NULL,NULL,NULL,NULL,NULL,NULL,NULL,NULL,NULL,NULL,NULL,NULL,NULL,NULL,NULL,NULL,NULL,NULL,NULL,NULL,NULL,NULL),(83,NULL,NULL,NULL,NULL,NULL,NULL,NULL,NULL,NULL,NULL,NULL,NULL,NULL,'','','','','',NULL,'','','','','','','','','','','','',NULL,'','',NULL,NULL,NULL,NULL,NULL,NULL,NULL,NULL,'','','',NULL,'',NULL,NULL,NULL,NULL,NULL,NULL,NULL,NULL,NULL,NULL,NULL,NULL,NULL,NULL,NULL,NULL,NULL,NULL,NULL,NULL,NULL,NULL,'Oli02',1,0,NULL,NULL,0,NULL,0,NULL,0,NULL,0,NULL,366,NULL,NULL,NULL,NULL,NULL,NULL,NULL,NULL,NULL,NULL,NULL,NULL,NULL,NULL,NULL,NULL,NULL,NULL,NULL,NULL,NULL,NULL,NULL,NULL,NULL,NULL,NULL,NULL,NULL,NULL,NULL,NULL,NULL,NULL,NULL,NULL,NULL,NULL,'',NULL,NULL,NULL,'',NULL,NULL,NULL,'','',NULL,NULL,NULL,NULL,NULL,NULL,NULL,NULL,NULL,'Grade 1','',NULL,'','','',NULL,NULL,NULL,NULL,'AME',NULL,NULL,NULL,NULL,'',NULL,NULL,NULL,NULL,NULL,'Grade 1',NULL,'Freelance','',NULL,NULL,NULL,NULL,NULL,NULL,NULL),(84,NULL,NULL,NULL,NULL,NULL,NULL,NULL,NULL,NULL,NULL,NULL,NULL,NULL,'','','','','',NULL,'bradgrafton@hotmail.com','Bradford','','','Grafton','+27829085501','','','','','','',NULL,'','',NULL,NULL,NULL,NULL,NULL,NULL,NULL,NULL,NULL,NULL,NULL,NULL,NULL,NULL,NULL,NULL,NULL,NULL,NULL,NULL,NULL,NULL,NULL,NULL,NULL,NULL,NULL,NULL,NULL,NULL,NULL,NULL,NULL,NULL,NULL,'Gra02',1,0,NULL,NULL,0,NULL,0,NULL,0,NULL,0,NULL,367,NULL,NULL,NULL,NULL,NULL,NULL,NULL,NULL,NULL,NULL,NULL,NULL,NULL,NULL,NULL,NULL,NULL,NULL,NULL,NULL,NULL,NULL,NULL,NULL,NULL,NULL,NULL,NULL,NULL,NULL,NULL,NULL,NULL,NULL,NULL,NULL,NULL,NULL,NULL,NULL,NULL,NULL,NULL,NULL,NULL,NULL,NULL,NULL,NULL,NULL,NULL,NULL,NULL,NULL,NULL,NULL,NULL,NULL,NULL,NULL,NULL,NULL,NULL,NULL,NULL,NULL,NULL,NULL,NULL,NULL,NULL,NULL,NULL,NULL,NULL,NULL,NULL,NULL,NULL,NULL,NULL,NULL,NULL,NULL,NULL,NULL,NULL,NULL,NULL),(85,'K.A. Springett','62085307455','Westville','Kwazulu Natal','South Africa','','','First National Bank','','223526',NULL,'','FIRNZAJJ','46 Clifton Reynes','Clifton Hill Estate','51 Acutts Drive','Hilcrest','3610','1979-07-17','jasonlobo@webmail.co.za','Jason','','7907175106086','Springett','+27828783665','South African','Kirsty A.','+27835989888','Springett','','Wife','2018-06-17','477515494','Kentish',NULL,'',NULL,'','2009-10-21',NULL,'','2008-11-25','','Puma Co-Pilot','Durban',NULL,'',NULL,'',NULL,NULL,NULL,NULL,NULL,NULL,NULL,NULL,NULL,NULL,NULL,NULL,NULL,NULL,NULL,NULL,NULL,NULL,NULL,NULL,'Spr01',1,10000,'USD','USD',40000,'USD',15000,'USD',0,'USD',0,'USD',428,NULL,NULL,NULL,NULL,NULL,NULL,NULL,NULL,NULL,NULL,NULL,NULL,NULL,NULL,NULL,NULL,NULL,NULL,NULL,NULL,NULL,NULL,NULL,NULL,NULL,NULL,NULL,NULL,NULL,NULL,NULL,NULL,NULL,NULL,NULL,NULL,NULL,NULL,NULL,NULL,NULL,NULL,NULL,NULL,NULL,NULL,NULL,NULL,NULL,NULL,NULL,NULL,NULL,NULL,NULL,NULL,NULL,NULL,NULL,NULL,NULL,NULL,NULL,NULL,NULL,NULL,NULL,NULL,NULL,NULL,NULL,NULL,NULL,NULL,NULL,NULL,NULL,NULL,NULL,NULL,NULL,NULL,NULL,NULL,NULL,NULL,NULL,NULL,NULL),(86,'Canine Trust','053447034','Umhlanga Ridge','Umhlanga','South Africa','','','Standard Bank','','057829',NULL,'','SBZAZAJJ','4 Essenhurst Estate','270 Ridge Road','Berea','Durban','4001','1972-03-30','mclaren@vodamail.co.za','Wayne','','7203305223086','Mc Laren','+27824907891','South African','Lee-Ann','','Mc Laren','+27836330847','Wife','2010-02-15','700299889','Ralph',NULL,'',NULL,'',NULL,NULL,'',NULL,'','Puma Co-Pilot','Durban',NULL,'',NULL,'',NULL,NULL,NULL,NULL,NULL,NULL,NULL,NULL,NULL,NULL,NULL,NULL,NULL,NULL,NULL,NULL,NULL,NULL,NULL,NULL,'Lar01',1,40000,'USD','USD',0,'USD',15000,'USD',0,'USD',0,'USD',429,NULL,NULL,NULL,NULL,NULL,NULL,NULL,NULL,NULL,NULL,NULL,NULL,NULL,NULL,NULL,NULL,NULL,NULL,NULL,NULL,NULL,NULL,NULL,NULL,NULL,NULL,NULL,NULL,NULL,NULL,NULL,NULL,NULL,NULL,NULL,NULL,NULL,NULL,NULL,NULL,NULL,NULL,NULL,NULL,NULL,NULL,NULL,NULL,NULL,NULL,NULL,NULL,NULL,NULL,NULL,NULL,NULL,NULL,NULL,NULL,NULL,NULL,NULL,NULL,NULL,NULL,NULL,NULL,NULL,NULL,NULL,NULL,NULL,NULL,NULL,NULL,NULL,NULL,NULL,NULL,NULL,NULL,NULL,NULL,NULL,NULL,NULL,NULL,NULL),(87,'W.H. Steyn','0272352810','Brackenfell','Cape Town','7560','','','Standard Bank','','051001',NULL,'','SBZAZAJJ','31 Kleinzee Street','Brackenfell','Cape Town','7560','','1953-04-26','stennies@telkomsa.net','Willem','+27219813284','5304265051087','Steyn','+27827881389','South African','Lesley Willene','+27219813284','Steyn','+27824712271','Wife','2017-08-05','469464416','Hendrik',NULL,'',NULL,'',NULL,NULL,'','2009-01-01','','Permanent AME','Cape Town',NULL,'',NULL,'',NULL,NULL,NULL,NULL,NULL,NULL,NULL,NULL,NULL,NULL,NULL,NULL,NULL,NULL,NULL,NULL,NULL,NULL,NULL,NULL,'Ste01',1,30000,'USD','USD',15000,'USD',0,'USD',0,'USD',416667,'USD',430,NULL,NULL,NULL,NULL,NULL,NULL,NULL,NULL,NULL,NULL,NULL,NULL,NULL,NULL,NULL,NULL,NULL,NULL,NULL,NULL,NULL,NULL,NULL,NULL,NULL,NULL,NULL,NULL,NULL,NULL,NULL,NULL,NULL,NULL,NULL,NULL,NULL,NULL,NULL,NULL,NULL,NULL,NULL,NULL,NULL,NULL,NULL,NULL,NULL,NULL,NULL,NULL,NULL,NULL,NULL,NULL,NULL,NULL,NULL,NULL,NULL,NULL,NULL,NULL,NULL,NULL,NULL,NULL,NULL,NULL,NULL,NULL,NULL,NULL,NULL,NULL,NULL,NULL,NULL,NULL,NULL,NULL,NULL,NULL,NULL,NULL,NULL,NULL,NULL),(88,'Robert Daneel','051163187','Hillcrest','Kwazulu Natal','South Africa','','','Standard Bank','','045726',NULL,'','SBZAZAJJ','58 Clifton Mews','Clifton Hill Estate','Hillcrest','','','1973-02-18','robd@starliteaviation.co.za','Robert','NA','7302185165084','Daneel','082 926 6423','South African','Megan','NA','Daneel','082 541 2058','Wife',NULL,'425901265','Graham',NULL,'',NULL,'',NULL,NULL,'','2008-12-16','','Co-Pilot','',NULL,'',NULL,'',NULL,NULL,NULL,NULL,NULL,NULL,NULL,NULL,NULL,NULL,NULL,NULL,NULL,NULL,NULL,NULL,NULL,NULL,NULL,NULL,'Dan01',1,0,'USD','USD',40000,'USD',0,'USD',0,'USD',0,'USD',431,NULL,NULL,NULL,NULL,NULL,NULL,NULL,NULL,NULL,NULL,NULL,NULL,NULL,NULL,NULL,NULL,NULL,NULL,NULL,NULL,NULL,NULL,NULL,NULL,NULL,NULL,NULL,NULL,NULL,NULL,NULL,NULL,NULL,NULL,NULL,NULL,NULL,NULL,NULL,NULL,NULL,NULL,NULL,NULL,NULL,NULL,NULL,NULL,NULL,NULL,NULL,NULL,NULL,NULL,NULL,NULL,NULL,NULL,NULL,NULL,NULL,NULL,NULL,NULL,NULL,NULL,NULL,NULL,NULL,NULL,NULL,NULL,NULL,NULL,NULL,NULL,NULL,NULL,NULL,NULL,NULL,NULL,NULL,NULL,NULL,NULL,NULL,NULL,NULL),(89,'Llewellyn Venter','4071257157','La Lucia branch','Durban North','South Africa','','','Absa bank','','632005',NULL,'','ABSAZAJJ','17A Monteith Place','Durban North','South Africa','4016','','1968-04-12','llewellyn.venter@hotmail.com','Llewellyn','','6804125155084','Venter','+27844889619','South African','Thys / Jacques','','','+27824593869','','2017-09-30','470748147','',NULL,'',NULL,'',NULL,NULL,'',NULL,'','AME','',NULL,'',NULL,'',NULL,NULL,NULL,NULL,NULL,NULL,NULL,NULL,NULL,NULL,NULL,NULL,NULL,NULL,NULL,NULL,NULL,NULL,NULL,NULL,'Ven02',1,12000,'USD','USD',18000,'USD',0,'USD',0,'USD',0,'USD',432,NULL,NULL,NULL,NULL,NULL,NULL,NULL,NULL,NULL,NULL,NULL,NULL,NULL,NULL,NULL,NULL,NULL,NULL,NULL,NULL,NULL,NULL,NULL,NULL,NULL,NULL,NULL,NULL,NULL,NULL,NULL,NULL,NULL,NULL,NULL,NULL,NULL,NULL,NULL,NULL,NULL,NULL,NULL,NULL,NULL,NULL,NULL,NULL,NULL,NULL,NULL,NULL,NULL,NULL,NULL,NULL,NULL,NULL,NULL,NULL,NULL,NULL,NULL,NULL,NULL,NULL,NULL,NULL,NULL,NULL,NULL,NULL,NULL,NULL,NULL,NULL,NULL,NULL,NULL,NULL,NULL,NULL,NULL,NULL,NULL,NULL,NULL,NULL,NULL),(90,NULL,NULL,NULL,NULL,NULL,NULL,NULL,NULL,NULL,NULL,NULL,NULL,NULL,'','','','','',NULL,'','','','','','','','','','','','',NULL,'','',NULL,NULL,NULL,NULL,NULL,NULL,NULL,NULL,'','','',NULL,'',NULL,NULL,NULL,NULL,NULL,NULL,NULL,NULL,NULL,NULL,NULL,NULL,NULL,NULL,NULL,NULL,NULL,NULL,NULL,NULL,NULL,NULL,'Ven03',1,0,NULL,NULL,0,NULL,0,NULL,0,NULL,0,NULL,433,NULL,NULL,NULL,NULL,NULL,NULL,NULL,NULL,NULL,NULL,NULL,NULL,NULL,NULL,NULL,NULL,NULL,NULL,NULL,NULL,NULL,NULL,NULL,NULL,NULL,NULL,NULL,NULL,NULL,NULL,NULL,NULL,NULL,NULL,NULL,NULL,NULL,NULL,'',NULL,NULL,NULL,'',NULL,NULL,NULL,'','',NULL,NULL,NULL,NULL,NULL,NULL,NULL,NULL,NULL,'Grade 1','',NULL,'','','',NULL,NULL,NULL,NULL,'AME',NULL,NULL,NULL,NULL,'',NULL,NULL,NULL,NULL,NULL,'Grade 1',NULL,'Freelance','',NULL,NULL,NULL,NULL,NULL,NULL,NULL),(91,'Thomas Moss','275967425','Bayside Centre','Table View','Cape Town','South Africa','7441','Standard Bank','','022209',NULL,'','SBZAZAJJ','18 Weaver Street','Table View','Cape Town','South Africa','','1966-07-06','tm@mosscoza.com','Thomas','','5009547844','Moss','+27722882228','Deutsch','Georg','+491725163921','Moss','','Brother','2012-05-21','5003761631','Hermann',NULL,'',NULL,'',NULL,NULL,'',NULL,'','Base Manager','',NULL,'',NULL,'',NULL,NULL,NULL,NULL,NULL,NULL,NULL,NULL,NULL,NULL,NULL,NULL,NULL,NULL,NULL,NULL,NULL,NULL,NULL,NULL,'Mos01',1,0,'USD','USD',14516,'USD',0,'USD',0,'USD',450000,'USD',434,NULL,NULL,NULL,NULL,NULL,NULL,NULL,NULL,NULL,NULL,NULL,NULL,NULL,NULL,NULL,NULL,NULL,NULL,NULL,NULL,NULL,NULL,NULL,NULL,NULL,NULL,NULL,NULL,NULL,NULL,NULL,NULL,NULL,NULL,NULL,NULL,NULL,NULL,NULL,NULL,NULL,NULL,NULL,NULL,NULL,NULL,NULL,NULL,NULL,NULL,NULL,NULL,NULL,NULL,NULL,NULL,NULL,NULL,NULL,NULL,NULL,NULL,NULL,NULL,NULL,NULL,NULL,NULL,NULL,NULL,NULL,NULL,NULL,NULL,NULL,NULL,NULL,NULL,NULL,NULL,NULL,NULL,NULL,NULL,NULL,NULL,NULL,NULL,NULL),(92,'Roelof Vlieland','072542144','Clanwilliam Branch','Clanwilliam','South Africa','','','Standard Bank','','051001',NULL,'','SBZAZAJJ','858 Haarhof Street','Rietfontein','Pretoria','Gauteng','South Africa','1971-02-17','vielies@mweb.co.za','Roelof','','7102175234084','Vlieland','+27829249540','South African','Roelof','+27123314128','Vlieland','','Father','2009-10-14','420017457','',NULL,'',NULL,'',NULL,NULL,'',NULL,'','Aircraft Maintenance Engineer','',NULL,'',NULL,'',NULL,NULL,NULL,NULL,NULL,NULL,NULL,NULL,NULL,NULL,NULL,NULL,NULL,NULL,NULL,NULL,NULL,NULL,NULL,NULL,'Vli01',1,12000,'USD','USD',18000,'USD',0,'USD',0,'USD',0,'USD',435,NULL,NULL,NULL,NULL,NULL,NULL,NULL,NULL,NULL,NULL,NULL,NULL,NULL,NULL,NULL,NULL,NULL,NULL,NULL,NULL,NULL,NULL,NULL,NULL,NULL,NULL,NULL,NULL,NULL,NULL,NULL,NULL,NULL,NULL,NULL,NULL,NULL,NULL,NULL,NULL,NULL,NULL,NULL,NULL,NULL,NULL,NULL,NULL,NULL,NULL,NULL,NULL,NULL,NULL,NULL,NULL,NULL,NULL,NULL,NULL,NULL,NULL,NULL,NULL,NULL,NULL,NULL,NULL,NULL,NULL,NULL,NULL,NULL,NULL,NULL,NULL,NULL,NULL,NULL,NULL,NULL,NULL,NULL,NULL,NULL,NULL,NULL,NULL,NULL),(93,'Paul Louis Rontgen','9056129186','','','','','','Absa bank','','632005',NULL,'','ABSAZAJJ','Umdloti Beach, No 14','South Beach Road','KZN','South Africa','','1981-08-26','rontgen@mweb.co.za','Paul','+27315681601','8108265040082','Rontgen','+27827776973','South African','Louis','','Rontgen','+27827776927','Father','2018-10-27','480860860','Louis',NULL,'',NULL,'',NULL,NULL,'','2008-12-01','','B407 Captain','',NULL,'',NULL,'',NULL,NULL,NULL,NULL,NULL,NULL,NULL,NULL,NULL,NULL,NULL,NULL,NULL,NULL,NULL,NULL,NULL,NULL,NULL,NULL,'Ron01',1,25000,'USD','USD',0,'USD',15000,'USD',0,'USD',0,'USD',487,NULL,NULL,NULL,NULL,NULL,NULL,NULL,NULL,NULL,NULL,NULL,NULL,NULL,NULL,NULL,NULL,NULL,NULL,NULL,NULL,NULL,NULL,NULL,NULL,NULL,NULL,NULL,NULL,NULL,NULL,NULL,NULL,NULL,NULL,NULL,NULL,NULL,NULL,NULL,NULL,NULL,NULL,NULL,NULL,NULL,NULL,NULL,NULL,NULL,NULL,NULL,NULL,NULL,NULL,NULL,NULL,NULL,NULL,NULL,NULL,NULL,NULL,NULL,NULL,NULL,NULL,NULL,NULL,NULL,NULL,NULL,NULL,NULL,NULL,NULL,NULL,NULL,NULL,NULL,NULL,NULL,NULL,NULL,NULL,NULL,NULL,NULL,NULL,NULL),(94,NULL,NULL,NULL,NULL,NULL,NULL,NULL,NULL,NULL,NULL,NULL,NULL,NULL,'PO Box 53436','Wierdapark, 0149','28 Stanger Street','Eldoraigne X18','Centurion','1961-12-25','jacqueshugo@vodamail.co.za','Jacques','012 653 3458','6112255144088','Hugo','082 468 9246','South African','','','','','',NULL,'438101045','Douglas',NULL,'',NULL,'',NULL,NULL,'','2009-02-15','','Puma Captain','',NULL,'',NULL,'',NULL,NULL,NULL,NULL,NULL,NULL,NULL,NULL,NULL,NULL,NULL,NULL,NULL,NULL,NULL,NULL,NULL,NULL,NULL,NULL,'Hug01',1,0,'USD','USD',21500,'USD',0,'USD',0,'USD',625725,'USD',508,NULL,NULL,NULL,NULL,NULL,NULL,NULL,NULL,NULL,NULL,NULL,NULL,NULL,NULL,NULL,NULL,NULL,NULL,NULL,NULL,NULL,NULL,NULL,NULL,NULL,NULL,NULL,NULL,NULL,NULL,NULL,NULL,NULL,NULL,NULL,NULL,NULL,NULL,NULL,NULL,NULL,NULL,NULL,NULL,NULL,NULL,NULL,NULL,NULL,NULL,NULL,NULL,NULL,NULL,NULL,NULL,NULL,NULL,NULL,NULL,NULL,NULL,NULL,NULL,NULL,NULL,NULL,NULL,NULL,NULL,NULL,NULL,NULL,NULL,NULL,NULL,NULL,NULL,NULL,NULL,NULL,NULL,NULL,NULL,NULL,NULL,NULL,NULL,NULL),(95,'D.W. Petersen','251158624','17 Broadway','Durban North','','','','Standard Bank','','042826',NULL,'','SBZAZAJJ','15 Glenashley Heights','38 Newport Av','Glenashley','','','1973-09-19','daveptsn@hotmail.com','David','N/A','7309195210081','Petersen','0823354996','South African','Sharn','','Brummer','083 231 6989','Mother',NULL,'','Walter',NULL,'',NULL,'',NULL,NULL,'','2009-02-02','','Adhoc Co-Pilot','',NULL,'',NULL,'',NULL,NULL,NULL,NULL,NULL,NULL,NULL,NULL,NULL,NULL,NULL,NULL,NULL,NULL,NULL,NULL,NULL,NULL,NULL,NULL,'Pet01',1,0,'USD','USD',25000,'USD',15000,'USD',0,'USD',0,'USD',509,NULL,NULL,NULL,NULL,NULL,NULL,NULL,NULL,NULL,NULL,NULL,NULL,NULL,NULL,NULL,NULL,NULL,NULL,NULL,NULL,NULL,NULL,NULL,NULL,NULL,NULL,NULL,NULL,NULL,NULL,NULL,NULL,NULL,NULL,NULL,NULL,NULL,NULL,NULL,NULL,NULL,NULL,NULL,NULL,NULL,NULL,NULL,NULL,NULL,NULL,NULL,NULL,NULL,NULL,NULL,NULL,NULL,NULL,NULL,NULL,NULL,NULL,NULL,NULL,NULL,NULL,NULL,NULL,NULL,NULL,NULL,NULL,NULL,NULL,NULL,NULL,NULL,NULL,NULL,NULL,NULL,NULL,NULL,NULL,NULL,NULL,NULL,NULL,NULL),(96,NULL,NULL,NULL,NULL,NULL,NULL,NULL,NULL,NULL,NULL,NULL,NULL,NULL,'16','Montgomery Drive','Mt Edgecombe','Estate 2','','1991-03-22','sueabs@gns.co.za','Andrew','+27 31 502 6493','910322 5283 08 7','Abernethy','082 923 6001','South African','Sue','031 502 6493','Abernethy','082 871 2529','Mother','2010-11-18','456498523','','2009-12-31',NULL,'2009-12-31',NULL,'2009-04-30',NULL,NULL,NULL,'','Pilot','','2010-01-16','0272272709',NULL,NULL,NULL,NULL,NULL,NULL,NULL,NULL,NULL,NULL,NULL,NULL,NULL,NULL,NULL,NULL,NULL,NULL,NULL,NULL,NULL,NULL,'And01',1,0,'','',0,'',0,'',0,'',0,'',566,NULL,NULL,NULL,NULL,NULL,NULL,NULL,NULL,NULL,NULL,NULL,'','Graeme','083 265 7155','','','',NULL,'Sue Abernethy','082 871 2529','Mother','Male','031 502 5456','','16','Montgomery Drive','Mt Edgecombe','Estate 2','','',0,'South Africa','PO Box 915','4320','South Africa','Umhlanga Rocks','Single','Mr','',NULL,NULL,NULL,'',NULL,NULL,NULL,'','',NULL,NULL,NULL,NULL,NULL,NULL,NULL,NULL,NULL,'Grade 1','',NULL,'','','120207070',NULL,NULL,NULL,NULL,'AME',NULL,NULL,NULL,NULL,'',NULL,NULL,NULL,NULL,NULL,'Grade 1',NULL,'Permanent','Discovery','',NULL,NULL,NULL,NULL,NULL,NULL),(97,NULL,NULL,NULL,NULL,NULL,NULL,NULL,NULL,NULL,NULL,NULL,NULL,NULL,'7 Carradene Beulah Hill Mt Edgecombe Country Club Estate','','','','','1988-01-10','kyle.a@iafrica.com','Kyle','031 539 3379','880110 5012 08 5','Aitken','084 440 3711',NULL,'Bryan','031 502 1797','Aitken','082 490 2602',NULL,'2016-10-30','463729760',NULL,NULL,NULL,NULL,NULL,'2009-03-31',NULL,NULL,NULL,'','','','2009-08-31','0272206806',NULL,NULL,NULL,NULL,NULL,NULL,NULL,NULL,NULL,NULL,NULL,NULL,NULL,NULL,NULL,NULL,NULL,NULL,NULL,NULL,NULL,NULL,'Kyl01',1,0,NULL,NULL,0,NULL,0,NULL,0,NULL,0,NULL,573,NULL,NULL,NULL,NULL,NULL,NULL,NULL,NULL,NULL,NULL,NULL,'','Louise Young-Thompson','084 502 3228','','','',NULL,'Bryan Aitken','082 490 2602','','Male','','','7 Carradene Beulah Hill Mt Edgecombe Country Club Estate','','','','','',0,'South Africa','PO Box 1691','','South Africa','Mt Edgecombe COuntry Club Estate','Single','Mr','',NULL,NULL,NULL,'',NULL,NULL,NULL,'South Africa','20220006F9BD',NULL,NULL,NULL,NULL,NULL,NULL,NULL,NULL,NULL,NULL,NULL,NULL,NULL,'','2612300',NULL,NULL,NULL,NULL,'PPL',NULL,NULL,NULL,NULL,'',NULL,NULL,NULL,NULL,NULL,NULL,NULL,NULL,'Discovery',NULL,NULL,NULL,NULL,NULL,NULL,NULL),(98,NULL,NULL,NULL,NULL,NULL,NULL,NULL,NULL,NULL,NULL,NULL,NULL,NULL,'9 Redwood Crescent Glen Anil Durban North','','','','','1983-12-28','trishaa@starliteaviation.co.za','Trisha','031 562 8078','831228 0102 08 9','Andhee','082 923 6584',NULL,'Pradeep','031 562 8078','Andhee','082 899 3125',NULL,'1899-12-31','',NULL,NULL,NULL,NULL,NULL,'1899-12-31',NULL,NULL,NULL,'','Marketing Co-Ordinator','Virginia Airport','1899-12-31','',NULL,NULL,NULL,NULL,NULL,NULL,NULL,NULL,NULL,NULL,NULL,NULL,NULL,NULL,NULL,NULL,NULL,NULL,NULL,NULL,NULL,NULL,'Tri01',1,0,NULL,NULL,0,NULL,0,NULL,0,NULL,0,NULL,576,NULL,NULL,NULL,NULL,NULL,NULL,NULL,NULL,NULL,NULL,NULL,'','Verona','084 207 7398','Sister','031 564 2237','031 571 6600',NULL,'Pradeep','082 899 3125','Husband','Female','','','9 Redwood Crescent Glen Anil Durban North','','','','','Aaron',1,'','','','','','Married','Mrs','Starlite Aviation (Pty) Ltd',NULL,NULL,NULL,'Marketing',NULL,NULL,NULL,'South Africa','20080025G3F7',NULL,NULL,NULL,NULL,NULL,NULL,NULL,NULL,NULL,NULL,NULL,NULL,NULL,'','62783290',NULL,NULL,NULL,NULL,'',NULL,NULL,NULL,NULL,'6634',NULL,NULL,NULL,NULL,NULL,NULL,NULL,NULL,'Discovery',NULL,NULL,NULL,NULL,NULL,NULL,NULL),(99,NULL,NULL,NULL,NULL,NULL,NULL,NULL,NULL,NULL,NULL,NULL,NULL,NULL,'26 Bulwer Avenue Eshowe 3815','x','x','x','','1988-11-10','skaap@live.co.za','Ernest','x','881110 5194 08 0','Andrews','078 948 8391','x','Ileen','035 474 1420','Andrews','083 672 0231','x','1899-12-31','','',NULL,NULL,NULL,NULL,'2010-01-10',NULL,NULL,NULL,'','','','2010-04-28','0272285081',NULL,NULL,NULL,NULL,NULL,NULL,NULL,NULL,NULL,NULL,NULL,NULL,NULL,NULL,NULL,NULL,NULL,NULL,NULL,NULL,NULL,NULL,'Ern01',1,0,NULL,NULL,0,NULL,0,NULL,0,NULL,0,NULL,562,NULL,NULL,NULL,NULL,NULL,NULL,NULL,NULL,NULL,NULL,NULL,'','Stanley Andrews','076 931 9981','Brother','','',NULL,'Ileen Andrews','083 672 0231','Mother','Male','','','26 Bulwer Avenue Eshowe 3815','x','x','x','','',0,'','PO Box 135','3815','South Africa','Eshowe','Single','Mr','',NULL,NULL,NULL,'',NULL,NULL,NULL,'South Africa','2013001409W',NULL,NULL,NULL,NULL,NULL,NULL,NULL,NULL,NULL,NULL,NULL,NULL,NULL,'','3527204',NULL,NULL,NULL,NULL,'SPL',NULL,NULL,NULL,NULL,'',NULL,NULL,NULL,NULL,NULL,NULL,NULL,NULL,'Profmed','',NULL,NULL,NULL,NULL,NULL,NULL),(100,NULL,NULL,NULL,NULL,NULL,NULL,NULL,NULL,NULL,NULL,NULL,NULL,NULL,'45  William Campbell Drive La Lucia Durban 4051','','','','','1962-09-30','CharlesB@starliteaviation.co.za','Charles','27315727235','Nil','Bell','27726071610',NULL,'Louise','27315727235','Bell','27726071609',NULL,'2012-12-01','740219612',NULL,NULL,NULL,NULL,NULL,'2008-03-04',NULL,NULL,NULL,'','Head of Flight Operations','Virginia Airport','2008-03-04','0270502396',NULL,NULL,NULL,NULL,NULL,NULL,NULL,NULL,NULL,NULL,NULL,NULL,NULL,NULL,NULL,NULL,NULL,NULL,NULL,NULL,NULL,NULL,'Cha02',1,0,NULL,NULL,0,NULL,0,NULL,0,NULL,0,NULL,575,NULL,NULL,NULL,NULL,NULL,NULL,NULL,NULL,NULL,NULL,NULL,'charliezulu@ionaccess.co.za','Alex Bell','2634794646','Sister','27315716610','27315716600',NULL,'Louise Bell','27726071609','Wife','Male','27315727235','','45  William Campbell Drive La Lucia Durban 4051','','','','','Dion',2,'United Kindom','PO 20476','4016','South Africa','Durban North','Married','Mr','Starlite Aviation (Pty) Ltd',NULL,NULL,NULL,'Head Office',NULL,NULL,NULL,'','',NULL,NULL,NULL,NULL,NULL,NULL,NULL,NULL,NULL,NULL,NULL,NULL,NULL,'Barry Duff','130628491',NULL,NULL,NULL,NULL,'CPL',NULL,NULL,NULL,NULL,'6604',NULL,NULL,NULL,NULL,NULL,NULL,NULL,NULL,'Discovery',NULL,NULL,NULL,NULL,NULL,NULL,NULL),(101,NULL,NULL,NULL,NULL,NULL,NULL,NULL,NULL,NULL,NULL,NULL,NULL,NULL,'84 Orange Grove Park Hill Durban North Postnet Suite 421','','','','','1979-03-09','','Xander','','790309 5123 08 7','Bellingan','082 698 7906',NULL,'Irma','','Bellingan','079 868 7150',NULL,'1899-12-31','',NULL,NULL,NULL,NULL,NULL,'1899-12-31',NULL,NULL,NULL,'','AME Apprentice','Virginia Airport','1899-12-31','',NULL,NULL,NULL,NULL,NULL,NULL,NULL,NULL,NULL,NULL,NULL,NULL,NULL,NULL,NULL,NULL,NULL,NULL,NULL,NULL,NULL,NULL,'Xan01',1,0,NULL,NULL,0,NULL,0,NULL,0,NULL,0,NULL,574,NULL,NULL,NULL,NULL,NULL,NULL,NULL,NULL,NULL,NULL,NULL,'','Athena','072 316 8438','Sister','031 571 6626','031 571 6600',NULL,'Irma','079 868 7150','Mother','Male','','','1001 Unit 3 The Wilds Pretoria East','','','','','',0,'','Private Bag X18','40','South Africa','Lynwood Ridge','Single','Mr','Starlite Aviation (Pty) Ltd',NULL,NULL,NULL,'Maintenance',NULL,NULL,NULL,'','',NULL,NULL,NULL,NULL,NULL,NULL,NULL,NULL,NULL,NULL,NULL,NULL,NULL,'Wimpie Rheeder','',NULL,NULL,NULL,NULL,'',NULL,NULL,NULL,NULL,'',NULL,NULL,NULL,NULL,NULL,NULL,NULL,NULL,'',NULL,NULL,NULL,NULL,NULL,NULL,NULL),(102,NULL,NULL,NULL,NULL,NULL,NULL,NULL,NULL,NULL,NULL,NULL,NULL,NULL,'15 Springtide 58 Beach Road Amanzimtoti','','','','','1987-01-23','christo.beukes@yahoo.com','Christo','031 903 8701','870123 5140 08 9','Beukes','072 347 9237',NULL,'Tersia','031 903 8701','Beukes','071 514 5980',NULL,'2013-11-09','443184493',NULL,NULL,NULL,NULL,NULL,'2009-05-31',NULL,NULL,NULL,'','','','2010-10-31','0272204611',NULL,NULL,NULL,NULL,NULL,NULL,NULL,NULL,NULL,NULL,NULL,NULL,NULL,NULL,NULL,NULL,NULL,NULL,NULL,NULL,NULL,NULL,'Chr01',1,0,NULL,NULL,0,NULL,0,NULL,0,NULL,0,NULL,579,NULL,NULL,NULL,NULL,NULL,NULL,NULL,NULL,NULL,NULL,NULL,'','Tersia Beukes','071 514 5980','','','',NULL,'Henry Beukes','082 552 9831','','Male','','071 514 5980','15 Springtide 58 Beach Road Amanzimtoti','','','','','',0,'South Africa','','','','','Single','Mr','',NULL,NULL,NULL,'',NULL,NULL,NULL,'South Africa','2052000256DL',NULL,NULL,NULL,NULL,NULL,NULL,NULL,NULL,NULL,NULL,NULL,NULL,NULL,'','266905451',NULL,NULL,NULL,NULL,'PPL',NULL,NULL,NULL,NULL,'',NULL,NULL,NULL,NULL,NULL,NULL,NULL,NULL,'Discovery',NULL,NULL,NULL,NULL,NULL,NULL,NULL),(103,NULL,NULL,NULL,NULL,NULL,NULL,NULL,NULL,NULL,NULL,NULL,NULL,NULL,'12 Blourant 10 Willow Road Blouberg 7441','','','','','1964-12-01','fboekooi@vodamail.co.za','Frank','012 361 3913','641201 5125 08 2','Boekooi','082 397 4307',NULL,'CJ','012 361 3913','Boekooi','',NULL,'2010-08-07','425219429',NULL,NULL,NULL,NULL,NULL,'1900-01-00',NULL,NULL,NULL,'','AME','','2010-07-25','027 201 7773',NULL,NULL,NULL,NULL,NULL,NULL,NULL,NULL,NULL,NULL,NULL,NULL,NULL,NULL,NULL,NULL,NULL,NULL,NULL,NULL,NULL,NULL,'Fra01',1,NULL,NULL,NULL,NULL,NULL,NULL,NULL,NULL,NULL,NULL,NULL,NULL,NULL,NULL,NULL,NULL,NULL,NULL,NULL,NULL,NULL,NULL,NULL,'','','','','','',NULL,'','','','Male','','','','','','','','',0,'South Africa','12 Blourant','7441','South Africa',' 10 Willow Road Blouberg','Married','Mr','Starlite Aviation (Pty) Ltd',NULL,NULL,NULL,'Operations',NULL,NULL,NULL,'','',NULL,NULL,NULL,NULL,NULL,NULL,NULL,NULL,NULL,NULL,NULL,NULL,NULL,'','',NULL,NULL,NULL,NULL,'AME',NULL,NULL,NULL,NULL,'',NULL,NULL,NULL,NULL,NULL,NULL,NULL,NULL,'SA National Defence Force Medical',NULL,NULL,NULL,NULL,NULL,NULL,NULL),(104,NULL,NULL,NULL,NULL,NULL,NULL,NULL,NULL,NULL,NULL,NULL,NULL,NULL,'2 Cunard Close 3 Cunard Place Morningside Durban','','','','','1961-12-31','georgeb@starliteaviation.co.za','George','031 207 5424','611231 5063 08 8','Booysens','083 785 5752',NULL,'Eleanor','031 207 5424','Booysens','073 702 0889',NULL,'1900-01-00','',NULL,NULL,NULL,NULL,NULL,'1900-01-00',NULL,NULL,NULL,'','Admin Manager','Virginia Airport','1900-01-00','',NULL,NULL,NULL,NULL,NULL,NULL,NULL,NULL,NULL,NULL,NULL,NULL,NULL,NULL,NULL,NULL,NULL,NULL,NULL,NULL,NULL,NULL,'Geo01',1,NULL,NULL,NULL,NULL,NULL,NULL,NULL,NULL,NULL,NULL,NULL,NULL,NULL,NULL,NULL,NULL,NULL,NULL,NULL,NULL,NULL,NULL,NULL,'','Ricky','084 510 6636','Friend','086 646 3619','031 571 6600',NULL,'Eleanor','073 702 0889','Wife','Male','031 207 5404','','2 Cunard Close 3 Cunard Place Morningside Durban','','','','','Aimee',1,'','','','','','Married','Mr','Starlite Aviation (Pty) Ltd',NULL,NULL,NULL,'Accounts',NULL,NULL,NULL,'South Africa','20610009G78M',NULL,NULL,NULL,NULL,NULL,NULL,NULL,NULL,NULL,NULL,NULL,NULL,NULL,'Quintin Frost','',NULL,NULL,NULL,NULL,'',NULL,NULL,NULL,NULL,'6637',NULL,NULL,NULL,NULL,NULL,NULL,NULL,NULL,'Momentum',NULL,NULL,NULL,NULL,NULL,NULL,NULL),(105,NULL,NULL,NULL,NULL,NULL,NULL,NULL,NULL,NULL,NULL,NULL,NULL,NULL,'6 Fraser Street Amanzimtoti 4126','','','','','1986-08-12','catherine@powerbrand.co.za','Ryan','031 903 3653','860812 5061 08 7','Bothma','083 259 1843',NULL,'Catherine/Allen','031 903 3653','Bothma','083 271 7932',NULL,'2015-01-30','450944730',NULL,NULL,NULL,NULL,NULL,'2009-03-31',NULL,NULL,NULL,'','','','2010-07-31','0271068066',NULL,NULL,NULL,NULL,NULL,NULL,NULL,NULL,NULL,NULL,NULL,NULL,NULL,NULL,NULL,NULL,NULL,NULL,NULL,NULL,NULL,NULL,'Rya01',1,0,NULL,NULL,0,NULL,0,NULL,0,NULL,0,NULL,567,NULL,NULL,NULL,NULL,NULL,NULL,NULL,NULL,NULL,NULL,NULL,'allen@powerbrand.co.za','Raymond Shutter','082 770 6171','','031 465 9155','031 465 3074',NULL,'Catherine/Allen','083 271 7932','','Male','','083 304 5757','6 Fraser Street Amanzimtoti 4126','','','','','',0,'South Africa','','','','','Single','Mr','',NULL,NULL,NULL,'',NULL,NULL,NULL,'South Africa','2055000358MH',NULL,NULL,NULL,NULL,NULL,NULL,NULL,NULL,NULL,NULL,NULL,NULL,NULL,'','80500115628',NULL,NULL,NULL,NULL,'PPL',NULL,NULL,NULL,NULL,'',NULL,NULL,NULL,NULL,NULL,NULL,NULL,NULL,'Fed Health',NULL,NULL,NULL,NULL,NULL,NULL,NULL),(106,NULL,NULL,NULL,NULL,NULL,NULL,NULL,NULL,NULL,NULL,NULL,NULL,NULL,'12 Winterwood Rhino Avenue 0157','','','','','1980-04-12','cmbtrinity@yahoo.com','Connan','','800412 0083 088','Broodryk','082 462 3310',NULL,'Glenn','012 807 1323','Broodryk','082 373 4123',NULL,'2012-01-10','432873368',NULL,NULL,NULL,NULL,NULL,'2009-10-31',NULL,NULL,NULL,'','','','2008-11-14','0271043655',NULL,NULL,NULL,NULL,NULL,NULL,NULL,NULL,NULL,NULL,NULL,NULL,NULL,NULL,NULL,NULL,NULL,NULL,NULL,NULL,NULL,NULL,'Con01',1,0,NULL,NULL,0,NULL,0,NULL,0,NULL,0,NULL,569,NULL,NULL,NULL,NULL,NULL,NULL,NULL,NULL,NULL,NULL,NULL,'','','','','011 315 5495','011 315 4441',NULL,'','','','Female','','','','','','','','',0,'South Africa','','','','','Single','Miss','',NULL,NULL,NULL,'',NULL,NULL,NULL,'South Africa','40630010SB2S',NULL,NULL,NULL,NULL,NULL,NULL,NULL,NULL,NULL,NULL,NULL,NULL,NULL,'','3756270',NULL,NULL,NULL,NULL,'CPL',NULL,NULL,NULL,NULL,'',NULL,NULL,NULL,NULL,NULL,NULL,NULL,NULL,'Telemed',NULL,NULL,NULL,NULL,NULL,NULL,NULL),(107,NULL,NULL,NULL,NULL,NULL,NULL,NULL,NULL,NULL,NULL,NULL,NULL,NULL,'10 Greenbrook Circle Brookdale Phoenix','','','','','1982-09-05','creditors@starliteaviation.co.za','Janice','031 505 7256','820905 0087 08 8','Cele','082 468 5386',NULL,'Lloyd','031 505 7256','Cele','084 703 4827',NULL,'1900-01-00','',NULL,NULL,NULL,NULL,NULL,'1900-01-00',NULL,NULL,NULL,'','Creditors Clerk','Virginia Airport','1900-01-00','',NULL,NULL,NULL,NULL,NULL,NULL,NULL,NULL,NULL,NULL,NULL,NULL,NULL,NULL,NULL,NULL,NULL,NULL,NULL,NULL,NULL,NULL,'Jan02',1,NULL,NULL,NULL,NULL,NULL,NULL,NULL,NULL,NULL,NULL,NULL,NULL,NULL,NULL,NULL,NULL,NULL,NULL,NULL,NULL,NULL,NULL,NULL,'','G Chetty','083 365 1097','Father','031 571 6632','031 571 6600',NULL,'Lloyd','084 703 4827','Husband','Female','','','10 Greenbrook Circle Brookdale Phoenix','','','','','',0,'','10 Greenbrook Circle',' Phoenix','South Africa','Brookdale','Married','Mrs','Starlite Aviation (Pty) Ltd',NULL,NULL,NULL,'Accounts',NULL,NULL,NULL,'','',NULL,NULL,NULL,NULL,NULL,NULL,NULL,NULL,NULL,NULL,NULL,NULL,NULL,'Veno Naicker','',NULL,NULL,NULL,NULL,'',NULL,NULL,NULL,NULL,'6627',NULL,NULL,NULL,NULL,NULL,NULL,NULL,NULL,'Momentum',NULL,NULL,NULL,NULL,NULL,NULL,NULL),(108,NULL,NULL,NULL,NULL,NULL,NULL,NULL,NULL,NULL,NULL,NULL,NULL,NULL,'7 ST Michaels Road Hilton 3245','','','','','1964-05-31','channing@futurenet.co.za','Janet','033 343 3903','640531 0069 08 8','Channing','082 579 5834',NULL,'Alison','','Hurt','082 491 6791',NULL,'1900-01-00','',NULL,NULL,NULL,NULL,NULL,'2009-04-30',NULL,NULL,NULL,'','','','2009-05-08','0270427669',NULL,NULL,NULL,NULL,NULL,NULL,NULL,NULL,NULL,NULL,NULL,NULL,NULL,NULL,NULL,NULL,NULL,NULL,NULL,NULL,NULL,NULL,'Jan03',1,NULL,NULL,NULL,NULL,NULL,NULL,NULL,NULL,NULL,NULL,NULL,NULL,NULL,NULL,NULL,NULL,NULL,NULL,NULL,NULL,NULL,NULL,NULL,'janet@metgovis.co.za','','','','033 342 3959','033 342 7162',NULL,'Alison Hurt','082 491 6791','','Female','','','10 Parklane Kloof','','','','','Richard Merrick',2,'','PO Box 93','4779','','Hilton 3245','Single','Mrs','',NULL,NULL,NULL,'',NULL,NULL,NULL,'South Africa','203400108L8K',NULL,NULL,NULL,NULL,NULL,NULL,NULL,NULL,NULL,NULL,NULL,NULL,NULL,'','76598570',NULL,NULL,NULL,NULL,'PPL',NULL,NULL,NULL,NULL,'',NULL,NULL,NULL,NULL,NULL,NULL,NULL,NULL,'Discovery',NULL,NULL,NULL,NULL,NULL,NULL,NULL),(109,NULL,NULL,NULL,NULL,NULL,NULL,NULL,NULL,NULL,NULL,NULL,NULL,NULL,'15 Saxon Crescent Durban North','','','','','1948-10-09','kdcfly@yahoo.com','Keith','','481009 5159 08 1','Charlesworth','082 710 4248',NULL,'Alan','','Charlesworth','447887902664',NULL,'2008-05-25','410624207',NULL,NULL,NULL,NULL,NULL,'2008-07-31',NULL,NULL,NULL,'','Groundschool Instructor','Virginia Airport','2008-07-31','027 043 5852',NULL,NULL,NULL,NULL,NULL,NULL,NULL,NULL,NULL,NULL,NULL,NULL,NULL,NULL,NULL,NULL,NULL,NULL,NULL,NULL,NULL,NULL,'Kei01',1,NULL,NULL,NULL,NULL,NULL,NULL,NULL,NULL,NULL,NULL,NULL,NULL,NULL,NULL,NULL,NULL,NULL,NULL,NULL,NULL,NULL,NULL,NULL,'','Sharon','031 563 8361','Friend','','031 571 6600',NULL,'Alan','447887902664','Brother','Male','','','','','','','','',0,'South Africa','','4013','','','Divorced','Mr','Starlite Aviation (Pty) Ltd',NULL,NULL,NULL,'Training',NULL,NULL,NULL,'South Africa','20220006GJ2K',NULL,NULL,NULL,NULL,NULL,NULL,NULL,NULL,NULL,NULL,NULL,NULL,NULL,'Klara Fouche','',NULL,NULL,NULL,NULL,'CPL',NULL,NULL,NULL,NULL,'',NULL,NULL,NULL,NULL,NULL,NULL,NULL,NULL,'',NULL,NULL,NULL,NULL,NULL,NULL,NULL),(110,NULL,NULL,NULL,NULL,NULL,NULL,NULL,NULL,NULL,NULL,NULL,NULL,NULL,'','','','','','1974-12-11','','David','','741211 5297 08 7','Claassen','',NULL,'','','','',NULL,'1900-01-00','',NULL,NULL,NULL,NULL,NULL,'1900-01-00',NULL,NULL,NULL,'','','','1900-01-00','',NULL,NULL,NULL,NULL,NULL,NULL,NULL,NULL,NULL,NULL,NULL,NULL,NULL,NULL,NULL,NULL,NULL,NULL,NULL,NULL,NULL,NULL,'Dav01',1,NULL,NULL,NULL,NULL,NULL,NULL,NULL,NULL,NULL,NULL,NULL,NULL,NULL,NULL,NULL,NULL,NULL,NULL,NULL,NULL,NULL,NULL,NULL,'','','','','','',NULL,'','','','Male','','','','','','','','',0,'','','','South Africa','','','Mr','',NULL,NULL,NULL,'',NULL,NULL,NULL,'','',NULL,NULL,NULL,NULL,NULL,NULL,NULL,NULL,NULL,NULL,NULL,NULL,NULL,'','',NULL,NULL,NULL,NULL,'',NULL,NULL,NULL,NULL,'',NULL,NULL,NULL,NULL,NULL,NULL,NULL,NULL,'',NULL,NULL,NULL,NULL,NULL,NULL,NULL),(111,NULL,NULL,NULL,NULL,NULL,NULL,NULL,NULL,NULL,NULL,NULL,NULL,NULL,'52 Stoke Goldington Clifton Hill Estate','','','','','1973-02-18','robd@starliteaviation.co.za','Rob','','730218 5165 08 4','Daneel','082 926 6423',NULL,'Megan','','Daneel','082 541 2058',NULL,'1900-01-00','',NULL,NULL,NULL,NULL,NULL,'2009-01-31',NULL,NULL,NULL,'','Safety Manager/Instructor','Virginia Airport','2009-01-29','027 100 1620',NULL,NULL,NULL,NULL,NULL,NULL,NULL,NULL,NULL,NULL,NULL,NULL,NULL,NULL,NULL,NULL,NULL,NULL,NULL,NULL,NULL,NULL,'Rob01',1,NULL,NULL,NULL,NULL,NULL,NULL,NULL,NULL,NULL,NULL,NULL,NULL,NULL,NULL,NULL,NULL,NULL,NULL,NULL,NULL,NULL,NULL,NULL,'','Garth Daneel','082 901 7577','Father','031 571 6610','031 571 6600',NULL,'Megan Daneel','082 541 2058','Wife','Male','','','52 Stoke Goldington Clifton Hill Estate','','','','','Ethan',2,'','Private Bag X1036','3650','South Africa','Hillcrest','Married','Mr','Starlite Aviation (Pty) Ltd',NULL,NULL,NULL,'Training',NULL,NULL,NULL,'South Africa','2008002577DL',NULL,NULL,NULL,NULL,NULL,NULL,NULL,NULL,NULL,NULL,NULL,NULL,NULL,'Koos Myburgh','4789311',NULL,NULL,NULL,NULL,'CPL',NULL,NULL,NULL,NULL,'6628',NULL,NULL,NULL,NULL,NULL,NULL,NULL,NULL,'Momentum Health',NULL,NULL,NULL,NULL,NULL,NULL,NULL),(112,NULL,NULL,NULL,NULL,NULL,NULL,NULL,NULL,NULL,NULL,NULL,NULL,NULL,'Flat 64 Rustenburg 126 Currie Road Durban 4001','','','','','1984-03-15','heathdebruyn@telkomsa.net','Heath','031 201 2389','840315 5197 08 8','De Bruyn','072 827 1899',NULL,'Jenny','039 695 0707','de Bruyn','072 279 9094',NULL,'1900-01-00','',NULL,NULL,NULL,NULL,NULL,'2009-05-31',NULL,NULL,NULL,'','','','2008-11-21','0271001299',NULL,NULL,NULL,NULL,NULL,NULL,NULL,NULL,NULL,NULL,NULL,NULL,NULL,NULL,NULL,NULL,NULL,NULL,NULL,NULL,NULL,NULL,'Hea01',1,NULL,NULL,NULL,NULL,NULL,NULL,NULL,NULL,NULL,NULL,NULL,NULL,NULL,NULL,NULL,NULL,NULL,NULL,NULL,NULL,NULL,NULL,NULL,'','Dayne','076 714 1047','Friend','','',NULL,'John','082 413 9407','Father','Male','','','17 Abingdon Road Umtentweni','','','','','',0,'','','','South Africa','','Single','Mr','',NULL,NULL,NULL,'',NULL,NULL,NULL,'','',NULL,NULL,NULL,NULL,NULL,NULL,NULL,NULL,NULL,NULL,NULL,NULL,NULL,'','',NULL,NULL,NULL,NULL,'PPL',NULL,NULL,NULL,NULL,'',NULL,NULL,NULL,NULL,NULL,NULL,NULL,NULL,'',NULL,NULL,NULL,NULL,NULL,NULL,NULL),(113,NULL,NULL,NULL,NULL,NULL,NULL,NULL,NULL,NULL,NULL,NULL,NULL,NULL,'1 Norfolk 7 Midsomer Crescent Umhlanga Rocks 3419','','','','','1970-08-30','melanied@starliteaviation.co.za','Melanie','','700830 0905 18 5','De Vincenzo','082 568 1111',NULL,'Sergio','','De Vincenzo','072 149 9942',NULL,'2016-08-31','70617245',NULL,NULL,NULL,NULL,NULL,'1900-01-00',NULL,NULL,NULL,'','PA to Group CEO','','1900-01-00','',NULL,NULL,NULL,NULL,NULL,NULL,NULL,NULL,NULL,NULL,NULL,NULL,NULL,NULL,NULL,NULL,NULL,NULL,NULL,NULL,NULL,NULL,'Mel01',1,NULL,NULL,NULL,NULL,NULL,NULL,NULL,NULL,NULL,NULL,NULL,NULL,NULL,NULL,NULL,NULL,NULL,NULL,NULL,NULL,NULL,NULL,NULL,'','','','','031 566 3066','031 566 4940',NULL,'','','','Female','','','','','','','','Luca',1,'United Kindom','PO Box 25419','4321','South Africa','Gateway','Single','Miss','Starlite Group',NULL,NULL,NULL,'Head Office',NULL,NULL,NULL,'South Africa','20080025GDVO',NULL,NULL,NULL,NULL,NULL,NULL,NULL,NULL,NULL,NULL,NULL,NULL,NULL,'Slade Thomas','136826951',NULL,NULL,NULL,NULL,'',NULL,NULL,NULL,NULL,'',NULL,NULL,NULL,NULL,NULL,NULL,NULL,NULL,'Discovery Health',NULL,NULL,NULL,NULL,NULL,NULL,NULL),(114,NULL,NULL,NULL,NULL,NULL,NULL,NULL,NULL,NULL,NULL,NULL,NULL,NULL,'18 Surrey Lane Kloof 3610','','','','','2016-04-24','barryd@starliteaviation.co.za','Barry','031 767 2036','601103 5117 08 5','Duff','082 456 5235',NULL,'Angela','031 767 2036','Duff','082 824 8492',NULL,'2013-04-24','440031479',NULL,NULL,NULL,NULL,NULL,'1900-01-00',NULL,NULL,NULL,'','CEO','Virginia Airport','1900-01-00','',NULL,NULL,NULL,NULL,NULL,NULL,NULL,NULL,NULL,NULL,NULL,NULL,NULL,NULL,NULL,NULL,NULL,NULL,NULL,NULL,NULL,NULL,'Bar02',1,NULL,NULL,NULL,NULL,NULL,NULL,NULL,NULL,NULL,NULL,NULL,NULL,NULL,NULL,NULL,NULL,NULL,NULL,NULL,NULL,NULL,NULL,NULL,'','','','','031 571 6610','031 571 6600',NULL,'Angela Duff','082 824 8492','Wife','Male','','','18 Surrey Lane Kloof 3610','','','','','',3,'South Africa','PO Box 35115','','South Africa','Northway','Married','Mr','Starlite Aviation (Pty) Ltd',NULL,NULL,NULL,'Head Office',NULL,NULL,NULL,'South Africa','2052000006BN',NULL,NULL,NULL,NULL,NULL,NULL,NULL,NULL,NULL,NULL,NULL,NULL,NULL,'','155487790',NULL,NULL,NULL,NULL,'',NULL,NULL,NULL,NULL,'6604',NULL,NULL,NULL,NULL,NULL,NULL,NULL,NULL,'Discovery',NULL,NULL,NULL,NULL,NULL,NULL,NULL),(115,NULL,NULL,NULL,NULL,NULL,NULL,NULL,NULL,NULL,NULL,NULL,NULL,NULL,'11 Arnold Hunt Road St Winifreds','','','','','1969-09-13','klaraf@starliteaviation.co.za','Klara','319163997','690913 0111 08 7','Fouche','833248530',NULL,'Kay-Lee','319041545','Valchar','836119469',NULL,'2009-03-13','',NULL,NULL,NULL,NULL,NULL,'1900-01-00',NULL,NULL,NULL,'','Training Co-Ordinator','Virginia Airport','1900-01-00','',NULL,NULL,NULL,NULL,NULL,NULL,NULL,NULL,NULL,NULL,NULL,NULL,NULL,NULL,NULL,NULL,NULL,NULL,NULL,NULL,NULL,NULL,'Kla01',1,NULL,NULL,NULL,NULL,NULL,NULL,NULL,NULL,NULL,NULL,NULL,NULL,NULL,NULL,NULL,NULL,NULL,NULL,NULL,NULL,NULL,NULL,NULL,'','Desiree Potgieter','832850780','','315716621','315716619',NULL,'Kay-Lee','836119469','','Female','','','','','','','','Dominique',2,'South Africa','PO Box 536','4125','South Africa','Amanzimtoti','Single','Miss','Starlite Aviation (Pty) Ltd',NULL,NULL,NULL,'Training',NULL,NULL,NULL,'South Africa','2055000344YP',NULL,NULL,NULL,NULL,NULL,NULL,NULL,NULL,NULL,NULL,NULL,NULL,NULL,'Koos Myburgh','83314640',NULL,NULL,NULL,NULL,'',NULL,NULL,NULL,NULL,'6619',NULL,NULL,NULL,NULL,NULL,NULL,NULL,NULL,'Discovery Health',NULL,NULL,NULL,NULL,NULL,NULL,NULL),(116,NULL,NULL,NULL,NULL,NULL,NULL,NULL,NULL,NULL,NULL,NULL,NULL,NULL,'Sunshine Drive Sunningdale Durban','','','','','1964-01-30','quintinf@starliteaviation.co.za','Quintin','','640130 5078 08 5','Frost','071 683 2182',NULL,'Estelle','','Frost','083 290 1365',NULL,'2011-05-29','429882364',NULL,NULL,NULL,NULL,NULL,'1900-01-00',NULL,NULL,NULL,'','Head of Flight Operations','Virginia Airport','1900-01-00','',NULL,NULL,NULL,NULL,NULL,NULL,NULL,NULL,NULL,NULL,NULL,NULL,NULL,NULL,NULL,NULL,NULL,NULL,NULL,NULL,NULL,NULL,'Qui01',1,NULL,NULL,NULL,NULL,NULL,NULL,NULL,NULL,NULL,NULL,NULL,NULL,NULL,NULL,NULL,NULL,NULL,NULL,NULL,NULL,NULL,NULL,NULL,'','','084 431 2966','','031 571 6610','031 571 6600',NULL,'Irene Frost','012 376 2851','Mother','Male','','','Sunshine Drive Sunningdale Durban','','','','','Rugene',3,'South Africa','PO Box 201322','4051','','Durban North','Married','Mr','Starlite Aviation (Pty) Ltd',NULL,NULL,NULL,'',NULL,NULL,NULL,'South Africa','20220006GCSK',NULL,NULL,NULL,NULL,NULL,NULL,NULL,NULL,NULL,NULL,NULL,NULL,NULL,'','249571851',NULL,NULL,NULL,NULL,'',NULL,NULL,NULL,NULL,'6605',NULL,NULL,NULL,NULL,NULL,NULL,NULL,NULL,'Discovery',NULL,NULL,NULL,NULL,NULL,NULL,NULL),(117,NULL,NULL,NULL,NULL,NULL,NULL,NULL,NULL,NULL,NULL,NULL,NULL,NULL,'31 Nice Le Domain 100 Acutt Drive Hillcrest','','','','','1977-01-14','james.goosen@gmail.com','James','','770114 5153 08 2','Goosen','083 288 7807',NULL,'Alison','','Goosen','082 458 3692',NULL,'1900-01-00','',NULL,NULL,NULL,NULL,NULL,'1900-01-00',NULL,NULL,NULL,'','','','1900-01-00','',NULL,NULL,NULL,NULL,NULL,NULL,NULL,NULL,NULL,NULL,NULL,NULL,NULL,NULL,NULL,NULL,NULL,NULL,NULL,NULL,NULL,NULL,'Jam01',1,NULL,NULL,NULL,NULL,NULL,NULL,NULL,NULL,NULL,NULL,NULL,NULL,NULL,NULL,NULL,NULL,NULL,NULL,NULL,NULL,NULL,NULL,NULL,'','Johan Goosen','083 395 3980','','','',NULL,'Alison Goosen','082 458 3692','','Male','','','31 Nice Le Domain 100 Acutt Drive Hillcrest','','','','','',0,'','PO Box 6879','2118','South Africa','Cresta','Married','Mr','',NULL,NULL,NULL,'',NULL,NULL,NULL,'','',NULL,NULL,NULL,NULL,NULL,NULL,NULL,NULL,NULL,NULL,NULL,NULL,NULL,'','',NULL,NULL,NULL,NULL,'',NULL,NULL,NULL,NULL,'',NULL,NULL,NULL,NULL,NULL,NULL,NULL,NULL,'Discovery',NULL,NULL,NULL,NULL,NULL,NULL,NULL),(118,NULL,NULL,NULL,NULL,NULL,NULL,NULL,NULL,NULL,NULL,NULL,NULL,NULL,'9 Fallbrook Place Phoenix 4068','','','','','1980-04-13','yvonneg@starliteaviation.co.za','Yvonne','031 505 0167','8004130468089','Govindan','084 584 2374',NULL,'Brandon','031 505 0167','Govindan','079 693 3658',NULL,'1900-01-00','',NULL,NULL,NULL,NULL,NULL,'1900-01-00',NULL,NULL,NULL,'','Contracts Assistant','Virginia Airport','1900-01-00','',NULL,NULL,NULL,NULL,NULL,NULL,NULL,NULL,NULL,NULL,NULL,NULL,NULL,NULL,NULL,NULL,NULL,NULL,NULL,NULL,NULL,NULL,'Yvo01',1,NULL,NULL,NULL,NULL,NULL,NULL,NULL,NULL,NULL,NULL,NULL,NULL,NULL,NULL,NULL,NULL,NULL,NULL,NULL,NULL,NULL,NULL,NULL,'','Preyia','084 267 6587','Sister','031 571 6610','031 571 6600',NULL,'Brandon','079 693 3658','Husband','Female','','','9 Fallbrook Place Phoenix','','','','','Jaidyn Cordell',2,'','9 Fallbrook Place','4068','South Africa','Phoenix','Married','Mrs','Starlite Aviation (Pty) Ltd',NULL,NULL,NULL,'Operations',NULL,NULL,NULL,'South Africa','20610009J422',NULL,NULL,NULL,NULL,NULL,NULL,NULL,NULL,NULL,NULL,NULL,NULL,NULL,'Christo Putter','',NULL,NULL,NULL,NULL,'',NULL,NULL,NULL,NULL,'6608',NULL,NULL,NULL,NULL,NULL,NULL,NULL,NULL,'',NULL,NULL,NULL,NULL,NULL,NULL,NULL),(119,NULL,NULL,NULL,NULL,NULL,NULL,NULL,NULL,NULL,NULL,NULL,NULL,NULL,'74 Buckingham Road Kloof 3610','','','','','1974-09-13','bradgrafton@hotmail.com','Brad','','740913 5041 08 1','Grafton','082 908 5501',NULL,'Roger','031 764 5100','Grafton','073 040 4721',NULL,'2010-10-15','426475198',NULL,NULL,NULL,NULL,NULL,'2009-08-31',NULL,NULL,NULL,'','','','2008-12-05','0272263088',NULL,NULL,NULL,NULL,NULL,NULL,NULL,NULL,NULL,NULL,NULL,NULL,NULL,NULL,NULL,NULL,NULL,NULL,NULL,NULL,NULL,NULL,'Bra02',1,NULL,NULL,NULL,NULL,NULL,NULL,NULL,NULL,NULL,NULL,NULL,NULL,NULL,NULL,NULL,NULL,NULL,NULL,NULL,NULL,NULL,NULL,NULL,'','','','','','',NULL,'','','','Male','','','','','','','','',0,'South Africa','','','South Africa','','Single','Mr','',NULL,NULL,NULL,'',NULL,NULL,NULL,'','',NULL,NULL,NULL,NULL,NULL,NULL,NULL,NULL,NULL,NULL,NULL,NULL,NULL,'','',NULL,NULL,NULL,NULL,'CPL',NULL,NULL,NULL,NULL,'',NULL,NULL,NULL,NULL,NULL,NULL,NULL,NULL,'',NULL,NULL,NULL,NULL,NULL,NULL,NULL),(120,NULL,NULL,NULL,NULL,NULL,NULL,NULL,NULL,NULL,NULL,NULL,NULL,NULL,'147 4th Avenue Edenvale 1609','','','','','1982-07-25','jhbtraining@starliteaviation.co.za','Megan','076 883 6904','820725 0063 08 1','Green','082 572 3949',NULL,'June','','Teare','082 899 7647',NULL,'1900-01-00','',NULL,NULL,NULL,NULL,NULL,'1900-01-00',NULL,NULL,NULL,'','','','1900-01-00','',NULL,NULL,NULL,NULL,NULL,NULL,NULL,NULL,NULL,NULL,NULL,NULL,NULL,NULL,NULL,NULL,NULL,NULL,NULL,NULL,NULL,NULL,'Meg01',1,NULL,NULL,NULL,NULL,NULL,NULL,NULL,NULL,NULL,NULL,NULL,NULL,NULL,NULL,NULL,NULL,NULL,NULL,NULL,NULL,NULL,NULL,NULL,'megt@vodamail.co.za','Sean Green','076 572 9918','Ex Husband','011 827 2561','011 827 0992',NULL,'Tim Posthumus','072 136 5572','Boyfriend','Female','','076 883 6904','147 4th Avenue Edenvale 1609','','','','','Michael',1,'','','','South Africa','','Divorced','Mrs','',NULL,NULL,NULL,'',NULL,NULL,NULL,'South Africa','40180004BF8J',NULL,NULL,NULL,NULL,NULL,NULL,NULL,NULL,NULL,NULL,NULL,NULL,NULL,'','',NULL,NULL,NULL,NULL,'',NULL,NULL,NULL,NULL,'',NULL,NULL,NULL,NULL,NULL,NULL,NULL,NULL,'',NULL,NULL,NULL,NULL,NULL,NULL,NULL),(121,NULL,NULL,NULL,NULL,NULL,NULL,NULL,NULL,NULL,NULL,NULL,NULL,NULL,'33 Ukosi Road Kloof 3640','','','','','1967-03-22','sundecks@iafrica.com','Gary','031 764 3082','670322 5036 08 9','Griesel','083 254 0282',NULL,'Rae','','Griesel','083 309 8907',NULL,'1900-01-00','',NULL,NULL,NULL,NULL,NULL,'2009-03-31',NULL,NULL,NULL,'','','','2008-08-01','0271069460',NULL,NULL,NULL,NULL,NULL,NULL,NULL,NULL,NULL,NULL,NULL,NULL,NULL,NULL,NULL,NULL,NULL,NULL,NULL,NULL,NULL,NULL,'Gar01',1,NULL,NULL,NULL,NULL,NULL,NULL,NULL,NULL,NULL,NULL,NULL,NULL,NULL,NULL,NULL,NULL,NULL,NULL,NULL,NULL,NULL,NULL,NULL,'','Greg Edwards','083 399 9980','','0865 231 099','031 764 6157',NULL,'Rae','083 309 8907','','Male','','','33 Ukosi Road Kloof 3640','','','','','Garason',0,'','PO Box 1584','3640','','Kloof','Married','Mr','',NULL,NULL,NULL,'',NULL,NULL,NULL,'','',NULL,NULL,NULL,NULL,NULL,NULL,NULL,NULL,NULL,NULL,NULL,NULL,NULL,'','58074170',NULL,NULL,NULL,NULL,'PPL',NULL,NULL,NULL,NULL,'',NULL,NULL,NULL,NULL,NULL,NULL,NULL,NULL,'Discovery',NULL,NULL,NULL,NULL,NULL,NULL,NULL),(122,NULL,NULL,NULL,NULL,NULL,NULL,NULL,NULL,NULL,NULL,NULL,NULL,NULL,'','','','','','1976-11-03','stefanog@starliteaviation.co.za','Stefano','','','Guisti','072 767 0877',NULL,'Jean','','Giusti','944776702709',NULL,'2009-07-14','36440053',NULL,NULL,NULL,NULL,NULL,'2009-08-31',NULL,NULL,NULL,'','','Rand Airport','2008-09-19','0271034217',NULL,NULL,NULL,NULL,NULL,NULL,NULL,NULL,NULL,NULL,NULL,NULL,NULL,NULL,NULL,NULL,NULL,NULL,NULL,NULL,NULL,NULL,'Ste02',1,NULL,NULL,NULL,NULL,NULL,NULL,NULL,NULL,NULL,NULL,NULL,NULL,NULL,NULL,NULL,NULL,NULL,NULL,NULL,NULL,NULL,NULL,NULL,'sm.giusti109@gmail.com','','','','','',NULL,'','','','Male','','','','','','','','',0,'United Kindom','PO Box 201322','4016','South Africa','Durban North','Engaged','Mr','Starlite Training & Charter (Pty) Ltd',NULL,NULL,NULL,'Training',NULL,NULL,NULL,'','',NULL,NULL,NULL,NULL,NULL,NULL,NULL,NULL,NULL,NULL,NULL,NULL,NULL,'','',NULL,NULL,NULL,NULL,'CPL',NULL,NULL,NULL,NULL,'',NULL,NULL,NULL,NULL,NULL,NULL,NULL,NULL,'',NULL,NULL,NULL,NULL,NULL,NULL,NULL),(123,NULL,NULL,NULL,NULL,NULL,NULL,NULL,NULL,NULL,NULL,NULL,NULL,NULL,'44 Strand Road Brighton Beach 4052','','','','','1958-08-18','ruperth@netactive.co.za','Rupert','031 467 0483','580818 5268 18 3','Haslinger','083 628 7012',NULL,'Klaus','0049 803 1382 202','Kunschert','0049 1511 294 297',NULL,'2014-03-10','3139488073',NULL,NULL,NULL,NULL,NULL,'2008-10-30',NULL,NULL,NULL,'','','','2008-10-30','0272023557',NULL,NULL,NULL,NULL,NULL,NULL,NULL,NULL,NULL,NULL,NULL,NULL,NULL,NULL,NULL,NULL,NULL,NULL,NULL,NULL,NULL,NULL,'Rup01',1,NULL,NULL,NULL,NULL,NULL,NULL,NULL,NULL,NULL,NULL,NULL,NULL,NULL,NULL,NULL,NULL,NULL,NULL,NULL,NULL,NULL,NULL,NULL,'','Klaus Andre','082 809 3641','','031 467 0483','031 467 0483',NULL,'Diane Basnet','082 708 3033','','Male','031 467 0483','','Sonnenstrasse 1 Rosenheim 83022 Germany','','','','','Klaus',3,'Germany','PO Box 21148','4036','South Africa','Bluff','Single','Mr','',NULL,NULL,NULL,'',NULL,NULL,NULL,'South Africa','20080025D2KL',NULL,NULL,NULL,NULL,NULL,NULL,NULL,NULL,NULL,NULL,NULL,NULL,NULL,'','1709696',NULL,NULL,NULL,NULL,'PPL',NULL,NULL,NULL,NULL,'',NULL,NULL,NULL,NULL,NULL,NULL,NULL,NULL,'Momentum',NULL,NULL,NULL,NULL,NULL,NULL,NULL),(124,NULL,NULL,NULL,NULL,NULL,NULL,NULL,NULL,NULL,NULL,NULL,NULL,NULL,'30 Far Lane Hoylake Mt Edgecombe','','','','','1952-09-16','majordad@iafrica.com','John','031 539 5870','520916 5026 08 1','Herselman','082 301 1199',NULL,'Angus','','Herselman','082 497 5152',NULL,'2016-05-08','460283502',NULL,NULL,NULL,NULL,NULL,'2008-09-30',NULL,NULL,NULL,'','','','2007-11-12','0270024078',NULL,NULL,NULL,NULL,NULL,NULL,NULL,NULL,NULL,NULL,NULL,NULL,NULL,NULL,NULL,NULL,NULL,NULL,NULL,NULL,NULL,NULL,'Joh01',1,NULL,NULL,NULL,NULL,NULL,NULL,NULL,NULL,NULL,NULL,NULL,NULL,NULL,NULL,NULL,NULL,NULL,NULL,NULL,NULL,NULL,NULL,NULL,'','Jeanne Fick','083 788 6993','','','011 978 5280',NULL,'Lana','083 228 6870','','Male','031 539 5870','','Zimbiti Eco Estate Ballito KZN','','','','','',0,'South Africa','PO Box 2423','4301','','Mt Edgecombe','Single','Mr','',NULL,NULL,NULL,'',NULL,NULL,NULL,'South Africa','20080025N40G',NULL,NULL,NULL,NULL,NULL,NULL,NULL,NULL,NULL,NULL,NULL,NULL,NULL,'','57915530',NULL,NULL,NULL,NULL,'PPL, ATP',NULL,NULL,NULL,NULL,'',NULL,NULL,NULL,NULL,NULL,NULL,NULL,NULL,'Discovery',NULL,NULL,NULL,NULL,NULL,NULL,NULL),(125,NULL,NULL,NULL,NULL,NULL,NULL,NULL,NULL,NULL,NULL,NULL,NULL,NULL,'Saxe Farm Umhlali 4390','','','','','1967-04-01','shulett@limitless.co.za','Sean','','670401 5037 08 9','Hulett','082 558 2884',NULL,'Kim','','Hulett','082 776 1688',NULL,'2014-06-09','446387532',NULL,NULL,NULL,NULL,NULL,'2009-04-30',NULL,NULL,NULL,'','','','2009-05-08','0270490568',NULL,NULL,NULL,NULL,NULL,NULL,NULL,NULL,NULL,NULL,NULL,NULL,NULL,NULL,NULL,NULL,NULL,NULL,NULL,NULL,NULL,NULL,'Sea01',1,NULL,NULL,NULL,NULL,NULL,NULL,NULL,NULL,NULL,NULL,NULL,NULL,NULL,NULL,NULL,NULL,NULL,NULL,NULL,NULL,NULL,NULL,NULL,'','Miles Hulett','083 661 6606','','086 543 6542','032 942 2066',NULL,'John Hulett','083 661 9801','','Male','','','Saxe Farm Umhlali 4390','','','','','Kelly',0,'South Africa','PO Box 55','1501','','Umhlali 4390','Married','Mr','',NULL,NULL,NULL,'',NULL,NULL,NULL,'South Africa','2040000244RV',NULL,NULL,NULL,NULL,NULL,NULL,NULL,NULL,NULL,NULL,NULL,NULL,NULL,'','258894451',NULL,NULL,NULL,NULL,'PPL',NULL,NULL,NULL,NULL,'',NULL,NULL,NULL,NULL,NULL,NULL,NULL,NULL,'Discovery',NULL,NULL,NULL,NULL,NULL,NULL,NULL),(126,NULL,NULL,NULL,NULL,NULL,NULL,NULL,NULL,NULL,NULL,NULL,NULL,NULL,'Plot 15 Ring Road East Vaal Marina Vaal Dam','','','','','1988-10-06','jhbtraining@starliteaviation.co.za','Kathleen','','8810060129081','Huntingford','082 826 2107',NULL,'Linda','','Huntingford','082 444 7153',NULL,'1900-01-00','',NULL,NULL,NULL,NULL,NULL,'1900-01-00',NULL,NULL,NULL,'','','Rand Airport','1900-01-00','',NULL,NULL,NULL,NULL,NULL,NULL,NULL,NULL,NULL,NULL,NULL,NULL,NULL,NULL,NULL,NULL,NULL,NULL,NULL,NULL,NULL,NULL,'Kat01',1,NULL,NULL,NULL,NULL,NULL,NULL,NULL,NULL,NULL,NULL,NULL,NULL,NULL,NULL,NULL,NULL,NULL,NULL,NULL,NULL,NULL,NULL,NULL,'katvib@highveldmail.co.za','Linda','082 444 7153','Mother','011 827 2561','011 827 2561',NULL,'Jimmy','082 446 2988','Father','Female','','','PO Box 13250 Norhtmead Benoni 1501','','','','','',0,'','PO Box 13250',' Benoni','South Africa','Northmead','Single','Miss','Starlite Aviation (Pty) Ltd',NULL,NULL,NULL,'Operations',NULL,NULL,NULL,'South Africa','40090008731P',NULL,NULL,NULL,NULL,NULL,NULL,NULL,NULL,NULL,NULL,NULL,NULL,NULL,'','',NULL,NULL,NULL,NULL,'',NULL,NULL,NULL,NULL,'',NULL,NULL,NULL,NULL,NULL,NULL,NULL,NULL,'Resolution Health',NULL,NULL,NULL,NULL,NULL,NULL,NULL),(127,NULL,NULL,NULL,NULL,NULL,NULL,NULL,NULL,NULL,NULL,NULL,NULL,NULL,'5 Harrier Crescent Umhlanga','','','','','1981-06-11','tarrynj@starliteaviation.co.za','Tarryn','031 561 6120','8106110177083','Jameson','083 790 5121',NULL,'Hayden','031 561 6120','Ford','083 265 5275',NULL,'1900-01-00','',NULL,NULL,NULL,NULL,NULL,'1900-01-00',NULL,NULL,NULL,'','Personal Assistant','Virginia Airport','1900-01-00','',NULL,NULL,NULL,NULL,NULL,NULL,NULL,NULL,NULL,NULL,NULL,NULL,NULL,NULL,NULL,NULL,NULL,NULL,NULL,NULL,NULL,NULL,'Tar01',1,NULL,NULL,NULL,NULL,NULL,NULL,NULL,NULL,NULL,NULL,NULL,NULL,NULL,NULL,NULL,NULL,NULL,NULL,NULL,NULL,NULL,NULL,NULL,'tarryn@hdagencies.co.za','Rob Jameson','082 456 1564','','031 571 6610','031 571 6600',NULL,'Nicky Jamieson','072 220 7239','','Female','031 561 6121','','5 Harrier Crescent Umhlanga','','','','','Jade Heim',1,'','PO Box 2657','4320','','Umhlanga Rocks','Engaged','Miss','Starlite Aviation (Pty) Ltd',NULL,NULL,NULL,'',NULL,NULL,NULL,'South Africa','20220006DB0B',NULL,NULL,NULL,NULL,NULL,NULL,NULL,NULL,NULL,NULL,NULL,NULL,NULL,'Barry  Duff','218373151',NULL,NULL,NULL,NULL,'',NULL,NULL,NULL,NULL,'6624',NULL,NULL,NULL,NULL,NULL,NULL,NULL,NULL,'Discovery Health',NULL,NULL,NULL,NULL,NULL,NULL,NULL),(128,NULL,NULL,NULL,NULL,NULL,NULL,NULL,NULL,NULL,NULL,NULL,NULL,NULL,'8 Burne Street Morningside Durban 4001','','','','','1983-09-07','amosthegr8@hotmail.co.uk','Amy','031 303 7132','205692400','Jarvis','078 193 5704',NULL,'Richard','031 303 7132','Jarvis','083 859 8016',NULL,'2014-05-11','205692400',NULL,NULL,NULL,NULL,NULL,'1900-01-00',NULL,NULL,NULL,'','','','1900-01-00','',NULL,NULL,NULL,NULL,NULL,NULL,NULL,NULL,NULL,NULL,NULL,NULL,NULL,NULL,NULL,NULL,NULL,NULL,NULL,NULL,NULL,NULL,'Amy01',1,NULL,NULL,NULL,NULL,NULL,NULL,NULL,NULL,NULL,NULL,NULL,NULL,NULL,NULL,NULL,NULL,NULL,NULL,NULL,NULL,NULL,NULL,NULL,'','Richard Jarvis','083 859 8016','Father','','',NULL,'Margaret Jarvis','073 808 3526','','Female','','','8 Burne Street Morningside Durban','','','','','',0,'United Kindom','','','','','Single','Miss','',NULL,NULL,NULL,'',NULL,NULL,NULL,'UK','JARV0859073AC9KG',NULL,NULL,NULL,NULL,NULL,NULL,NULL,NULL,NULL,NULL,NULL,NULL,NULL,'','',NULL,NULL,NULL,NULL,'',NULL,NULL,NULL,NULL,'',NULL,NULL,NULL,NULL,NULL,NULL,NULL,NULL,'',NULL,NULL,NULL,NULL,NULL,NULL,NULL),(129,NULL,NULL,NULL,NULL,NULL,NULL,NULL,NULL,NULL,NULL,NULL,NULL,NULL,'64 Harris Crescent Sherwood 4091','','','','','1985-02-07','accounts@starliteaviationc.co.za','Kim','031 209 7760','850207 0150 08 8','Johnson','072 482 2461',NULL,'Owen','031 209 7760','Johnson','082 552 0423',NULL,'1900-01-00','434487233',NULL,NULL,NULL,NULL,NULL,'1900-01-00',NULL,NULL,NULL,'','Accounts Assistant','Virginia Airport','1900-01-00','',NULL,NULL,NULL,NULL,NULL,NULL,NULL,NULL,NULL,NULL,NULL,NULL,NULL,NULL,NULL,NULL,NULL,NULL,NULL,NULL,NULL,NULL,'Kim01',1,NULL,NULL,NULL,NULL,NULL,NULL,NULL,NULL,NULL,NULL,NULL,NULL,NULL,NULL,NULL,NULL,NULL,NULL,NULL,NULL,NULL,NULL,NULL,'kim.jzn@gmail.com','Owen','082 552 0423','','031 571 6632','031 571 6600',NULL,'Donavan Vere','084 490 4985','Partner','Female','031 209 7760','','','','','','','',0,'South Africa','','','South Africa','','Single','Miss','Starlite Aviation (Pty) Ltd',NULL,NULL,NULL,'Accounts',NULL,NULL,NULL,'South Africa','20080025B7VV',NULL,NULL,NULL,NULL,NULL,NULL,NULL,NULL,NULL,NULL,NULL,NULL,NULL,'Veno Naicker','9111211',NULL,NULL,NULL,NULL,'',NULL,NULL,NULL,NULL,'6631',NULL,NULL,NULL,NULL,NULL,NULL,NULL,NULL,'',NULL,NULL,NULL,NULL,NULL,NULL,NULL),(130,NULL,NULL,NULL,NULL,NULL,NULL,NULL,NULL,NULL,NULL,NULL,NULL,NULL,'87 Valley Drive Forest Hills','','','','','1966-12-29','pierre.joubert@hotmail.com','Pierre','','661229 5032 08 6','Joubert','083 449 9876',NULL,'Sheila','','Joubert','083 603 2619',NULL,'1900-01-00','',NULL,NULL,NULL,NULL,NULL,'2008-12-31',NULL,NULL,NULL,'','','','2009-05-26','0271018434',NULL,NULL,NULL,NULL,NULL,NULL,NULL,NULL,NULL,NULL,NULL,NULL,NULL,NULL,NULL,NULL,NULL,NULL,NULL,NULL,NULL,NULL,'Pie02',1,NULL,NULL,NULL,NULL,NULL,NULL,NULL,NULL,NULL,NULL,NULL,NULL,NULL,NULL,NULL,NULL,NULL,NULL,NULL,NULL,NULL,NULL,NULL,'','','','','','',NULL,'Sheila Joubert','083 603 2619','Wife','Male','','','87 Valley Drive Forest Hills','','','','','Christy',3,'','PO Box 945','3652','Pinetown','Linkhills','Married','Mr','',NULL,NULL,NULL,'',NULL,NULL,NULL,'','',NULL,NULL,NULL,NULL,NULL,NULL,NULL,NULL,NULL,NULL,NULL,NULL,NULL,'','3702828820/c',NULL,NULL,NULL,NULL,'PPL',NULL,NULL,NULL,NULL,'',NULL,NULL,NULL,NULL,NULL,NULL,NULL,NULL,'Old Mutual Oxygen',NULL,NULL,NULL,NULL,NULL,NULL,NULL),(131,NULL,NULL,NULL,NULL,NULL,NULL,NULL,NULL,NULL,NULL,NULL,NULL,NULL,'8 Mallavale  7 Sunnyside Lane Pinetown','','','','','1983-06-01','gordon@telkomsa.net','Gareth','031 702 4116','830601 5039 08 7','Keith','072 387 6175',NULL,'Gordon','031 702 4116','Keith','084 745 9836',NULL,'1900-01-00','',NULL,NULL,NULL,NULL,NULL,'1900-01-00',NULL,NULL,NULL,'','AME Apprentice','Virginia Airport','1900-01-00','',NULL,NULL,NULL,NULL,NULL,NULL,NULL,NULL,NULL,NULL,NULL,NULL,NULL,NULL,NULL,NULL,NULL,NULL,NULL,NULL,NULL,NULL,'Gar02',1,NULL,NULL,NULL,NULL,NULL,NULL,NULL,NULL,NULL,NULL,NULL,NULL,NULL,NULL,NULL,NULL,NULL,NULL,NULL,NULL,NULL,NULL,NULL,'','Geff','084 748 4291','Brother','031 571 6626','031 571 6600',NULL,'Gordon','084 245 9836','Father','Male','','','8 Mallavale 7 Sunnyside Lane Pinetown','','','','','',0,'','8 Mallavale  7 Sunnyside Lane','3610','South Africa','South Africa','Single','Mr','Starlite Maintenance Durban (Pty) Ltd',NULL,NULL,NULL,'Maintenance',NULL,NULL,NULL,'South Africa','20610009K179',NULL,NULL,NULL,NULL,NULL,NULL,NULL,NULL,NULL,NULL,NULL,NULL,NULL,'Wimpie Rheeder','',NULL,NULL,NULL,NULL,'',NULL,NULL,NULL,NULL,'6614',NULL,NULL,NULL,NULL,NULL,NULL,NULL,NULL,'',NULL,NULL,NULL,NULL,NULL,NULL,NULL),(132,NULL,NULL,NULL,NULL,NULL,NULL,NULL,NULL,NULL,NULL,NULL,NULL,NULL,'8 Mallavale  7 Sunnyside Lane Pinetown','','','','','1984-06-12','gordon01@telkomsa.net','Geff','031 702 4116','840612 5187 08 9','Keith','084 748 4291',NULL,'Gordon','031 702 4116','Keith','084 745 9836',NULL,'2012-11-25','438237157',NULL,NULL,NULL,NULL,NULL,'1900-01-00',NULL,NULL,NULL,'','AME Apprentice','Virginia Airport','1900-01-00','',NULL,NULL,NULL,NULL,NULL,NULL,NULL,NULL,NULL,NULL,NULL,NULL,NULL,NULL,NULL,NULL,NULL,NULL,NULL,NULL,NULL,NULL,'Gef01',1,NULL,NULL,NULL,NULL,NULL,NULL,NULL,NULL,NULL,NULL,NULL,NULL,NULL,NULL,NULL,NULL,NULL,NULL,NULL,NULL,NULL,NULL,NULL,'','Gareth','072 387 6175','Brother','031 571 6626','031 571 6600',NULL,'Gordon','084 745 9836','Father','Male','','','8 Mallavale 7 Sunnyside Lane Pinetown','','','','','',0,'South Africa','8 Mallavale  7 Sunnyside Lane','','South Africa','South Africa','Single','Mr','Starlite Maintenance Durban (Pty) Ltd',NULL,NULL,NULL,'Maintenance',NULL,NULL,NULL,'South Africa','2061009CW32',NULL,NULL,NULL,NULL,NULL,NULL,NULL,NULL,NULL,NULL,NULL,NULL,NULL,'Wimpie Rheeder','',NULL,NULL,NULL,NULL,'',NULL,NULL,NULL,NULL,'6614',NULL,NULL,NULL,NULL,NULL,NULL,NULL,NULL,'',NULL,NULL,NULL,NULL,NULL,NULL,NULL),(133,NULL,NULL,NULL,NULL,NULL,NULL,NULL,NULL,NULL,NULL,NULL,NULL,NULL,'2 Oakdale Drive Briardene 4037','','','','','1972-04-23','','Carol','','720423 0385 08 1','Kunene','076 491 2379',NULL,'Thokozani Wiseman','','Dlamuka','078 857 5777',NULL,'1900-01-00','',NULL,NULL,NULL,NULL,NULL,'1900-01-00',NULL,NULL,NULL,'','General Office Assistant','Virginia Airport','1900-01-00','',NULL,NULL,NULL,NULL,NULL,NULL,NULL,NULL,NULL,NULL,NULL,NULL,NULL,NULL,NULL,NULL,NULL,NULL,NULL,NULL,NULL,NULL,'Car01',1,NULL,NULL,NULL,NULL,NULL,NULL,NULL,NULL,NULL,NULL,NULL,NULL,NULL,NULL,NULL,NULL,NULL,NULL,NULL,NULL,NULL,NULL,NULL,'','Thokozani','078 857 5777','Husband','','031 571 6600',NULL,'Thulisile','072 158 4706','Sister','Female','','072 158 4706','1394 Inanda Mission','','','','','Lungani',3,'','PO Box 201322','4016','','Durban North','Single','Miss','Starlite Aviation (Pty) Ltd',NULL,NULL,NULL,'',NULL,NULL,NULL,'','',NULL,NULL,NULL,NULL,NULL,NULL,NULL,NULL,NULL,NULL,NULL,NULL,NULL,'Veno Naicker','',NULL,NULL,NULL,NULL,'',NULL,NULL,NULL,NULL,'',NULL,NULL,NULL,NULL,NULL,NULL,NULL,NULL,'',NULL,NULL,NULL,NULL,NULL,NULL,NULL),(134,NULL,NULL,NULL,NULL,NULL,NULL,NULL,NULL,NULL,NULL,NULL,NULL,NULL,'71 Hight Street Matatiele','','','','','1987-06-02','alainlategan@hotmail.com','Alain','039 737 3647','870602 5260 08 8','Lategan','072 207 0838',NULL,'Steve','039 737 3647','Lategan','082 552 5140',NULL,'2016-07-17','461607006',NULL,NULL,NULL,NULL,NULL,'2009-07-31',NULL,NULL,NULL,'','','','2010-08-04','0272295429',NULL,NULL,NULL,NULL,NULL,NULL,NULL,NULL,NULL,NULL,NULL,NULL,NULL,NULL,NULL,NULL,NULL,NULL,NULL,NULL,NULL,NULL,'Ala01',1,0,NULL,NULL,0,NULL,0,NULL,0,NULL,0,NULL,570,NULL,NULL,NULL,NULL,NULL,NULL,NULL,NULL,NULL,NULL,NULL,'slat@mweb.co.za','Peter','083 384 3689','','039 737 4226','039 737 4226',NULL,'Steve','082 552 5140','','Male','','','71 High Street Matatiele','','','','','',0,'South Africa','PO Box 56','4730','','Matatiele','Single','Mr','',NULL,NULL,NULL,'',NULL,NULL,NULL,'South Africa','200700004687',NULL,NULL,NULL,NULL,NULL,NULL,NULL,NULL,NULL,NULL,NULL,NULL,NULL,'','43668030',NULL,NULL,NULL,NULL,'SPL',NULL,NULL,NULL,NULL,'',NULL,NULL,NULL,NULL,NULL,NULL,NULL,NULL,'Discovery',NULL,NULL,NULL,NULL,NULL,NULL,NULL),(135,NULL,NULL,NULL,NULL,NULL,NULL,NULL,NULL,NULL,NULL,NULL,NULL,NULL,'2 Oakdale Drive Briardene 4037','','','','','1954-10-30','','Jane Thembisile','','541030 0797 08 7','Makhoba','076 491 2379',NULL,'Khanyisile','','Kunene','076 491 2379',NULL,'1900-01-00','',NULL,NULL,NULL,NULL,NULL,'1900-01-00',NULL,NULL,NULL,'','General Office Assistant','Virginia Airport','1900-01-00','',NULL,NULL,NULL,NULL,NULL,NULL,NULL,NULL,NULL,NULL,NULL,NULL,NULL,NULL,NULL,NULL,NULL,NULL,NULL,NULL,NULL,NULL,'Jan04',1,NULL,NULL,NULL,NULL,NULL,NULL,NULL,NULL,NULL,NULL,NULL,NULL,NULL,NULL,NULL,NULL,NULL,NULL,NULL,NULL,NULL,NULL,NULL,'','Condract','073 252 9588','Husband','','031 571 6600',NULL,'Thulisile','072 158 4706','Daughter','Female','','072 158 4706','2 Oakdale Drive Briardene 4037','','','','','Khanyisile',7,'','','','South Africa','','Married','Mrs','Starlite Aviation (Pty) Ltd',NULL,NULL,NULL,'Accounts',NULL,NULL,NULL,'','',NULL,NULL,NULL,NULL,NULL,NULL,NULL,NULL,NULL,NULL,NULL,NULL,NULL,'Veno Naicker','',NULL,NULL,NULL,NULL,'',NULL,NULL,NULL,NULL,'',NULL,NULL,NULL,NULL,NULL,NULL,NULL,NULL,'',NULL,NULL,NULL,NULL,NULL,NULL,NULL),(136,NULL,NULL,NULL,NULL,NULL,NULL,NULL,NULL,NULL,NULL,NULL,NULL,NULL,'97 Ridge Road Umhlanga Rocks','','','','','1988-07-19','meganm@starliteaviation.co.za','Megan','031 562 8943','880719 0065 08 6','Malan','082 579 8887',NULL,'Mary Ann','031 562 8943','Malan','082 579 3320',NULL,'1900-01-00','',NULL,NULL,NULL,NULL,NULL,'1900-01-00',NULL,NULL,NULL,'','PA to Barry Duff','Virginia Airport','1900-01-00','',NULL,NULL,NULL,NULL,NULL,NULL,NULL,NULL,NULL,NULL,NULL,NULL,NULL,NULL,NULL,NULL,NULL,NULL,NULL,NULL,NULL,NULL,'Meg02',1,NULL,NULL,NULL,NULL,NULL,NULL,NULL,NULL,NULL,NULL,NULL,NULL,NULL,NULL,NULL,NULL,NULL,NULL,NULL,NULL,NULL,NULL,NULL,'crinkleybottom@hotmail.com','William Malan','031 765 7096','Grandfather','031 571 6610','031 571 6600',NULL,'Mary Ann Malan','082 579 3320','Mother','Female','','082 579 3320','97 Ridge Road Umhlanga Rocks','','','','','',0,'','PO Box 35115','','South Africa','Northway','Single','Miss','Starlite Aviation (Pty) Ltd',NULL,NULL,NULL,'Head Office',NULL,NULL,NULL,'South Africa','20220006HG0F',NULL,NULL,NULL,NULL,NULL,NULL,NULL,NULL,NULL,NULL,NULL,NULL,NULL,'Barry Duff','76951820',NULL,NULL,NULL,NULL,'',NULL,NULL,NULL,NULL,'6624',NULL,NULL,NULL,NULL,NULL,NULL,NULL,NULL,'Discovery',NULL,NULL,NULL,NULL,NULL,NULL,NULL),(137,NULL,NULL,NULL,NULL,NULL,NULL,NULL,NULL,NULL,NULL,NULL,NULL,NULL,'157 Gray Park Road Brighton Beach 4052','','','','','1982-03-06','charter@starliteaviation.co.za','Fiona','','8203060032085','McCarthy','082 977 1847',NULL,'Deon','','McCarthy','083 708 7125',NULL,'1900-01-00','',NULL,NULL,NULL,NULL,NULL,'1900-01-00',NULL,NULL,NULL,'','Operations Manager','Virginia Airport','1900-01-00','',NULL,NULL,NULL,NULL,NULL,NULL,NULL,NULL,NULL,NULL,NULL,NULL,NULL,NULL,NULL,NULL,NULL,NULL,NULL,NULL,NULL,NULL,'Fio01',1,NULL,NULL,NULL,NULL,NULL,NULL,NULL,NULL,NULL,NULL,NULL,NULL,NULL,NULL,NULL,NULL,NULL,NULL,NULL,NULL,NULL,NULL,NULL,'fionamccar@gmail.com','Denise Reynecke','083 253 8376','Mother','031 564 2237','031 571 6600',NULL,'Deon','083 708 7125','Husband','Female','','083 280 4025','157 Grey Park Road Brighton Beach','','','','','',0,'','157 Gray Park Road','4052','','Brighton Beach','Married','Mrs','Starlite Aviation (Pty) Ltd',NULL,NULL,NULL,'Operations',NULL,NULL,NULL,'South Africa','2008002SHS36',NULL,NULL,NULL,NULL,NULL,NULL,NULL,NULL,NULL,NULL,NULL,NULL,NULL,'Charles Bell','84291020',NULL,NULL,NULL,NULL,'',NULL,NULL,NULL,NULL,'6607',NULL,NULL,NULL,NULL,NULL,NULL,NULL,NULL,'Discovery',NULL,NULL,NULL,NULL,NULL,NULL,NULL),(138,NULL,NULL,NULL,NULL,NULL,NULL,NULL,NULL,NULL,NULL,NULL,NULL,NULL,'10 Robbins Road Salt Rock 4391','','','','','1984-11-09','chrismacd@mweb.co.za','Christopher','032 525 5715','841109 5058 08 8','McDonnell','082 555 2870',NULL,'V','032 525 5715','McDonnell','082 573 4400',NULL,'2014-10-24','448882783',NULL,NULL,NULL,NULL,NULL,'2009-02-28',NULL,NULL,NULL,'','','','2009-02-27','0271047003',NULL,NULL,NULL,NULL,NULL,NULL,NULL,NULL,NULL,NULL,NULL,NULL,NULL,NULL,NULL,NULL,NULL,NULL,NULL,NULL,NULL,NULL,'Chr02',1,NULL,NULL,NULL,NULL,NULL,NULL,NULL,NULL,NULL,NULL,NULL,NULL,NULL,NULL,NULL,NULL,NULL,NULL,NULL,NULL,NULL,NULL,NULL,'','','','','','',NULL,'','','','Male','','','10 Robbins Road Salt Rock 4391','','','','','',0,'South Africa','PO Box 34','4390','South Africa','Umhlali','Single','Mr','',NULL,NULL,NULL,'',NULL,NULL,NULL,'','',NULL,NULL,NULL,NULL,NULL,NULL,NULL,NULL,NULL,NULL,NULL,NULL,NULL,'','',NULL,NULL,NULL,NULL,'CPL',NULL,NULL,NULL,NULL,'',NULL,NULL,NULL,NULL,NULL,NULL,NULL,NULL,'',NULL,NULL,NULL,NULL,NULL,NULL,NULL),(139,NULL,NULL,NULL,NULL,NULL,NULL,NULL,NULL,NULL,NULL,NULL,NULL,NULL,'4 Essenhurst Estate 270 Ridge Road Berea Durban 4001','','','','','1972-03-30','mclaren@vodamail.co.za','Wayne Ralph','031 201 4336','7203305 223 08 6','Mclaren','082 490 7891',NULL,'Lee-Ann','031 201 4336','McLaren','083 633 0847',NULL,'2018-11-12','480407670',NULL,NULL,NULL,NULL,NULL,'2009-03-30',NULL,NULL,NULL,'','','','2018-09-30','0272292251',NULL,NULL,NULL,NULL,NULL,NULL,NULL,NULL,NULL,NULL,NULL,NULL,NULL,NULL,NULL,NULL,NULL,NULL,NULL,NULL,NULL,NULL,'Way01',1,NULL,NULL,NULL,NULL,NULL,NULL,NULL,NULL,NULL,NULL,NULL,NULL,NULL,NULL,NULL,NULL,NULL,NULL,NULL,NULL,NULL,NULL,NULL,'','Jennifer Steenkamp','031 577 2973','Aunt','031 450 4772','031 450 4770',NULL,'Renell McLaren','031 57 6624','Sister','Male','','083 633 0847','4 Essenhurst Estate 270 Ridge Road Berea Durban 4001','','','','','Keenan Wayne',4,'South Africa','','','','','Married','Capt.','',NULL,NULL,NULL,'',NULL,NULL,NULL,'South Africa','20080025LV3J',NULL,NULL,NULL,NULL,NULL,NULL,NULL,NULL,NULL,NULL,NULL,NULL,NULL,'','92704428PW',NULL,NULL,NULL,NULL,'CPL',NULL,NULL,NULL,NULL,'',NULL,NULL,NULL,NULL,NULL,NULL,NULL,NULL,'SANDF',NULL,NULL,NULL,NULL,NULL,NULL,NULL),(140,NULL,NULL,NULL,NULL,NULL,NULL,NULL,NULL,NULL,NULL,NULL,NULL,NULL,'B106 Surfside 86 Bellamont Road Umdloti 5051','','','','','1976-10-16','gregm@starliteaviation.co.za','Greg','','7610165097089','Mitchell','072 599 6576',NULL,'Mike','033 347 0200','Mitchell','082 419 6457',NULL,'1900-01-00','',NULL,NULL,NULL,NULL,NULL,'1900-01-00',NULL,NULL,NULL,'','Group Accountant','Virginia Airport','1900-01-00','',NULL,NULL,NULL,NULL,NULL,NULL,NULL,NULL,NULL,NULL,NULL,NULL,NULL,NULL,NULL,NULL,NULL,NULL,NULL,NULL,NULL,NULL,'Gre04',1,NULL,NULL,NULL,NULL,NULL,NULL,NULL,NULL,NULL,NULL,NULL,NULL,NULL,NULL,NULL,NULL,NULL,NULL,NULL,NULL,NULL,NULL,NULL,'','Mike Mitchell','082 419 6457','','31','031 571 6600',NULL,'Dee Anne Perrow','082 877 1929','Partner','Male','','','6 Treefern Place Oak Park Pietermaritzburg','','','','','',0,'','','','','','Single','Mr','Starlite Aviation (Pty) Ltd',NULL,NULL,NULL,'Accounts',NULL,NULL,NULL,'South Africa','20340010472S',NULL,NULL,NULL,NULL,NULL,NULL,NULL,NULL,NULL,NULL,NULL,NULL,NULL,'Charles Bell','',NULL,NULL,NULL,NULL,'',NULL,NULL,NULL,NULL,'6639',NULL,NULL,NULL,NULL,NULL,NULL,NULL,NULL,'Dicovery',NULL,NULL,NULL,NULL,NULL,NULL,NULL),(141,NULL,NULL,NULL,NULL,NULL,NULL,NULL,NULL,NULL,NULL,NULL,NULL,NULL,'200 Johanna Road Sea Cowlake 4150','','','','','1980-06-22','','Khangezile Cloudia','','800622 0444 08 6','Mngomezulu','079 366 8998',NULL,'Hlanganani Victus','','Mtungwa','073 569 6066',NULL,'1900-01-00','',NULL,NULL,NULL,NULL,NULL,'1900-01-00',NULL,NULL,NULL,'','General Office Assistant','Virginia Airport','1900-01-00','',NULL,NULL,NULL,NULL,NULL,NULL,NULL,NULL,NULL,NULL,NULL,NULL,NULL,NULL,NULL,NULL,NULL,NULL,NULL,NULL,NULL,NULL,'Kha01',1,NULL,NULL,NULL,NULL,NULL,NULL,NULL,NULL,NULL,NULL,NULL,NULL,NULL,NULL,NULL,NULL,NULL,NULL,NULL,NULL,NULL,NULL,NULL,'','James','072 404 0221','','','',NULL,'Gladness','082 955 0969','','Female','','072 404 0221','140 More Road Dalbridge','','','','','Mnqobi',2,'','','','South Africa','','Single','Miss','Starlite Aviation (Pty) Ltd',NULL,NULL,NULL,'',NULL,NULL,NULL,'','',NULL,NULL,NULL,NULL,NULL,NULL,NULL,NULL,NULL,NULL,NULL,NULL,NULL,'George Booysens','',NULL,NULL,NULL,NULL,'',NULL,NULL,NULL,NULL,'',NULL,NULL,NULL,NULL,NULL,NULL,NULL,NULL,'',NULL,NULL,NULL,NULL,NULL,NULL,NULL),(142,NULL,NULL,NULL,NULL,NULL,NULL,NULL,NULL,NULL,NULL,NULL,NULL,NULL,'5 CLeevewood Place Malvern Durban','','','','','1974-05-03','neville.moodley@bmwdealer.co.za','Yugandran Neville','082 342 0005','740503 5197 08 0','Moodley','082 786 4662',NULL,'June','082 342 0005','Moodley','082 342 0005',NULL,'1900-01-00','',NULL,NULL,NULL,NULL,NULL,'1900-01-00',NULL,NULL,NULL,'','','','1900-01-00','',NULL,NULL,NULL,NULL,NULL,NULL,NULL,NULL,NULL,NULL,NULL,NULL,NULL,NULL,NULL,NULL,NULL,NULL,NULL,NULL,NULL,NULL,'Yug01',1,NULL,NULL,NULL,NULL,NULL,NULL,NULL,NULL,NULL,NULL,NULL,NULL,NULL,NULL,NULL,NULL,NULL,NULL,NULL,NULL,NULL,NULL,NULL,'','','083 713 6768','','','031 465 1981',NULL,'','031 404 1381','','Male','','','5 CLeevewood Place Malvern Durban','','','','','Liam',1,'','111 Colorado Cirlce',' CHatsworth','South Africa','Bayview','Married','Mr','',NULL,NULL,NULL,'',NULL,NULL,NULL,'','',NULL,NULL,NULL,NULL,NULL,NULL,NULL,NULL,NULL,NULL,NULL,NULL,NULL,'','',NULL,NULL,NULL,NULL,'PPL',NULL,NULL,NULL,NULL,'',NULL,NULL,NULL,NULL,NULL,NULL,NULL,NULL,'Motohealth',NULL,NULL,NULL,NULL,NULL,NULL,NULL),(143,NULL,NULL,NULL,NULL,NULL,NULL,NULL,NULL,NULL,NULL,NULL,NULL,NULL,'12 Berea Crescent Port Shepstone 4240','','','','','1973-03-24','yusafmoosa@mweb.co.za','Yusaf','039 682 6146','730324 5077 08 7','Moosa','083 786 4455',NULL,'Zaheer','039 682 6549','Moosa','082 578 6151',NULL,'2014-11-21','449490606',NULL,NULL,NULL,NULL,NULL,'2008-06-30',NULL,NULL,NULL,'','','','2008-02-28','0272215336',NULL,NULL,NULL,NULL,NULL,NULL,NULL,NULL,NULL,NULL,NULL,NULL,NULL,NULL,NULL,NULL,NULL,NULL,NULL,NULL,NULL,NULL,'Yus01',1,NULL,NULL,NULL,NULL,NULL,NULL,NULL,NULL,NULL,NULL,NULL,NULL,NULL,NULL,NULL,NULL,NULL,NULL,NULL,NULL,NULL,NULL,NULL,'ps@bargaingroup.co.za','Yacoob Moosa','082 578 6906','','039 685 5210','039 685 4130',NULL,'Razia Moosa','082 786 0600','','Male','','082 786 0600','42 Snipe Street Albersville Port Shepstone','','','','','Juwairiya',3,'South Africa','PO Box 143','4240','','Port Shepstone','Married','Mr','',NULL,NULL,NULL,'',NULL,NULL,NULL,'South Africa','203700039 CFV',NULL,NULL,NULL,NULL,NULL,NULL,NULL,NULL,NULL,NULL,NULL,NULL,NULL,'','148838473',NULL,NULL,NULL,NULL,'PPL',NULL,NULL,NULL,NULL,'',NULL,NULL,NULL,NULL,NULL,NULL,NULL,NULL,'Discovery',NULL,NULL,NULL,NULL,NULL,NULL,NULL),(144,NULL,NULL,NULL,NULL,NULL,NULL,NULL,NULL,NULL,NULL,NULL,NULL,NULL,'','','','','','1900-01-00','','Jane','','','Ncobe','',NULL,'','','','',NULL,'1900-01-00','',NULL,NULL,NULL,NULL,NULL,'1900-01-00',NULL,NULL,NULL,'','','','1900-01-00','',NULL,NULL,NULL,NULL,NULL,NULL,NULL,NULL,NULL,NULL,NULL,NULL,NULL,NULL,NULL,NULL,NULL,NULL,NULL,NULL,NULL,NULL,'Jan05',1,NULL,NULL,NULL,NULL,NULL,NULL,NULL,NULL,NULL,NULL,NULL,NULL,NULL,NULL,NULL,NULL,NULL,NULL,NULL,NULL,NULL,NULL,NULL,'','','','','','',NULL,'','','','Female','','','','','','','','',0,'','','','South Africa','','','Mrs','',NULL,NULL,NULL,'',NULL,NULL,NULL,'','',NULL,NULL,NULL,NULL,NULL,NULL,NULL,NULL,NULL,NULL,NULL,NULL,NULL,'','',NULL,NULL,NULL,NULL,'',NULL,NULL,NULL,NULL,'',NULL,NULL,NULL,NULL,NULL,NULL,NULL,NULL,'',NULL,NULL,NULL,NULL,NULL,NULL,NULL),(145,NULL,NULL,NULL,NULL,NULL,NULL,NULL,NULL,NULL,NULL,NULL,NULL,NULL,'38 Slovo Avenue Chesterville Ext. 1','','','','','1985-08-27','reception@starliteaviation.co.za','Charity','031 264 0765','850827 0603 08 1','Ngcobo','073 872 3609',NULL,'Zenzele','031 264 0765','Mhlongo','',NULL,'1900-01-00','',NULL,NULL,NULL,NULL,NULL,'1900-01-00',NULL,NULL,NULL,'','Receptionist','Virginia Airport','1900-01-00','',NULL,NULL,NULL,NULL,NULL,NULL,NULL,NULL,NULL,NULL,NULL,NULL,NULL,NULL,NULL,NULL,NULL,NULL,NULL,NULL,NULL,NULL,'Cha03',1,NULL,NULL,NULL,NULL,NULL,NULL,NULL,NULL,NULL,NULL,NULL,NULL,NULL,NULL,NULL,NULL,NULL,NULL,NULL,NULL,NULL,NULL,NULL,'','Isabele','033 396 4112','Mother','031 571 6610','031 571 6600',NULL,'Gladness','083 329 5310','Aunt','Female','','','38 Slovo Avenue Chesterville Ext. 1','','','','','Sphesihle',1,'','','','South Africa','','Married','Mrs','Starlite Aviation (Pty) Ltd',NULL,NULL,NULL,'Accounts',NULL,NULL,NULL,'','',NULL,NULL,NULL,NULL,NULL,NULL,NULL,NULL,NULL,NULL,NULL,NULL,NULL,'Veno Naicker','',NULL,NULL,NULL,NULL,'',NULL,NULL,NULL,NULL,'6600',NULL,NULL,NULL,NULL,NULL,NULL,NULL,NULL,'',NULL,NULL,NULL,NULL,NULL,NULL,NULL),(146,NULL,NULL,NULL,NULL,NULL,NULL,NULL,NULL,NULL,NULL,NULL,NULL,NULL,'15 Saxon Crescent La Lucia 4051','','','','','1956-03-31','sharonn@starliteaviation.co.za','Sharon','315726372','5603310177080','Nichol','833247550',NULL,'Alexander','031 572 6372','Nichol','846243927',NULL,'1900-01-00','',NULL,NULL,NULL,NULL,NULL,'1900-01-00',NULL,NULL,NULL,'','Accountant','Virginia Airport','1900-01-00','',NULL,NULL,NULL,NULL,NULL,NULL,NULL,NULL,NULL,NULL,NULL,NULL,NULL,NULL,NULL,NULL,NULL,NULL,NULL,NULL,NULL,NULL,'Sha01',1,NULL,NULL,NULL,NULL,NULL,NULL,NULL,NULL,NULL,NULL,NULL,NULL,NULL,NULL,NULL,NULL,NULL,NULL,NULL,NULL,NULL,NULL,NULL,'','Alex','083 469 5771','Daughter','315716632','315716630',NULL,'Crawford','072 544 4979','Son','Female','','','15 Saxon Crescent La lucia 4051','','','','','Shauna',2,'','15 Saxon Crescent','4051','South Africa','La Lucia','Married','Mrs','Starlite Group',NULL,NULL,NULL,'Accounts',NULL,NULL,NULL,'South Africa','20220006C29C',NULL,NULL,NULL,NULL,NULL,NULL,NULL,NULL,NULL,NULL,NULL,NULL,NULL,'','',NULL,NULL,NULL,NULL,'',NULL,NULL,NULL,NULL,'6630',NULL,NULL,NULL,NULL,NULL,NULL,NULL,NULL,'',NULL,NULL,NULL,NULL,NULL,NULL,NULL),(147,NULL,NULL,NULL,NULL,NULL,NULL,NULL,NULL,NULL,NULL,NULL,NULL,NULL,'37 Danville Avenue Virginia Airport Durban North 4016','','','','','1986-11-05','staceyo@starliteaviation.co.za','Stacey-Lee','','8611050067087','O`Hagan','082 331 8016',NULL,'Debbie','031 562 0386','O`Hagan','082 419 3468',NULL,'1900-01-00','',NULL,NULL,NULL,NULL,NULL,'1900-01-00',NULL,NULL,NULL,'','Operations Assistant','Virginia Airport','1900-01-00','',NULL,NULL,NULL,NULL,NULL,NULL,NULL,NULL,NULL,NULL,NULL,NULL,NULL,NULL,NULL,NULL,NULL,NULL,NULL,NULL,NULL,NULL,'Sta02',1,NULL,NULL,NULL,NULL,NULL,NULL,NULL,NULL,NULL,NULL,NULL,NULL,NULL,NULL,NULL,NULL,NULL,NULL,NULL,NULL,NULL,NULL,NULL,'stacey-lee.ohagan@live.co.za','Sandy Kruger','','Aunt','031 564 2237','031 571 6600',NULL,'Marge King','031 568 1421','Grandmother','Female','031 562 0386','082 454 8667','4 Sunflame Mews 25 Village Way Sunningdale 4051','','','','','',0,'South Africa','PO Box 980','4350','South Africa','Umdloti Beach','Single','Miss','Starlite Aviation (Pty) Ltd',NULL,NULL,NULL,'Operations',NULL,NULL,NULL,'','',NULL,NULL,NULL,NULL,NULL,NULL,NULL,NULL,NULL,NULL,NULL,NULL,NULL,'Fiona McCarthy','5087351',NULL,NULL,NULL,NULL,'',NULL,NULL,NULL,NULL,'6635',NULL,NULL,NULL,NULL,NULL,NULL,NULL,NULL,'Momentum',NULL,NULL,NULL,NULL,NULL,NULL,NULL),(148,NULL,NULL,NULL,NULL,NULL,NULL,NULL,NULL,NULL,NULL,NULL,NULL,NULL,'45 Ashley Drive Gillits 3610','','','','','1966-03-21','alanpalmer@mweb.co.za','Alan','031 767 1640','660321 5045 08 4','Palmer','082 561 3390',NULL,'Judith','031 767 1640','Palmer','082 325 3496',NULL,'1900-01-00','',NULL,NULL,NULL,NULL,NULL,'1900-01-00',NULL,NULL,NULL,'','','','2018-08-28','0272243023',NULL,NULL,NULL,NULL,NULL,NULL,NULL,NULL,NULL,NULL,NULL,NULL,NULL,NULL,NULL,NULL,NULL,NULL,NULL,NULL,NULL,NULL,'Ala02',1,NULL,NULL,NULL,NULL,NULL,NULL,NULL,NULL,NULL,NULL,NULL,NULL,NULL,NULL,NULL,NULL,NULL,NULL,NULL,NULL,NULL,NULL,NULL,'','Jean Palmer','039 976 0677','','031 764 3691','031 767 1640',NULL,'Patrick Palmer','083 458 3170','','Male','031 764 3691','082 325 3496','45 Ashley Drive Gillits 3610','','','','','Bradley',2,'','PO Box 720','4420','','Gillits 3603','Married','Mr','',NULL,NULL,NULL,'',NULL,NULL,NULL,'','',NULL,NULL,NULL,NULL,NULL,NULL,NULL,NULL,NULL,NULL,NULL,NULL,NULL,'','62975350',NULL,NULL,NULL,NULL,'PPL',NULL,NULL,NULL,NULL,'',NULL,NULL,NULL,NULL,NULL,NULL,NULL,NULL,'Discovery',NULL,NULL,NULL,NULL,NULL,NULL,NULL),(149,NULL,NULL,NULL,NULL,NULL,NULL,NULL,NULL,NULL,NULL,NULL,NULL,NULL,'17A Impala Crescent Ballito 4420','','','','','1962-01-03','neeks!mweb.co.za','Neil','032 946 1440','','Pentolfe','082 574 1235',NULL,'Robyn','032 946 1440','Pentolfe','084 500 1848',NULL,'2014-05-27','AN847431',NULL,NULL,NULL,NULL,NULL,'2009-02-28',NULL,NULL,NULL,'','','','2009-10-08','027 103 9513',NULL,NULL,NULL,NULL,NULL,NULL,NULL,NULL,NULL,NULL,NULL,NULL,NULL,NULL,NULL,NULL,NULL,NULL,NULL,NULL,NULL,NULL,'Nei01',1,NULL,NULL,NULL,NULL,NULL,NULL,NULL,NULL,NULL,NULL,NULL,NULL,NULL,NULL,NULL,NULL,NULL,NULL,NULL,NULL,NULL,NULL,NULL,'','Brandon Pentolfe','082 469 6924','','032 946 2115','032 946 3062',NULL,'Robyn Pentolfe','084 500 1848','','Male','','','17A Impala Crescent Ballito 4420','','','','','Shayle',3,'Zimbabwe','Suite 40','Ballito','South Africa',' Pvt Bag X0001','Married','Mr','',NULL,NULL,NULL,'',NULL,NULL,NULL,'International','15398',NULL,NULL,NULL,NULL,NULL,NULL,NULL,NULL,NULL,NULL,NULL,NULL,NULL,'','BI 6000 0012 5746',NULL,NULL,NULL,NULL,'PPL',NULL,NULL,NULL,NULL,'',NULL,NULL,NULL,NULL,NULL,NULL,NULL,NULL,'Bupa',NULL,NULL,NULL,NULL,NULL,NULL,NULL),(150,NULL,NULL,NULL,NULL,NULL,NULL,NULL,NULL,NULL,NULL,NULL,NULL,NULL,'39 Rosewood Unit 4 Forest Road Clarendon PMB','','','','','1977-07-06','pereksb@eskom.co.za','Brian','','770706 5032 08 1','Pereksles','072 623 2337',NULL,'Vicki','033 355 4000','Philpott','083 717 2877',NULL,'2013-10-22','442639594',NULL,NULL,NULL,NULL,NULL,'2009-08-31',NULL,NULL,NULL,'','','','1900-01-00','',NULL,NULL,NULL,NULL,NULL,NULL,NULL,NULL,NULL,NULL,NULL,NULL,NULL,NULL,NULL,NULL,NULL,NULL,NULL,NULL,NULL,NULL,'Bri01',1,NULL,NULL,NULL,NULL,NULL,NULL,NULL,NULL,NULL,NULL,NULL,NULL,NULL,NULL,NULL,NULL,NULL,NULL,NULL,NULL,NULL,NULL,NULL,'','','','','033 395 3611','033 395 7035',NULL,'Yvonne Pereksles','084 351 8040','','Male','','','39 Rosewood Unit 4 Forest Road Clarendon PMB','','','','','',0,'South Africa','PO Box 13740','3202','','Cascades','Single','Mr','',NULL,NULL,NULL,'',NULL,NULL,NULL,'South Africa','203400107V9T',NULL,NULL,NULL,NULL,NULL,NULL,NULL,NULL,NULL,NULL,NULL,NULL,NULL,'','224203197',NULL,NULL,NULL,NULL,'',NULL,NULL,NULL,NULL,'',NULL,NULL,NULL,NULL,NULL,NULL,NULL,NULL,'Bonitas',NULL,NULL,NULL,NULL,NULL,NULL,NULL),(151,NULL,NULL,NULL,NULL,NULL,NULL,NULL,NULL,NULL,NULL,NULL,NULL,NULL,'Unit 6 13 Inanda Road Hillcrest Durban 3610','','','','','1982-04-20','morganpollock@gmail.com','Morgan','031 765 5247','820420 5259 08 8','Pollock','072 699 6869',NULL,'Gareth','031 765 5247','Pollock','083 791 5247',NULL,'1900-01-00','',NULL,NULL,NULL,NULL,NULL,'2008-11-30',NULL,NULL,NULL,'','','','2008-12-05','0272261462',NULL,NULL,NULL,NULL,NULL,NULL,NULL,NULL,NULL,NULL,NULL,NULL,NULL,NULL,NULL,NULL,NULL,NULL,NULL,NULL,NULL,NULL,'Mor01',1,NULL,NULL,NULL,NULL,NULL,NULL,NULL,NULL,NULL,NULL,NULL,NULL,NULL,NULL,NULL,NULL,NULL,NULL,NULL,NULL,NULL,NULL,NULL,'','Justin','072 437 3139','Friend','','',NULL,'Gareth','083 791 5247','Brother','Male','','','Unit 6 13 Inanda Road Hillcrest Durban 3610','','','','','',0,'','','','','','Single','Mr','',NULL,NULL,NULL,'',NULL,NULL,NULL,'','',NULL,NULL,NULL,NULL,NULL,NULL,NULL,NULL,NULL,NULL,NULL,NULL,NULL,'','',NULL,NULL,NULL,NULL,'PPL',NULL,NULL,NULL,NULL,'',NULL,NULL,NULL,NULL,NULL,NULL,NULL,NULL,'',NULL,NULL,NULL,NULL,NULL,NULL,NULL),(152,NULL,NULL,NULL,NULL,NULL,NULL,NULL,NULL,NULL,NULL,NULL,NULL,NULL,'38 Langeberg str Van Riebeeck Park Kempton Park 1619','','','','','1989-09-07','devpretorius@hotmail.com','Devan','','890907 5062 087','Pretorius','084 618 5789',NULL,'Deon','','Pretorius','084 511 6874',NULL,'1900-01-00','',NULL,NULL,NULL,NULL,NULL,'1900-01-00',NULL,NULL,NULL,'','','','1900-01-00','027 227 8862',NULL,NULL,NULL,NULL,NULL,NULL,NULL,NULL,NULL,NULL,NULL,NULL,NULL,NULL,NULL,NULL,NULL,NULL,NULL,NULL,NULL,NULL,'Dev01',1,NULL,NULL,NULL,NULL,NULL,NULL,NULL,NULL,NULL,NULL,NULL,NULL,NULL,NULL,NULL,NULL,NULL,NULL,NULL,NULL,NULL,NULL,NULL,'','Martie','084 551 7500','Mother','','',NULL,'Deon','084 511 6874','Father','Male','','','38 Langeberg str Van Riebeeck Park Kempton Park 1619','','','','','',0,'','','','South Africa','','Single','Mr','',NULL,NULL,NULL,'',NULL,NULL,NULL,'','',NULL,NULL,NULL,NULL,NULL,NULL,NULL,NULL,NULL,NULL,NULL,NULL,NULL,'','86414660',NULL,NULL,NULL,NULL,'PPL',NULL,NULL,NULL,NULL,'',NULL,NULL,NULL,NULL,NULL,NULL,NULL,NULL,'Discovery',NULL,NULL,NULL,NULL,NULL,NULL,NULL),(153,NULL,NULL,NULL,NULL,NULL,NULL,NULL,NULL,NULL,NULL,NULL,NULL,NULL,'24 San Marco Sandwich Court The Gardens La Lucia','','','','','1956-03-13','tarynpurchase@webmail.co.za','Coenraad','031 572 7290','560313 5094 08 0','Purchase','072 737 7067',NULL,'Taryn','031 572 7290','Purchase','082 558 7199',NULL,'2017-10-01','470781281',NULL,NULL,NULL,NULL,NULL,'2009-03-13',NULL,NULL,NULL,'','','','2009-06-12','0270478357',NULL,NULL,NULL,NULL,NULL,NULL,NULL,NULL,NULL,NULL,NULL,NULL,NULL,NULL,NULL,NULL,NULL,NULL,NULL,NULL,NULL,NULL,'Coe01',1,NULL,NULL,NULL,NULL,NULL,NULL,NULL,NULL,NULL,NULL,NULL,NULL,NULL,NULL,NULL,NULL,NULL,NULL,NULL,NULL,NULL,NULL,NULL,'','Linda','034 314 9631','','','',NULL,'Taryn Purchase','082 558 7199','Wife','Male','031 572 7290','082 558 7199','24 San Marco Sandwich Court THe Gardens La Lucia','','','','','Michael',3,'South Africa','PO Box 761','','South Africa','Umhlanga Rocks','Married','Mr','',NULL,NULL,NULL,'',NULL,NULL,NULL,'South Africa','20550003539T',NULL,NULL,NULL,NULL,NULL,NULL,NULL,NULL,NULL,NULL,NULL,NULL,NULL,'','120114581',NULL,NULL,NULL,NULL,'PPL',NULL,NULL,NULL,NULL,'',NULL,NULL,NULL,NULL,NULL,NULL,NULL,NULL,'Discovery',NULL,NULL,NULL,NULL,NULL,NULL,NULL),(154,NULL,NULL,NULL,NULL,NULL,NULL,NULL,NULL,NULL,NULL,NULL,NULL,NULL,'25 Wedgewood Crescent Durban North 4051','','','','','1970-11-30','christop@starliteaviation.co.za','Christo','031 563 7955','7011305045080','Putter','082 921 5577',NULL,'Elmien','031 563 7955','Putter','083 487 5697',NULL,'2016-08-20','462028196',NULL,NULL,NULL,NULL,NULL,'1900-01-00',NULL,NULL,NULL,'','Contracts Manager','Virginia Airport','1900-01-00','',NULL,NULL,NULL,NULL,NULL,NULL,NULL,NULL,NULL,NULL,NULL,NULL,NULL,NULL,NULL,NULL,NULL,NULL,NULL,NULL,NULL,NULL,'Chr03',1,NULL,NULL,NULL,NULL,NULL,NULL,NULL,NULL,NULL,NULL,NULL,NULL,NULL,NULL,NULL,NULL,NULL,NULL,NULL,NULL,NULL,NULL,NULL,'christoputter@absamail.co.za','Willa Heystek','012 667 4156','Mother in Law','031 564 2237','031 571 6600',NULL,'Elmien','083 487 5697','Wife','Male','031 563 7955','','25 Wedgewood Crescent Durban North','','','','','Elzaan',2,'South Africa','25 Wedgewood Crescent','4051','','Durban North','Married','Mr','Starlite Aviation (Pty) Ltd',NULL,NULL,NULL,'Operations',NULL,NULL,NULL,'South Africa','40630010SHSV',NULL,NULL,NULL,NULL,NULL,NULL,NULL,NULL,NULL,NULL,NULL,NULL,NULL,'Quintin Paul','179736940',NULL,NULL,NULL,NULL,'',NULL,NULL,NULL,NULL,'6609',NULL,NULL,NULL,NULL,NULL,NULL,NULL,NULL,'Discovery Health',NULL,NULL,NULL,NULL,NULL,NULL,NULL),(155,NULL,NULL,NULL,NULL,NULL,NULL,NULL,NULL,NULL,NULL,NULL,NULL,NULL,'38 Dalestan place Greenwood Park','','','','','1962-09-11','jeanetter@starliteaviation.co.za','Jeanette','031 564 7506','620911 0001 08 9','Raizenberg','072 340 1982',NULL,'Rozanne','031 564 7506','Raizenberg','082 717 9087',NULL,'1900-01-00','',NULL,NULL,NULL,NULL,NULL,'1900-01-00',NULL,NULL,NULL,'','Maintenance Administrator','Virginia Airport','1900-01-00','',NULL,NULL,NULL,NULL,NULL,NULL,NULL,NULL,NULL,NULL,NULL,NULL,NULL,NULL,NULL,NULL,NULL,NULL,NULL,NULL,NULL,NULL,'Jea01',1,NULL,NULL,NULL,NULL,NULL,NULL,NULL,NULL,NULL,NULL,NULL,NULL,NULL,NULL,NULL,NULL,NULL,NULL,NULL,NULL,NULL,NULL,NULL,'','','','','031 571 6626','031 571 6600',NULL,'','','','Female','','','38 Dalestan place Greenwood Park','','','','','Rozanne',2,'','38 Dalestan Place','4051','South Africa','Greenwood Park','Single','Miss','Starlite Maintenance Durban (Pty) Ltd',NULL,NULL,NULL,'Maintenance',NULL,NULL,NULL,'','',NULL,NULL,NULL,NULL,NULL,NULL,NULL,NULL,NULL,NULL,NULL,NULL,NULL,'Wimpie Rheeder','',NULL,NULL,NULL,NULL,'',NULL,NULL,NULL,NULL,'6625',NULL,NULL,NULL,NULL,NULL,NULL,NULL,NULL,'',NULL,NULL,NULL,NULL,NULL,NULL,NULL),(156,NULL,NULL,NULL,NULL,NULL,NULL,NULL,NULL,NULL,NULL,NULL,NULL,NULL,'4 Stasie Straat Highveld A/H Bloemfontein','','','','','1963-01-27','flightmedic1@fastmail.fm','Iain','051 528 2764','630127 5074 08 2','Rhind','082 804 3331',NULL,'Michael Ian','051 528 2764','Rhind','084 618 2944',NULL,'2014-09-28','4448612050',NULL,NULL,NULL,NULL,NULL,'2009-02-20',NULL,NULL,NULL,'','','','2010-03-09','0271030009',NULL,NULL,NULL,NULL,NULL,NULL,NULL,NULL,NULL,NULL,NULL,NULL,NULL,NULL,NULL,NULL,NULL,NULL,NULL,NULL,NULL,NULL,'Iai01',1,NULL,NULL,NULL,NULL,NULL,NULL,NULL,NULL,NULL,NULL,NULL,NULL,NULL,NULL,NULL,NULL,NULL,NULL,NULL,NULL,NULL,NULL,NULL,'','','','','','',NULL,'','','','Male','086 616 2945','','4 Stasie Straat Highveld A/H Bloemfontein','','','','','',0,'South Africa','PO Box 19557','9364','','Bloemspruit','Single','Mr','',NULL,NULL,NULL,'',NULL,NULL,NULL,'South Africa','30040008CP48',NULL,NULL,NULL,NULL,NULL,NULL,NULL,NULL,NULL,NULL,NULL,NULL,NULL,'','80300239917',NULL,NULL,NULL,NULL,'PPL',NULL,NULL,NULL,NULL,'',NULL,NULL,NULL,NULL,NULL,NULL,NULL,NULL,'Fedhealth',NULL,NULL,NULL,NULL,NULL,NULL,NULL),(157,NULL,NULL,NULL,NULL,NULL,NULL,NULL,NULL,NULL,NULL,NULL,NULL,NULL,'7 Van Rippen Crescent Fickardtpark Bloemfontein 9301','','','','','1978-03-27','','Johannes Marius','','780327 5043 08 1','Snyman','083 659 2940',NULL,'Estelle','','Snyman','082 772 8456',NULL,'2016-10-27','463546992',NULL,NULL,NULL,NULL,NULL,'1900-01-00',NULL,NULL,NULL,'','','','1900-01-00','',NULL,NULL,NULL,NULL,NULL,NULL,NULL,NULL,NULL,NULL,NULL,NULL,NULL,NULL,NULL,NULL,NULL,NULL,NULL,NULL,NULL,NULL,'Joh02',1,NULL,NULL,NULL,NULL,NULL,NULL,NULL,NULL,NULL,NULL,NULL,NULL,NULL,NULL,NULL,NULL,NULL,NULL,NULL,NULL,NULL,NULL,NULL,'','','','','','',NULL,'','','','Male','','','','','','','','',0,'South Africa','','','','','Married','Mr','',NULL,NULL,NULL,'',NULL,NULL,NULL,'','',NULL,NULL,NULL,NULL,NULL,NULL,NULL,NULL,NULL,NULL,NULL,NULL,NULL,'','236416731',NULL,NULL,NULL,NULL,'',NULL,NULL,NULL,NULL,'',NULL,NULL,NULL,NULL,NULL,NULL,NULL,NULL,'Discovery Health',NULL,NULL,NULL,NULL,NULL,NULL,NULL),(158,NULL,NULL,NULL,NULL,NULL,NULL,NULL,NULL,NULL,NULL,NULL,NULL,NULL,'46 Clifton Reynes Clifton Hill Estate 51 Accuts Avenue Hillcrest','','','','','1979-07-17','jasonlobo@webmail.co.za','Jason','','790717 5106 08 6','Springett','082 878 3665',NULL,'Kirsty','','Springett','083 598 9888',NULL,'2018-06-17','477515494',NULL,NULL,NULL,NULL,NULL,'2009-10-21',NULL,NULL,NULL,'','','','1900-01-00','0272221714',NULL,NULL,NULL,NULL,NULL,NULL,NULL,NULL,NULL,NULL,NULL,NULL,NULL,NULL,NULL,NULL,NULL,NULL,NULL,NULL,NULL,NULL,'Jas01',1,NULL,NULL,NULL,NULL,NULL,NULL,NULL,NULL,NULL,NULL,NULL,NULL,NULL,NULL,NULL,NULL,NULL,NULL,NULL,NULL,NULL,NULL,NULL,'jasonlobo@discoverymail.co.za','Yvonne Springett','082 373 5299','Mother','031 450 4772','',NULL,'Kirsty Springett','083 598 9888','Wife','Male','','083 598 9888','46 Clifton Reynes Clifton Hill Estate 51 Accuts Avenue Hillcrest','','','','','Anna Bailey Springett',1,'South Africa','','','South Africa','','Married','Mr','',NULL,NULL,NULL,'',NULL,NULL,NULL,'South Africa','20610009HZ15',NULL,NULL,NULL,NULL,NULL,NULL,NULL,NULL,NULL,NULL,NULL,NULL,NULL,'','98142995PW',NULL,NULL,NULL,NULL,'CPL',NULL,NULL,NULL,NULL,'',NULL,NULL,NULL,NULL,NULL,NULL,NULL,NULL,'SANDF',NULL,NULL,NULL,NULL,NULL,NULL,NULL),(159,NULL,NULL,NULL,NULL,NULL,NULL,NULL,NULL,NULL,NULL,NULL,NULL,NULL,'4 Broadwood Drive Umhlanga','','','','','1986-08-05','barrybev@telkomsa.net','Sean Russel','031 561 6122','860805 5179 08 1','Stevenson','072 306 1911',NULL,'Beverley','031 561 6122','Sparks','082 781 7577',NULL,'2014-05-23','446762380',NULL,NULL,NULL,NULL,NULL,'1900-01-00',NULL,NULL,NULL,'','','','1900-01-00','',NULL,NULL,NULL,NULL,NULL,NULL,NULL,NULL,NULL,NULL,NULL,NULL,NULL,NULL,NULL,NULL,NULL,NULL,NULL,NULL,NULL,NULL,'Sea02',1,NULL,NULL,NULL,NULL,NULL,NULL,NULL,NULL,NULL,NULL,NULL,NULL,NULL,NULL,NULL,NULL,NULL,NULL,NULL,NULL,NULL,NULL,NULL,'','Barry Sparks','083 644 5896','','','',NULL,'Bev Sparks','082 781 7577','','Male','','','4 Broadwood Drive Umhlanga 4320','','','','','',0,'South Africa','PO Box 1910','4320','','Umhlanga','Single','Mr','',NULL,NULL,NULL,'',NULL,NULL,NULL,'','',NULL,NULL,NULL,NULL,NULL,NULL,NULL,NULL,NULL,NULL,NULL,NULL,NULL,'','1209103481',NULL,NULL,NULL,NULL,'',NULL,NULL,NULL,NULL,'',NULL,NULL,NULL,NULL,NULL,NULL,NULL,NULL,'Medgroup',NULL,NULL,NULL,NULL,NULL,NULL,NULL),(160,NULL,NULL,NULL,NULL,NULL,NULL,NULL,NULL,NULL,NULL,NULL,NULL,NULL,'31 Kleinzee Street Morgenster Brackenfell 7560','','','','','1953-04-26','stennies@telkomsa.net','Willem Hendrik','021 981 3284','530426 5051 08 7','Steyn','082 788 1389',NULL,'Lesley Willene','021 981 3284','Steyn','082 471 2271',NULL,'2017-05-08','469464416',NULL,NULL,NULL,NULL,NULL,'1900-01-00',NULL,NULL,NULL,'','','','2009-06-20','0272021080',NULL,NULL,NULL,NULL,NULL,NULL,NULL,NULL,NULL,NULL,NULL,NULL,NULL,NULL,NULL,NULL,NULL,NULL,NULL,NULL,NULL,NULL,'Wil01',1,NULL,NULL,NULL,NULL,NULL,NULL,NULL,NULL,NULL,NULL,NULL,NULL,NULL,NULL,NULL,NULL,NULL,NULL,NULL,NULL,NULL,NULL,NULL,'lsteyn@safivegroup.co.za','','','','','',NULL,'Jolene','021 981 5661','Daughter','Male','021 905 2044','','31 Kleinzee Street Morgenster Brackenfell 7560','','','','','Jolene Steyn',2,'South Africa','PO Box 557','7560','South Africa','Brackenfell','Married','Mr','',NULL,NULL,NULL,'',NULL,NULL,NULL,'South Africa','60420002622N',NULL,NULL,NULL,NULL,NULL,NULL,NULL,NULL,NULL,NULL,NULL,NULL,NULL,'','105357300',NULL,NULL,NULL,NULL,'AME',NULL,NULL,NULL,NULL,'',NULL,NULL,NULL,NULL,NULL,NULL,NULL,NULL,'Discovery',NULL,NULL,NULL,NULL,NULL,NULL,NULL),(161,NULL,NULL,NULL,NULL,NULL,NULL,NULL,NULL,NULL,NULL,NULL,NULL,NULL,'5 Wager Avenue Prestondale Umhlanga 4019','','','','','1963-09-19','training@starliteaviation.co.za','Venessa','031 566 2999','630919 0078 08 8','T`Hart','083 518 9280',NULL,'Simon','031 566 2999','T`Hart','083 332 0435',NULL,'2014-05-03','446052265',NULL,NULL,NULL,NULL,NULL,'1900-01-00',NULL,NULL,NULL,'','Training Assistant','Virginia Airport','1900-01-00','',NULL,NULL,NULL,NULL,NULL,NULL,NULL,NULL,NULL,NULL,NULL,NULL,NULL,NULL,NULL,NULL,NULL,NULL,NULL,NULL,NULL,NULL,'Ven04',1,NULL,NULL,NULL,NULL,NULL,NULL,NULL,NULL,NULL,NULL,NULL,NULL,NULL,NULL,NULL,NULL,NULL,NULL,NULL,NULL,NULL,NULL,NULL,'designprojects@telkomsa.net','Pat Green','072 464 1603','','','031 571 6600',NULL,'Simon T`Hart','083 332 0435','Husband','Female','031 566 2999','','5 Wager Avenue Prestondale Umhlanga 4019','','','','','Simon',2,'South Africa','','','','','Married','Mrs','Starlite Aviation (Pty) Ltd',NULL,NULL,NULL,'Training',NULL,NULL,NULL,'South Africa','2008002SNLCN',NULL,NULL,NULL,NULL,NULL,NULL,NULL,NULL,NULL,NULL,NULL,NULL,NULL,'Klara Fouche','156704170',NULL,NULL,NULL,NULL,'',NULL,NULL,NULL,NULL,'6618',NULL,NULL,NULL,NULL,NULL,NULL,NULL,NULL,'Discovery',NULL,NULL,NULL,NULL,NULL,NULL,NULL),(162,NULL,NULL,NULL,NULL,NULL,NULL,NULL,NULL,NULL,NULL,NULL,NULL,NULL,'1 Kingsley Mews 4 Kings Road Pinetown 3610','','','','','1970-12-15','maintenance@starliteaviation.co.za','Kim','031 701 1174','701215 0536 08 4','Trublet-de-Nermont','082 222 8968',NULL,'Janice','031 701 1174','Hilton','',NULL,'1900-01-00','',NULL,NULL,NULL,NULL,NULL,'1900-01-00',NULL,NULL,NULL,'','Tech Control/Quality Manager','Virginia Airport','1900-01-00','027 100 3634',NULL,NULL,NULL,NULL,NULL,NULL,NULL,NULL,NULL,NULL,NULL,NULL,NULL,NULL,NULL,NULL,NULL,NULL,NULL,NULL,NULL,NULL,'Kim02',1,NULL,NULL,NULL,NULL,NULL,NULL,NULL,NULL,NULL,NULL,NULL,NULL,NULL,NULL,NULL,NULL,NULL,NULL,NULL,NULL,NULL,NULL,NULL,'oryx_kt@yahoo.co.uk','Roger','082 806 6388','Father','031 571 6626','031 571 6600',NULL,'Janice','031 765 7794','Mother','Female','031 701 1174','','1 Kingsley Mews 4 Kings Road Pinetown 3610','','','','','Matthew',1,'','','1725','','','Single','Miss','Starlite Maintenance Durban (Pty) Ltd',NULL,NULL,NULL,'Maintenance',NULL,NULL,NULL,'','',NULL,NULL,NULL,NULL,NULL,NULL,NULL,NULL,NULL,NULL,NULL,NULL,NULL,'Wimpie Rheeder','',NULL,NULL,NULL,NULL,'',NULL,NULL,NULL,NULL,'6614',NULL,NULL,NULL,NULL,NULL,NULL,NULL,NULL,'Oxygen',NULL,NULL,NULL,NULL,NULL,NULL,NULL),(163,NULL,NULL,NULL,NULL,NULL,NULL,NULL,NULL,NULL,NULL,NULL,NULL,NULL,'68 Round the Green Sunningdale 4051','','','','','1968-04-12','llewelyn.venter@hotmail.com','Llewellyn','031 562 0386','680412 5155 08 4','Venter','084 488 9619',NULL,'Jacques','','Venter','084 459 3869',NULL,'1900-01-00','470748147',NULL,NULL,NULL,NULL,NULL,'1900-01-00',NULL,NULL,NULL,'','AME','Virginia Airport','2009-10-17','0272265976',NULL,NULL,NULL,NULL,NULL,NULL,NULL,NULL,NULL,NULL,NULL,NULL,NULL,NULL,NULL,NULL,NULL,NULL,NULL,NULL,NULL,NULL,'Lle01',1,NULL,NULL,NULL,NULL,NULL,NULL,NULL,NULL,NULL,NULL,NULL,NULL,NULL,NULL,NULL,NULL,NULL,NULL,NULL,NULL,NULL,NULL,NULL,'','','','','031 571 6610','031 571 6600',NULL,'Yolande','083 320 4340','','Male','','','Loloko Hartebeespoort Dam','','','','','Amy',1,'South Africa','68 Round the Green','4051','South Africa','Sunningdale','Divorced','Mr','Starlite Maintenance Durban (Pty) Ltd',NULL,NULL,NULL,'Maintenance',NULL,NULL,NULL,'','',NULL,NULL,NULL,NULL,NULL,NULL,NULL,NULL,NULL,NULL,NULL,NULL,NULL,'Wimpie Rheeder','',NULL,NULL,NULL,NULL,'AME',NULL,NULL,NULL,NULL,'6614',NULL,NULL,NULL,NULL,NULL,NULL,NULL,NULL,'',NULL,NULL,NULL,NULL,NULL,NULL,NULL),(164,NULL,NULL,NULL,NULL,NULL,NULL,NULL,NULL,NULL,NULL,NULL,NULL,NULL,'20 O`Reilly Crescent Queensburgh 4070','','','','','1989-12-14','georgev@tiscali.co.za','George','031 464 3251','891214 5031 08 2','Vorster','082 926 7803',NULL,'George','031 464 3251','Vorster','072 424 1408',NULL,'2016-07-10','462766506',NULL,NULL,NULL,NULL,NULL,'1900-01-00',NULL,NULL,NULL,'','','','1900-01-00','',NULL,NULL,NULL,NULL,NULL,NULL,NULL,NULL,NULL,NULL,NULL,NULL,NULL,NULL,NULL,NULL,NULL,NULL,NULL,NULL,NULL,NULL,'Geo02',1,NULL,NULL,NULL,NULL,NULL,NULL,NULL,NULL,NULL,NULL,NULL,NULL,NULL,NULL,NULL,NULL,NULL,NULL,NULL,NULL,NULL,NULL,NULL,'georgev@vtlogistics.co.za','Gladys','072 424 1408','','086 689 0560','031 464 3251',NULL,'George','082 296 8785','','Male','','','20 O`Reilly Crescent Queensburgh 4070','','','','','',0,'South Africa','PO Box 39401','4093','','Queensburgh','Single','Mr','',NULL,NULL,NULL,'',NULL,NULL,NULL,'','',NULL,NULL,NULL,NULL,NULL,NULL,NULL,NULL,NULL,NULL,NULL,NULL,NULL,'','',NULL,NULL,NULL,NULL,'',NULL,NULL,NULL,NULL,'',NULL,NULL,NULL,NULL,NULL,NULL,NULL,NULL,'Discovery',NULL,NULL,NULL,NULL,NULL,NULL,NULL),(165,NULL,NULL,NULL,NULL,NULL,NULL,NULL,NULL,NULL,NULL,NULL,NULL,NULL,'1 Adrienne Avenue Glenashley 4051','','','','','1988-05-18','carmen@farmtrac.co.za','Carmen','','880518 0099 08 1','Wichmann','082 772 4697',NULL,'Heidi','034 218 2770','Wichmann','072 1501 117',NULL,'1900-01-00','',NULL,NULL,NULL,NULL,NULL,'2008-11-30',NULL,NULL,NULL,'','','','2009-06-02','0272236795',NULL,NULL,NULL,NULL,NULL,NULL,NULL,NULL,NULL,NULL,NULL,NULL,NULL,NULL,NULL,NULL,NULL,NULL,NULL,NULL,NULL,NULL,'Car02',1,NULL,NULL,NULL,NULL,NULL,NULL,NULL,NULL,NULL,NULL,NULL,NULL,NULL,NULL,NULL,NULL,NULL,NULL,NULL,NULL,NULL,NULL,NULL,'','Oscar Wichmann','082 492 3481','','','',NULL,'Heidi Wichmann','072 1501 117','','Female','','','4 Tugela Road Dundee 3000','','','','','',0,'','PO Box 873','3000','','Dundee','Single','Miss','',NULL,NULL,NULL,'',NULL,NULL,NULL,'South Africa','2010000037FN',NULL,NULL,NULL,NULL,NULL,NULL,NULL,NULL,NULL,NULL,NULL,NULL,NULL,'','692388',NULL,NULL,NULL,NULL,'PPL',NULL,NULL,NULL,NULL,'',NULL,NULL,NULL,NULL,NULL,NULL,NULL,NULL,'Momentum',NULL,NULL,NULL,NULL,NULL,NULL,NULL),(166,NULL,NULL,NULL,NULL,NULL,NULL,NULL,NULL,NULL,NULL,NULL,NULL,NULL,'x','xxxxxxxxxxx','xxxxxxxxxxxx','x','','2009-12-09','apollo399@gmail.com','Test','x','','Pilot','xxx','x','x','x','x','x','x',NULL,NULL,'',NULL,NULL,NULL,NULL,NULL,NULL,NULL,NULL,NULL,NULL,NULL,NULL,NULL,NULL,NULL,NULL,NULL,NULL,NULL,NULL,NULL,NULL,NULL,NULL,NULL,NULL,NULL,NULL,NULL,NULL,NULL,NULL,NULL,NULL,NULL,'Pil01',1,0,NULL,NULL,0,NULL,0,NULL,0,NULL,0,NULL,568,NULL,NULL,NULL,NULL,NULL,NULL,NULL,NULL,NULL,NULL,NULL,'','','','','','',NULL,'x','','x','Male','','','x','x','x','x','',NULL,NULL,NULL,'x','x','','x','Divorced','Mr',NULL,NULL,NULL,NULL,NULL,NULL,NULL,NULL,'','',NULL,NULL,NULL,NULL,NULL,NULL,NULL,NULL,NULL,NULL,NULL,NULL,NULL,NULL,'',NULL,NULL,NULL,NULL,NULL,NULL,NULL,NULL,NULL,NULL,NULL,NULL,NULL,NULL,NULL,NULL,NULL,NULL,'','',NULL,NULL,NULL,NULL,NULL,NULL),(167,NULL,NULL,NULL,NULL,NULL,NULL,NULL,NULL,NULL,NULL,NULL,NULL,NULL,NULL,NULL,NULL,NULL,NULL,NULL,NULL,NULL,NULL,NULL,NULL,NULL,NULL,NULL,NULL,NULL,NULL,NULL,NULL,NULL,NULL,NULL,NULL,NULL,NULL,NULL,NULL,NULL,NULL,NULL,NULL,NULL,NULL,NULL,NULL,NULL,NULL,NULL,NULL,NULL,NULL,NULL,NULL,NULL,NULL,NULL,NULL,NULL,NULL,NULL,NULL,NULL,NULL,NULL,NULL,NULL,NULL,1,0,NULL,NULL,0,NULL,0,NULL,0,NULL,0,NULL,577,NULL,NULL,NULL,NULL,NULL,NULL,NULL,NULL,NULL,NULL,NULL,NULL,NULL,NULL,NULL,NULL,NULL,NULL,NULL,NULL,NULL,NULL,NULL,NULL,NULL,NULL,NULL,NULL,NULL,NULL,NULL,NULL,NULL,NULL,NULL,NULL,NULL,NULL,NULL,NULL,NULL,NULL,NULL,NULL,NULL,NULL,NULL,NULL,NULL,NULL,NULL,NULL,NULL,NULL,NULL,NULL,NULL,NULL,NULL,NULL,NULL,NULL,NULL,NULL,NULL,NULL,NULL,NULL,NULL,NULL,NULL,NULL,NULL,NULL,NULL,NULL,NULL,NULL,NULL,NULL,NULL,NULL,NULL,NULL,NULL,NULL,NULL,NULL,NULL),(168,NULL,NULL,NULL,NULL,NULL,NULL,NULL,NULL,NULL,NULL,NULL,NULL,NULL,NULL,NULL,NULL,NULL,NULL,NULL,NULL,NULL,NULL,NULL,NULL,NULL,NULL,NULL,NULL,NULL,NULL,NULL,NULL,NULL,NULL,NULL,NULL,NULL,NULL,NULL,NULL,NULL,NULL,NULL,NULL,NULL,NULL,NULL,NULL,NULL,NULL,NULL,NULL,NULL,NULL,NULL,NULL,NULL,NULL,NULL,NULL,NULL,NULL,NULL,NULL,NULL,NULL,NULL,NULL,NULL,NULL,1,0,NULL,NULL,0,NULL,0,NULL,0,NULL,0,NULL,578,NULL,NULL,NULL,NULL,NULL,NULL,NULL,NULL,NULL,NULL,NULL,NULL,NULL,NULL,NULL,NULL,NULL,NULL,NULL,NULL,NULL,NULL,NULL,NULL,NULL,NULL,NULL,NULL,NULL,NULL,NULL,NULL,NULL,NULL,NULL,NULL,NULL,NULL,NULL,NULL,NULL,NULL,NULL,NULL,NULL,NULL,NULL,NULL,NULL,NULL,NULL,NULL,NULL,NULL,NULL,NULL,NULL,NULL,NULL,NULL,NULL,NULL,NULL,NULL,NULL,NULL,NULL,NULL,NULL,NULL,NULL,NULL,NULL,NULL,NULL,NULL,NULL,NULL,NULL,NULL,NULL,NULL,NULL,NULL,NULL,NULL,NULL,NULL,NULL);
/*!40000 ALTER TABLE `crewmember` ENABLE KEYS */;
UNLOCK TABLES;

--
-- Table structure for table `crewmember_crewmember$flightanddutyactuals`
--

DROP TABLE IF EXISTS `crewmember_crewmember$flightanddutyactuals`;
CREATE TABLE `crewmember_crewmember$flightanddutyactuals` (
  `crewmember_id` int(11) NOT NULL default '0',
  `flightanddutyactuals_id` int(11) NOT NULL default '0',
  UNIQUE KEY `flightanddutyactuals_id` (`flightanddutyactuals_id`),
  KEY `FKE3394C0D591FE618` (`flightanddutyactuals_id`),
  KEY `FKE3394C0D33084925` (`crewmember_id`)
) ENGINE=MyISAM DEFAULT CHARSET=latin1;

--
-- Dumping data for table `crewmember_crewmember$flightanddutyactuals`
--

LOCK TABLES `crewmember_crewmember$flightanddutyactuals` WRITE;
/*!40000 ALTER TABLE `crewmember_crewmember$flightanddutyactuals` DISABLE KEYS */;
INSERT INTO `crewmember_crewmember$flightanddutyactuals` VALUES (19,1),(23,2),(10,3),(20,4),(2,5),(1,6),(3,7),(9,8),(8,9),(29,10),(21,11),(24,12),(22,13),(25,14),(4,15),(7,16),(1,17),(32,18),(2,19),(19,20),(10,21),(20,22),(7,23),(21,24),(9,25),(23,26),(24,27),(3,28),(22,29),(4,30),(8,31),(33,32),(25,33),(31,34),(29,35),(10,36),(1,37),(3,38),(4,39),(31,40),(9,41),(8,42),(29,43),(21,44),(7,45),(32,46),(33,47),(35,48),(6,49),(20,57),(25,56),(2,52),(19,53),(24,54),(22,55),(25,51),(45,58),(19,59),(1,60),(2,61),(3,62),(4,63),(31,64),(9,65),(8,66),(29,67),(21,68),(10,69),(7,70),(23,71),(24,72),(22,73),(20,74),(25,75),(35,76),(50,77),(37,78),(10,99),(39,80),(40,81),(51,82),(42,83),(43,84),(44,85),(46,86),(47,87),(1,88),(2,89),(19,90),(3,91),(31,92),(9,93),(8,94),(29,95),(21,96),(38,79),(40,98),(10,141),(7,100),(23,101),(42,102),(43,103),(44,104),(45,105),(46,106),(52,107),(53,108),(32,109),(54,110),(55,111),(56,112),(57,113),(58,114),(59,115),(60,116),(24,117),(20,118),(25,119),(22,120),(35,121),(34,122),(37,123),(34,124),(24,125),(22,126),(20,127),(25,128),(60,129),(37,130),(1,131),(2,132),(19,133),(3,134),(31,135),(9,136),(8,137),(29,138),(21,139),(40,140),(10,170),(62,142),(46,143),(52,144),(53,145),(54,146),(32,147),(55,148),(56,149),(57,150),(58,151),(35,152),(47,153),(44,154),(51,155),(64,156),(61,157),(66,158),(67,159),(68,160),(63,161),(1,162),(19,163),(3,164),(31,165),(9,166),(8,167),(29,168),(40,169),(10,226),(63,171),(54,172),(58,173),(35,174),(47,175),(44,176),(51,177),(64,178),(61,179),(67,180),(70,181),(71,182),(72,183),(69,184),(65,185),(73,186),(33,187),(7,188),(23,189),(34,190),(22,191),(24,192),(21,193),(74,194),(74,195),(20,196),(25,197),(37,198),(60,199),(50,200),(66,201),(2,202),(38,97),(76,204),(75,205),(34,206),(24,207),(22,208),(21,209),(20,210),(25,211),(60,212),(37,213),(50,214),(35,215),(1,216),(19,217),(2,218),(74,219),(3,220),(31,221),(9,222),(8,223),(29,224),(40,225),(10,273),(63,227),(44,228),(51,229),(61,230),(66,231),(70,232),(71,233),(72,234),(69,235),(65,236),(73,237),(33,238),(75,239),(38,203),(7,241),(23,242),(76,243),(46,244),(4,245),(59,246),(43,247),(52,248),(80,249),(79,250),(81,251),(77,252),(78,253),(82,254),(25,255),(1,256),(34,257),(24,258),(22,259),(21,260),(74,261),(20,262),(60,263),(37,264),(50,265),(35,266),(2,267),(3,268),(31,269),(9,270),(8,271),(40,272),(10,300),(63,274),(44,275),(51,276),(61,277),(66,278),(71,279),(72,280),(33,281),(75,282),(7,283),(23,284),(80,285),(79,286),(81,287),(46,288),(77,289),(4,290),(59,291),(43,292),(52,293),(82,294),(54,295),(58,296),(56,297),(19,298),(38,240),(51,301),(24,302),(2,303),(74,304),(19,305),(3,306),(20,307),(25,308),(37,309),(50,310),(21,311),(40,312),(46,313),(9,337),(31,315),(43,316),(89,317),(35,318),(47,319),(54,320),(58,321),(81,322),(7,323),(71,324),(52,325),(77,326),(86,327),(63,328),(60,329),(56,330),(23,331),(22,332),(61,333),(70,334),(76,335),(33,336),(29,338),(1,339),(67,340),(72,341),(66,342),(8,343),(34,344),(87,345),(82,346),(91,347),(4,348),(75,349),(92,350),(93,351),(44,352),(65,353),(67,354),(71,355),(72,356),(66,357),(70,358),(10,359),(51,360),(8,361),(9,362),(1,363),(52,364),(77,365),(86,366),(63,367),(23,368),(21,369),(40,370),(3,371),(85,372),(31,373),(44,374),(89,375),(65,376),(35,377),(47,378),(75,379),(54,380),(58,381),(24,382),(2,383),(22,384),(74,385),(20,386),(25,387),(37,388),(50,389),(60,390),(92,391),(4,392),(93,393),(61,394),(76,395),(29,396),(82,397),(91,398),(87,399),(81,400),(7,401),(43,402),(34,403),(45,404),(24,405),(74,406),(32,407),(19,408),(32,409);
/*!40000 ALTER TABLE `crewmember_crewmember$flightanddutyactuals` ENABLE KEYS */;
UNLOCK TABLES;

--
-- Table structure for table `crewmember_crewmember$passport`
--

DROP TABLE IF EXISTS `crewmember_crewmember$passport`;
CREATE TABLE `crewmember_crewmember$passport` (
  `crewmember_id` int(11) NOT NULL default '0',
  `passport_id` int(11) NOT NULL default '0',
  UNIQUE KEY `passport_id` (`passport_id`),
  KEY `FKDF26BC57BBDE7AF8` (`passport_id`),
  KEY `FKDF26BC5733084925` (`crewmember_id`)
) ENGINE=MyISAM DEFAULT CHARSET=latin1;

--
-- Dumping data for table `crewmember_crewmember$passport`
--

LOCK TABLES `crewmember_crewmember$passport` WRITE;
/*!40000 ALTER TABLE `crewmember_crewmember$passport` DISABLE KEYS */;
INSERT INTO `crewmember_crewmember$passport` VALUES (96,58),(19,57),(19,56),(99,37),(99,36);
/*!40000 ALTER TABLE `crewmember_crewmember$passport` ENABLE KEYS */;
UNLOCK TABLES;

--
-- Table structure for table `crewmember_role_conversions`
--

DROP TABLE IF EXISTS `crewmember_role_conversions`;
CREATE TABLE `crewmember_role_conversions` (
  `crewmember_id` int(11) NOT NULL default '0',
  `role_conversions_element_expirydate` date default NULL,
  `role_conversions_element_number` varchar(255) default NULL,
  `position` int(11) NOT NULL default '0',
  `role_conversions_element_issuedate` date default NULL,
  `role_conversions_element_hours` double default NULL,
  `role_conversions_element_quantity` varchar(255) default NULL,
  `role_conversions_element_type` varchar(255) default NULL,
  PRIMARY KEY  (`crewmember_id`,`position`),
  KEY `FKFEBCA45833084925` (`crewmember_id`)
) ENGINE=MyISAM DEFAULT CHARSET=latin1;

--
-- Dumping data for table `crewmember_role_conversions`
--

LOCK TABLES `crewmember_role_conversions` WRITE;
/*!40000 ALTER TABLE `crewmember_role_conversions` DISABLE KEYS */;
INSERT INTO `crewmember_role_conversions` VALUES (31,NULL,'',0,NULL,NULL,NULL,NULL),(32,NULL,'',0,NULL,NULL,NULL,NULL),(33,NULL,'',0,NULL,NULL,NULL,NULL),(19,NULL,'S330J',0,NULL,NULL,'756',NULL),(35,NULL,'',0,NULL,NULL,NULL,NULL),(24,NULL,'',0,NULL,NULL,NULL,NULL),(39,NULL,'',0,NULL,NULL,NULL,NULL),(40,NULL,'',0,NULL,NULL,NULL,NULL),(46,NULL,'',0,NULL,NULL,NULL,NULL),(45,NULL,'',0,NULL,NULL,NULL,NULL),(50,NULL,'',0,NULL,NULL,NULL,NULL),(37,NULL,'',0,NULL,NULL,NULL,NULL),(38,NULL,'',0,NULL,NULL,NULL,NULL),(51,NULL,'',0,NULL,NULL,NULL,NULL),(42,NULL,'',0,NULL,NULL,NULL,NULL),(43,NULL,'',0,NULL,NULL,NULL,NULL),(44,NULL,'',0,NULL,NULL,NULL,NULL),(47,NULL,'',0,NULL,NULL,NULL,NULL),(52,NULL,'',0,NULL,NULL,NULL,NULL),(53,NULL,'',0,NULL,NULL,NULL,NULL),(54,NULL,'',0,NULL,NULL,NULL,NULL),(55,NULL,'',0,NULL,NULL,NULL,NULL),(56,NULL,'',0,NULL,NULL,NULL,NULL),(57,NULL,'',0,NULL,NULL,NULL,NULL),(58,NULL,'',0,NULL,NULL,NULL,NULL),(59,NULL,'',0,NULL,NULL,NULL,NULL),(60,NULL,'',0,NULL,NULL,NULL,NULL),(65,NULL,'',0,NULL,NULL,NULL,NULL),(62,NULL,'',0,NULL,NULL,NULL,NULL),(64,NULL,'',0,NULL,NULL,NULL,NULL),(61,NULL,'',0,NULL,NULL,NULL,NULL),(66,NULL,'',0,NULL,NULL,NULL,NULL),(67,NULL,'',0,NULL,NULL,NULL,NULL),(68,NULL,'',0,NULL,NULL,NULL,NULL),(63,NULL,'',0,NULL,NULL,NULL,NULL),(69,NULL,'',0,NULL,NULL,NULL,NULL),(73,NULL,'',0,NULL,NULL,NULL,NULL),(72,NULL,'',0,NULL,NULL,NULL,NULL),(70,NULL,'',0,NULL,NULL,NULL,NULL),(71,NULL,'',0,NULL,NULL,NULL,NULL),(74,NULL,'',0,NULL,NULL,NULL,NULL),(76,NULL,'',0,NULL,NULL,NULL,NULL),(75,NULL,'',0,NULL,NULL,NULL,NULL),(34,NULL,'',0,NULL,NULL,NULL,NULL),(80,NULL,'',0,NULL,NULL,NULL,NULL),(79,NULL,'',0,NULL,NULL,NULL,NULL),(81,NULL,'',0,NULL,NULL,NULL,NULL),(77,NULL,'',0,NULL,NULL,NULL,NULL),(78,NULL,'',0,NULL,NULL,NULL,NULL),(82,NULL,'',0,NULL,NULL,NULL,NULL),(20,NULL,'',0,NULL,NULL,NULL,NULL),(2,NULL,'',0,NULL,NULL,NULL,NULL),(85,NULL,'',0,NULL,NULL,NULL,NULL),(86,NULL,'',0,NULL,NULL,NULL,NULL),(87,NULL,'',0,NULL,NULL,NULL,NULL),(88,NULL,'',0,NULL,NULL,NULL,NULL),(89,NULL,'',0,NULL,NULL,NULL,NULL),(23,NULL,'',0,NULL,NULL,NULL,NULL),(9,NULL,'',0,NULL,NULL,NULL,NULL),(91,NULL,'',0,NULL,NULL,NULL,NULL),(92,NULL,'',0,NULL,NULL,NULL,NULL),(93,NULL,'',0,NULL,NULL,NULL,NULL),(94,NULL,'',0,NULL,NULL,NULL,NULL),(4,NULL,'',0,NULL,NULL,NULL,NULL),(10,NULL,'',0,NULL,NULL,NULL,NULL),(95,NULL,'',0,NULL,NULL,NULL,NULL),(19,NULL,'S92',1,NULL,NULL,'147',NULL),(19,NULL,'Total PIC',2,NULL,NULL,'0',NULL),(83,NULL,'',0,NULL,NULL,NULL,NULL),(90,NULL,'',0,NULL,NULL,NULL,NULL),(19,NULL,'NVG',3,NULL,NULL,'0',NULL),(19,NULL,'Offshore',4,NULL,NULL,'0',NULL),(19,NULL,'Total Turbine',5,NULL,NULL,'0',NULL),(19,NULL,'Undersling',6,NULL,NULL,'0',NULL),(96,NULL,'',0,NULL,NULL,NULL,NULL),(19,NULL,'',7,NULL,NULL,NULL,NULL),(5,NULL,'Total PIC',0,NULL,NULL,NULL,NULL);
/*!40000 ALTER TABLE `crewmember_role_conversions` ENABLE KEYS */;
UNLOCK TABLES;

--
-- Table structure for table `document`
--

DROP TABLE IF EXISTS `document`;
CREATE TABLE `document` (
  `id` int(11) NOT NULL auto_increment,
  `approved` tinyint(1) NOT NULL default '0',
  `contenttype` varchar(255) default NULL,
  `dateadded` datetime default NULL,
  `expirydate` date default NULL,
  `name` varchar(255) default NULL,
  `size` int(11) default NULL,
  `bookmark_id` int(11) default NULL,
  `uuid` varchar(255) default NULL,
  `owner_username` varchar(255) default NULL,
  PRIMARY KEY  (`id`),
  KEY `FK335CD11B960A26ED` (`owner_username`),
  CONSTRAINT `FK335CD11B960A26ED` FOREIGN KEY (`owner_username`) REFERENCES `user` (`username`)
) ENGINE=InnoDB DEFAULT CHARSET=latin1;

--
-- Dumping data for table `document`
--

LOCK TABLES `document` WRITE;
/*!40000 ALTER TABLE `document` DISABLE KEYS */;
INSERT INTO `document` VALUES (10,0,'application/pdf','2008-03-25 16:44:03',NULL,'Willem Beaurain - CRI Contract.pdf',0,17,'06a5d494-3f36-4541-be4e-7655e4e221d8',NULL),(15,0,'application/pdf','2008-03-26 18:31:20',NULL,'Daniel Erasmus - CRI Contract.pdf',0,22,'01c3e60f-849f-4668-a458-845952bb3218',NULL),(16,0,'application/pdf','2008-03-26 18:32:25',NULL,'Benjamin Burger - CRI Contract.pdf',0,23,'7bf3af8e-17ff-42eb-9d66-bce05ace761d',NULL),(17,0,'application/pdf','2008-03-27 06:10:47',NULL,'CRI -31 Dec 07 Mgt Accts.pdf',0,24,'4a2b6636-1775-4a25-a569-bdca9bc68ac1',NULL),(19,0,'application/pdf','2008-03-28 13:29:25',NULL,'CRI -29 Feb 08 Mgt Accts.pdf',0,26,'f5cf9129-9bf9-4f25-a35b-e2fd5cc092de',NULL),(20,0,'application/msword','2008-03-30 13:15:42',NULL,'SFS Puma Contract Draft (2).doc',0,27,'7b141e03-b082-486d-93a5-7a625edefa48',NULL),(21,0,'application/pdf','2008-03-31 14:29:02',NULL,'RUH insurance.pdf',0,28,'21c96624-42e2-4ed8-8fa0-62de1ffe0e35',NULL),(22,0,'application/pdf','2008-03-31 17:59:58',NULL,'s92 Pilots approved precedent March 08.pdf',0,29,'1324a312-e794-4c95-ad6f-bfd7dbc2caab',NULL),(23,0,'application/pdf','2008-04-02 18:17:04',NULL,'ZS RUH Insurance from Hayward0001.pdf',0,30,'84e56c0c-d2cc-4ad0-b39e-ea2d89ea66cb',NULL),(24,0,'application/pdf','2008-04-02 18:18:13',NULL,'S92 Insurance from Hayward0001.pdf',0,31,'91da5762-5136-4cb7-83cc-a0d18cbb0ba7',NULL),(25,0,'application/pdf','2008-04-14 21:39:09',NULL,'CRI - 31 Mar 08 Mgt Accts.pdf',0,32,'0260fdee-2c7e-44a3-8bde-3eb6ee95dfc7',NULL),(27,0,'application/pdf','2008-04-16 13:44:13',NULL,'Flying medical.pdf',0,34,'430e7ec9-f881-421c-a015-d2a89d6f0e21',NULL),(28,0,'application/pdf','2008-04-16 13:45:48',NULL,'Nutsrekening, DG, CRM, File copy.pdf',0,35,'203cff4d-a1db-4274-835a-3a4503bf67a0',NULL),(29,0,'application/pdf','2008-04-16 13:47:11',NULL,'Paspoort, ID, bestuurslisensie.pdf',0,36,'03eff611-a3b9-4ff2-bbb0-0961b6b65d19',NULL),(30,0,'application/pdf','2008-04-16 13:48:41',NULL,'Pgs1,2,7,8 lisensie.pdf',0,37,'189fb362-97f5-4dd6-9bee-3b90f8a35332',NULL),(31,0,'application/pdf','2008-04-16 13:49:44',NULL,'Pgs 3,4,5,6 lisensie.pdf',0,38,'23f1d0f4-164c-48f7-b8ba-8ffe052d6339',NULL),(35,0,'image/pjpeg','2008-04-16 14:05:58',NULL,'Passport 2.jpg',0,42,'03e371f2-7ea1-4596-8b38-a9ade50e99d0',NULL),(36,0,'application/pdf','2008-04-16 14:06:16',NULL,'2007-2009 AME certificate.pdf',0,43,'24a1d1a1-4b62-4cbe-ae76-caea22814e1a',NULL),(37,0,'application/pdf','2008-04-16 14:06:42',NULL,'Medical certificate 2007.pdf',0,44,'b36ef999-f6f0-4884-8082-63f905955d24',NULL),(38,0,'application/pdf','2008-04-28 10:34:54',NULL,'hull ground.pdf',0,45,'d0728981-7081-445d-b34a-5915b0577e47',NULL),(39,0,'application/pdf','2008-04-28 10:37:20',NULL,'hull rim 15.02.08.pdf',0,46,'394cc48f-5585-44eb-9607-c868109c399f',NULL),(40,0,'application/pdf','2008-04-28 10:38:06',NULL,'liab renewal.pdf',0,47,'0b061f34-4f9f-44a6-a0b6-ac83203fed48',NULL),(41,0,'application/pdf','2008-04-28 10:38:53',NULL,'liab rim 15.02.08.pdf',0,48,'52898ddf-d6cc-401c-a7f8-113ddbb5d0a3',NULL),(42,0,'application/pdf','2008-04-28 10:39:25',NULL,'statement.pdf',0,49,'fea1a3d5-8166-4b19-8ed2-316533e93223',NULL),(43,0,'application/pdf','2008-07-09 20:43:54',NULL,'CRI FS APRIL 2008.pdf',0,50,'5462abbb-a19d-4283-a81d-4f8a2a25a976',NULL),(44,0,'application/pdf','2008-07-09 20:44:20',NULL,'CRI MAY FS 2008.pdf',0,51,'66deff19-237a-484e-a7d0-09d6025889bc',NULL),(45,0,'application/pdf','2008-08-21 18:25:36',NULL,'CRI JUNE FS 2008.pdf',0,52,'06169b54-b5a9-47ed-b365-8a034acefaac',NULL),(46,0,'application/pdf','2008-08-21 18:25:58',NULL,'CRI JULY FS 2008.pdf',0,53,'23386db3-68ac-43e4-a644-69017fd5a81d',NULL),(47,0,'application/pdf','2008-09-23 16:15:33',NULL,'CRI AUGUST FS 2008.pdf',0,54,'84ee8e09-db9e-436c-8fa3-45d3c7ded639',NULL),(48,0,'application/pdf','2008-09-24 14:21:55',NULL,'Johannes du Plessis passport.pdf',0,55,'e9d39a5e-ff5a-4e1b-8bb3-a1d38efaac15',NULL),(49,0,'application/msword','2008-09-24 14:38:28',NULL,'Johan Taljaard banking details.doc',0,56,'9c12cab9-79c8-4d0f-825c-226d4f165f4c',NULL),(50,0,'application/pdf','2008-09-24 14:39:14',NULL,'Johan Taljaard Passport.pdf',0,57,'fd650ee7-4dfd-48f8-b191-87c349806da5',NULL),(51,0,'application/msword','2008-09-24 14:44:31',NULL,'Johan Greyling Passport and AME License.doc',0,58,'e9263ab9-0be2-4da6-a9b4-e5003847be70',NULL),(52,0,'image/jpeg','2008-09-24 15:03:36',NULL,'Passport details.jpg',0,59,'a51c16c0-ce39-4a62-9b8f-f9b26e46c5c2',NULL),(53,0,'application/msword','2008-09-24 15:04:00',NULL,'Employee Details Form.doc',0,60,'c72c71bd-377f-4e88-a733-29b396e0a9e0',NULL),(54,0,'application/pdf','2008-09-24 15:04:26',NULL,'Jason Grey License014.pdf',0,61,'9d68cf73-d0fd-4b39-b068-e2b1b80df2af',NULL),(55,0,'application/msword','2008-09-24 15:16:10',NULL,'Employee Details Form.doc',0,62,'4cc5f17b-feb0-42e8-b1c6-28674e668fb4',NULL),(56,0,'application/pdf','2008-09-24 15:17:17',NULL,'Michiel Veltman Passport.pdf',0,63,'4b4eaa57-af8e-44bc-a61a-0ee919c5ebc3',NULL),(57,0,'application/vnd.ms-excel','2008-09-24 15:18:00',NULL,'Career Summary - Hours.xls',0,65,'fd0c3b05-e53d-4a82-a5e8-6ecf0ab1a2e8',NULL),(58,0,'application/msword','2008-09-24 15:29:35',NULL,'CIRRICULUM VITA STARLITE, Petrus Jooste.doc',0,67,'106dba2d-5c00-4922-bbb4-1fce12eccae6',NULL),(59,0,'image/jpeg','2008-09-24 15:30:33',NULL,'paspoort0005.jpg',0,68,'82ca897f-9c2d-402d-a155-c5e6d198d156',NULL),(60,0,'application/pdf','2008-09-24 15:49:51',NULL,'Morne Wiid Passport.pdf',0,69,'348930f6-ee32-4d45-8dbe-e4c5664cbdea',NULL),(61,0,'application/msword','2008-09-24 15:50:08',NULL,'Employee Details Form.doc',0,70,'204f5e2e-fb65-42ff-974f-5a89768287ea',NULL),(62,0,'application/pdf','2008-09-24 15:50:37',NULL,'Hour Breakdown.pdf',0,71,'11a28ba2-3f09-43e3-9585-9c19a803f337',NULL),(63,0,'application/pdf','2008-09-24 15:51:08',NULL,'Wiid CDN Licence.pdf',0,72,'1de91320-0308-408a-be22-6c0dc6e6ad3a',NULL),(64,0,'application/pdf','2008-09-24 15:51:35',NULL,'Wiid, Morne.pdf',0,73,'12755310-c9e6-4000-a51b-c88b126c86e4',NULL),(65,0,'image/jpeg','2008-09-24 15:53:08',NULL,'Training and Assessment Qualification.jpg',0,74,'5a473bdd-785f-437a-9aa3-7471b423c118',NULL),(66,0,'application/pdf','2008-11-12 10:22:43',NULL,'Eugene Viljoen ATP.pdf',0,75,'088a9ac3-c758-47ef-b1cc-3f7f1f0fb16d',NULL),(67,0,'application/pdf','2008-11-12 10:23:26',NULL,'Eugene Viljoen Passport.pdf',0,76,'59f69065-75b7-4965-bc05-f06875eb5688',NULL),(70,0,'image/jpeg','2009-12-01 13:58:58',NULL,'Copy of delay_mugshot.jpg',0,79,'41af2990-5560-45b1-bcbb-bbc47f0860b5',NULL),(71,0,'application/pdf','2009-12-09 08:03:26',NULL,'Starlite_AMO 1_Stores Management_v5_PB.pdf',0,80,'95069970-cdc4-454c-96d8-b6507d8e1772',NULL),(73,0,'application/pdf','2009-12-09 08:10:36',NULL,'id=Bas01.pdf',0,82,'0860df65-e20b-49d1-8e6f-33e8861edb1b',NULL),(75,0,'application/pdf','2009-12-15 08:58:31',NULL,'Starlite_AMO 1_Stores Management_v5_PB.pdf',0,84,'a0f60307-56ad-41fa-b896-6a42198ec706',NULL),(76,0,'application/pdf','2009-12-15 08:58:54',NULL,'Starlite_AMO 1_Stores Management_v2_PB_DD.pdf',0,85,'3c5218d5-1d7f-4157-a26b-47363f5a21b7',NULL),(77,0,'application/pdf','2009-12-15 08:59:10',NULL,'Starlite_AMO 1_Stores Management_v5_PB.pdf',0,86,'f31fc5f6-fb4c-4fc7-b693-a3508223fd88',NULL),(78,0,'application/pdf','2009-12-15 09:02:45',NULL,'Starlite_AMO 1_Stores Management_v4_PB.pdf',0,87,'5bd6a90b-1e36-4144-b191-172d8b0b8d07',NULL),(79,0,'application/pdf','2009-12-15 09:03:24',NULL,'Starlite_AMO 1_Stores Management_v1_PB_DD.pdf',0,88,'dfb89c16-be2c-4af5-9b68-a2badbcd3ff1',NULL),(80,0,'application/pdf','2009-12-15 09:03:36',NULL,'Starlite_AMO 1_Stores Management_v3_PB.pdf',0,89,'558d19a1-702c-4e8a-a93b-a97a1ad6db74',NULL),(81,0,'application/pdf','2009-12-17 07:00:49',NULL,'Starlite_AMO 1_Stores Management_v5_PB.pdf',0,90,'29139e7a-c6bd-4501-9315-6fae1c016db8',NULL),(82,0,'image/pjpeg','2009-12-18 07:01:29',NULL,'photo.jpg',0,91,'92ff699d-8fcd-4a30-99b3-ae75c84c7298',NULL),(83,0,'application/pdf','2009-12-20 08:49:19',NULL,'Starlite_AMO 1_AD SB Management_v1_PB.pdf',0,92,'6ad386e5-fce7-41e7-9c21-8d797abd13cb',NULL),(84,0,'application/pdf','2009-12-20 08:49:47',NULL,'Starlite AMO level 1 Hangar management process v2_PB_DD.pdf',0,93,'ae0c1267-36d2-489a-b149-1af86f1a1264',NULL),(86,0,'application/pdf','2010-01-22 17:46:17',NULL,'Visio-Starlite Crew level FandD time management v1 khe.pdf',0,95,'859467bd-a691-43bd-a7bb-02dae84f6cac',NULL),(87,0,'application/pdf','2010-01-22 17:47:14',NULL,'Starlite_AMO 1_Stores Management_v5_PB.pdf',0,96,'21da7595-32cd-4674-ac5b-52233feed0ba',NULL),(88,0,'application/pdf','2010-01-22 17:48:38',NULL,'Visio-Starlite Crew level FandD time management v1 khe.pdf',0,97,'2333aba7-68b9-4ebd-84d0-3265171e319f',NULL),(89,0,'image/pjpeg','2010-01-28 09:21:30',NULL,'Test ID photo2.jpg',0,98,'8c4bd5f7-a9ac-4ecd-bcbf-553c693a20ba',NULL);
/*!40000 ALTER TABLE `document` ENABLE KEYS */;
UNLOCK TABLES;

--
-- Table structure for table `exchangerate`
--

DROP TABLE IF EXISTS `exchangerate`;
CREATE TABLE `exchangerate` (
  `id` int(11) NOT NULL auto_increment,
  `amount` double NOT NULL default '0',
  `currencycodefrom` varchar(255) NOT NULL default '',
  `currencycodeto` varchar(255) NOT NULL default '',
  `lastupdated` datetime default NULL,
  `updatedby` varchar(255) default NULL,
  PRIMARY KEY  (`id`)
) ENGINE=MyISAM AUTO_INCREMENT=5 DEFAULT CHARSET=latin1;

--
-- Dumping data for table `exchangerate`
--

LOCK TABLES `exchangerate` WRITE;
/*!40000 ALTER TABLE `exchangerate` DISABLE KEYS */;
INSERT INTO `exchangerate` VALUES (1,0.12,'ZAR','USD','2009-04-20 14:51:23','ioka'),(2,1.64,'GBP','USD','2009-12-10 12:22:38','ron'),(3,1.48,'EUR','USD','2009-12-10 12:22:53','ron'),(4,0.91,'AUD','USD','2009-12-10 12:23:08','ron');
/*!40000 ALTER TABLE `exchangerate` ENABLE KEYS */;
UNLOCK TABLES;

--
-- Table structure for table `folder`
--

DROP TABLE IF EXISTS `folder`;
CREATE TABLE `folder` (
  `id` int(11) NOT NULL auto_increment,
  `path` varchar(255) default NULL,
  `readpermission` varchar(255) default NULL,
  `writepermission` varchar(255) default NULL,
  `owner_username` varchar(255) default NULL,
  PRIMARY KEY  (`id`),
  KEY `FKB45D1C6E960A26ED` (`owner_username`),
  CONSTRAINT `FKB45D1C6E960A26ED` FOREIGN KEY (`owner_username`) REFERENCES `user` (`username`)
) ENGINE=InnoDB DEFAULT CHARSET=latin1;

--
-- Dumping data for table `folder`
--

LOCK TABLES `folder` WRITE;
/*!40000 ALTER TABLE `folder` DISABLE KEYS */;
INSERT INTO `folder` VALUES (1,'/','AllDocsRead','AllDocsWrite','jason'),(16,'crew','AllDocsRead','AllDocsWrite','jason'),(17,'aircraft','AllDocsRead','AllDocsWrite','jason'),(18,'charters','AllDocsRead','AllDocsWrite','jason'),(19,'ZS-RUH','AllDocsRead','AllDocsWrite','jason'),(20,'ZS-HIZ','AllDocsRead','AllDocsWrite','jason'),(21,'ZS-HJA','AllDocsRead','AllDocsWrite','jason'),(22,'ZS-RNK','AllDocsRead','AllDocsWrite','jason'),(23,'ZS-RWO','AllDocsRead','AllDocsWrite','jason'),(24,'Standard','AllDocsRead','AllDocsWrite','jason'),(25,'Standard','AllDocsRead','AllDocsWrite','jason'),(26,'Standard','AllDocsRead','AllDocsWrite','jason'),(36,'Kie01','AllDocsRead','AllDocsWrite','Kie01'),(37,'Vil01','AllDocsRead','AllDocsWrite','Vil01'),(38,'Jan01','AllDocsRead','AllDocsWrite','Jan01'),(39,'Pie01','AllDocsRead','AllDocsWrite','Pie01'),(40,'Era01','AllDocsRead','AllDocsWrite','Era01'),(41,'Col01','AllDocsRead','AllDocsWrite','Col01'),(42,'Bez01','AllDocsRead','AllDocsWrite','Bez01'),(43,'Pre01','AllDocsRead','AllDocsWrite','Pre01'),(44,'Col02','AllDocsRead','AllDocsWrite','Col02'),(45,'Bea01','AllDocsRead','AllDocsWrite','Bea01'),(46,'Bas01','AllDocsRead','AllDocsWrite','Bas01'),(47,'Bey01','AllDocsRead','AllDocsWrite','Bey01'),(48,'Bur01','AllDocsRead','AllDocsWrite','Bur01'),(49,'Mil01','AllDocsRead','AllDocsWrite','Mil01'),(50,'Fre01','AllDocsRead','AllDocsWrite','Fre01'),(51,'Gra01','AllDocsRead','AllDocsWrite','Gra01'),(52,'Sco01','AllDocsRead','AllDocsWrite','Sco01'),(53,'Sla01','AllDocsRead','AllDocsWrite','Sla01'),(54,'T_Charter_4','AllDocsRead','AllDocsWrite','jason'),(55,'T_Charter_1','AllDocsRead','AllDocsWrite','jason'),(56,'T_Charter_2','AllDocsRead','AllDocsWrite','jason'),(57,'T_Charter_3','AllDocsRead','AllDocsWrite','jason'),(58,'T_Charter_5','AllDocsRead','AllDocsWrite','jason'),(59,'T_Charter_6','AllDocsRead','AllDocsWrite','jason'),(60,'SU001','AllDocsRead','AllDocsWrite','jason'),(61,'FR001','AllDocsRead','AllDocsWrite','jason'),(62,'SU001','AllDocsRead','AllDocsWrite','jason'),(63,'SP002','AllDocsRead','AllDocsWrite','jason'),(64,'PDOC001','AllDocsRead','AllDocsWrite','jason'),(65,'UK001','AllDocsRead','AllDocsWrite','jason'),(66,'UK002','AllDocsRead','AllDocsWrite','jason'),(67,'financial','AllDocsRead','AllDocsWrite','jason'),(69,'Swa01','ReadAllCrewDocs','WriteAllCrewDocs','Swa01'),(70,'Sol01','ReadAllCrewDocs','WriteAllCrewDocs','Sol01'),(71,'Bar01','ReadAllCrewDocs','WriteAllCrewDocs','Bar01'),(72,'Sal01','ReadAllCrewDocs','WriteAllCrewDocs','Sal01'),(73,'Dun01','ReadAllCrewDocs','WriteAllCrewDocs','Dun01'),(74,'Pau01','ReadAllCrewDocs','WriteAllCrewDocs','Pau01'),(75,'Ven01','ReadAllCrewDocs','WriteAllCrewDocs','Ven01'),(76,'Lin01','ReadAllCrewDocs','WriteAllCrewDocs','Lin01'),(77,'Pre02','ReadAllCrewDocs','WriteAllCrewDocs','Pre02'),(78,'Dal01','ReadAllCrewDocs','WriteAllCrewDocs','Dal01'),(79,'Kno01','ReadAllCrewDocs','WriteAllCrewDocs','Kno01'),(80,'Vil02','ReadAllCrewDocs','WriteAllCrewDocs','Vil02'),(81,'Swa02','ReadAllCrewDocs','WriteAllCrewDocs','Swa02'),(82,'Rau01','ReadAllCrewDocs','WriteAllCrewDocs','Rau01'),(83,'Sin01','ReadAllCrewDocs','WriteAllCrewDocs','Sin01'),(84,'Cla01','ReadAllCrewDocs','WriteAllCrewDocs','Cla01'),(85,'Ros01','ReadAllCrewDocs','WriteAllCrewDocs','Ros01'),(86,'Kru01','ReadAllCrewDocs','WriteAllCrewDocs','Kru01'),(87,'Vil03','ReadAllCrewDocs','WriteAllCrewDocs','Vil03'),(88,'Ven02','ReadAllCrewDocs','WriteAllCrewDocs','Ven02'),(89,'van01','ReadAllCrewDocs','WriteAllCrewDocs','van01'),(90,'Gou01','ReadAllCrewDocs','WriteAllCrewDocs','Gou01'),(91,'Sch01','ReadAllCrewDocs','WriteAllCrewDocs','Sch01'),(92,'Boe01','ReadAllCrewDocs','WriteAllCrewDocs','Boe01'),(93,'Sta01','ReadAllCrewDocs','WriteAllCrewDocs','Sta01'),(94,'Ben01','ReadAllCrewDocs','WriteAllCrewDocs','Ben01'),(95,'Tei01','ReadAllCrewDocs','WriteAllCrewDocs','Tei01'),(96,'Law01','ReadAllCrewDocs','WriteAllCrewDocs','Law01'),(97,'Str01','ReadAllCrewDocs','WriteAllCrewDocs','Str01'),(98,'Hog01','ReadAllCrewDocs','WriteAllCrewDocs','Hog01'),(99,'Hun01','ReadAllCrewDocs','WriteAllCrewDocs','Hun01'),(100,'Giu01','ReadAllCrewDocs','WriteAllCrewDocs','Giu01'),(101,'Hol01','ReadAllCrewDocs','WriteAllCrewDocs','Hol01'),(102,'Gre01','ReadAllCrewDocs','WriteAllCrewDocs','Gre01'),(103,'Cha01','ReadAllCrewDocs','WriteAllCrewDocs','Cha01'),(104,'Oli01','ReadAllCrewDocs','WriteAllCrewDocs','Oli01'),(105,'Gre02','ReadAllCrewDocs','WriteAllCrewDocs','Gre02'),(106,'Ple01','ReadAllCrewDocs','WriteAllCrewDocs','Ple01'),(107,'Vel01','ReadAllCrewDocs','WriteAllCrewDocs','Vel01'),(108,'Joo01','ReadAllCrewDocs','WriteAllCrewDocs','Joo01'),(109,'Gre03','ReadAllCrewDocs','WriteAllCrewDocs','Gre03'),(110,'Tal01','ReadAllCrewDocs','WriteAllCrewDocs','Tal01'),(111,'Wii01','ReadAllCrewDocs','WriteAllCrewDocs','Wii01'),(112,'Bro01','ReadAllCrewDocs','WriteAllCrewDocs','Bro01'),(113,'Vis01','ReadAllCrewDocs','WriteAllCrewDocs','Vis01'),(114,'Oos01','ReadAllCrewDocs','WriteAllCrewDocs','Oos01'),(115,'Sny01','ReadAllCrewDocs','WriteAllCrewDocs','Sny01'),(116,'Bas02','ReadAllCrewDocs','WriteAllCrewDocs','Bas02'),(117,'Bro02','ReadAllCrewDocs','WriteAllCrewDocs','Bro02'),(118,'Vuu01','ReadAllCrewDocs','WriteAllCrewDocs','Vuu01'),(119,'Bra01','ReadAllCrewDocs','WriteAllCrewDocs','Bra01'),(120,'general','AllDocsRead','AllDocsWrite','jason'),(121,'distribution','AllDocsRead','AllDocsWrite','jason'),(122,'Oli02','ReadAllCrewDocs','WriteAllCrewDocs','Oli02'),(123,'Gra02','ReadAllCrewDocs','WriteAllCrewDocs','Gra02'),(124,'Spr01','ReadAllCrewDocs','WriteAllCrewDocs','Spr01'),(125,'Lar01','ReadAllCrewDocs','WriteAllCrewDocs','Lar01'),(126,'Ste01','ReadAllCrewDocs','WriteAllCrewDocs','Ste01'),(127,'Dan01','ReadAllCrewDocs','WriteAllCrewDocs','Dan01'),(128,'Ven03','ReadAllCrewDocs','WriteAllCrewDocs','Ven03'),(129,'Mos01','ReadAllCrewDocs','WriteAllCrewDocs','Mos01'),(130,'Vli01','ReadAllCrewDocs','WriteAllCrewDocs','Vli01'),(131,'Ron01','ReadAllCrewDocs','WriteAllCrewDocs','Ron01'),(132,'Hug01','ReadAllCrewDocs','WriteAllCrewDocs','Hug01'),(133,'Pet01','ReadAllCrewDocs','WriteAllCrewDocs','Pet01'),(134,'Pil01','ReadAllCrewDocs','WriteAllCrewDocs','Pil01'),(135,'Kyl01','ReadAllCrewDocs','WriteAllCrewDocs','ron'),(136,'Tri01','ReadAllCrewDocs','WriteAllCrewDocs','ron'),(137,'Ern01','ReadAllCrewDocs','WriteAllCrewDocs','ron'),(138,'Cha02','ReadAllCrewDocs','WriteAllCrewDocs','ron'),(139,'Xan01','ReadAllCrewDocs','WriteAllCrewDocs','ron'),(140,'Chr01','ReadAllCrewDocs','WriteAllCrewDocs','ron'),(141,'Fra01','ReadAllCrewDocs','WriteAllCrewDocs','ron'),(142,'Geo01','ReadAllCrewDocs','WriteAllCrewDocs','ron'),(143,'Rya01','ReadAllCrewDocs','WriteAllCrewDocs','ron'),(144,'Con01','ReadAllCrewDocs','WriteAllCrewDocs','ron'),(145,'Jan02','ReadAllCrewDocs','WriteAllCrewDocs','ron'),(146,'Jan03','ReadAllCrewDocs','WriteAllCrewDocs','ron'),(147,'Kei01','ReadAllCrewDocs','WriteAllCrewDocs','ron'),(148,'Dav01','ReadAllCrewDocs','WriteAllCrewDocs','ron'),(149,'Rob01','ReadAllCrewDocs','WriteAllCrewDocs','ron'),(150,'Hea01','ReadAllCrewDocs','WriteAllCrewDocs','ron'),(151,'Mel01','ReadAllCrewDocs','WriteAllCrewDocs','ron'),(152,'Bar02','ReadAllCrewDocs','WriteAllCrewDocs','ron'),(153,'Kla01','ReadAllCrewDocs','WriteAllCrewDocs','ron'),(154,'Qui01','ReadAllCrewDocs','WriteAllCrewDocs','ron'),(155,'Jam01','ReadAllCrewDocs','WriteAllCrewDocs','ron'),(156,'Yvo01','ReadAllCrewDocs','WriteAllCrewDocs','ron'),(157,'Bra02','ReadAllCrewDocs','WriteAllCrewDocs','ron'),(158,'Meg01','ReadAllCrewDocs','WriteAllCrewDocs','ron'),(159,'Gar01','ReadAllCrewDocs','WriteAllCrewDocs','ron'),(160,'Ste02','ReadAllCrewDocs','WriteAllCrewDocs','ron'),(161,'Rup01','ReadAllCrewDocs','WriteAllCrewDocs','ron'),(162,'Joh01','ReadAllCrewDocs','WriteAllCrewDocs','ron'),(163,'Sea01','ReadAllCrewDocs','WriteAllCrewDocs','ron'),(164,'Kat01','ReadAllCrewDocs','WriteAllCrewDocs','ron'),(165,'Tar01','ReadAllCrewDocs','WriteAllCrewDocs','ron'),(166,'Amy01','ReadAllCrewDocs','WriteAllCrewDocs','ron'),(167,'Kim01','ReadAllCrewDocs','WriteAllCrewDocs','ron'),(168,'Pie02','ReadAllCrewDocs','WriteAllCrewDocs','ron'),(169,'Gar02','ReadAllCrewDocs','WriteAllCrewDocs','ron'),(170,'Gef01','ReadAllCrewDocs','WriteAllCrewDocs','ron'),(171,'Car01','ReadAllCrewDocs','WriteAllCrewDocs','ron'),(172,'Ala01','ReadAllCrewDocs','WriteAllCrewDocs','ron'),(173,'Jan04','ReadAllCrewDocs','WriteAllCrewDocs','ron'),(174,'Meg02','ReadAllCrewDocs','WriteAllCrewDocs','ron'),(175,'Fio01','ReadAllCrewDocs','WriteAllCrewDocs','ron'),(176,'Chr02','ReadAllCrewDocs','WriteAllCrewDocs','ron'),(177,'Way01','ReadAllCrewDocs','WriteAllCrewDocs','ron'),(178,'Gre04','ReadAllCrewDocs','WriteAllCrewDocs','ron'),(179,'Kha01','ReadAllCrewDocs','WriteAllCrewDocs','ron'),(180,'Yug01','ReadAllCrewDocs','WriteAllCrewDocs','ron'),(181,'Yus01','ReadAllCrewDocs','WriteAllCrewDocs','ron'),(182,'Jan05','ReadAllCrewDocs','WriteAllCrewDocs','ron'),(183,'Cha03','ReadAllCrewDocs','WriteAllCrewDocs','ron'),(184,'Sha01','ReadAllCrewDocs','WriteAllCrewDocs','ron'),(185,'Sta02','ReadAllCrewDocs','WriteAllCrewDocs','ron'),(186,'Ala02','ReadAllCrewDocs','WriteAllCrewDocs','ron'),(187,'Nei01','ReadAllCrewDocs','WriteAllCrewDocs','ron'),(188,'Bri01','ReadAllCrewDocs','WriteAllCrewDocs','ron'),(189,'Mor01','ReadAllCrewDocs','WriteAllCrewDocs','ron'),(190,'Dev01','ReadAllCrewDocs','WriteAllCrewDocs','ron'),(191,'Coe01','ReadAllCrewDocs','WriteAllCrewDocs','ron'),(192,'Chr03','ReadAllCrewDocs','WriteAllCrewDocs','ron'),(193,'Jea01','ReadAllCrewDocs','WriteAllCrewDocs','ron'),(194,'Iai01','ReadAllCrewDocs','WriteAllCrewDocs','ron'),(195,'Joh02','ReadAllCrewDocs','WriteAllCrewDocs','ron'),(196,'Jas01','ReadAllCrewDocs','WriteAllCrewDocs','ron'),(197,'Sea02','ReadAllCrewDocs','WriteAllCrewDocs','ron'),(198,'Wil01','ReadAllCrewDocs','WriteAllCrewDocs','ron'),(199,'Ven04','ReadAllCrewDocs','WriteAllCrewDocs','ron'),(200,'Kim02','ReadAllCrewDocs','WriteAllCrewDocs','ron'),(201,'Lle01','ReadAllCrewDocs','WriteAllCrewDocs','ron'),(202,'Geo02','ReadAllCrewDocs','WriteAllCrewDocs','ron'),(203,'Car02','ReadAllCrewDocs','WriteAllCrewDocs','ron');
/*!40000 ALTER TABLE `folder` ENABLE KEYS */;
UNLOCK TABLES;

--
-- Table structure for table `folder_document`
--

DROP TABLE IF EXISTS `folder_document`;
CREATE TABLE `folder_document` (
  `folder_id` int(11) NOT NULL default '0',
  `docs_id` int(11) NOT NULL default '0',
  PRIMARY KEY  (`folder_id`,`docs_id`),
  UNIQUE KEY `docs_id` (`docs_id`),
  KEY `FK1CF301CC4219E1EC` (`folder_id`),
  KEY `FK1CF301CCAB6AAD2C` (`docs_id`),
  CONSTRAINT `FK1CF301CC4219E1EC` FOREIGN KEY (`folder_id`) REFERENCES `folder` (`id`),
  CONSTRAINT `FK1CF301CCAB6AAD2C` FOREIGN KEY (`docs_id`) REFERENCES `document` (`id`)
) ENGINE=InnoDB DEFAULT CHARSET=latin1;

--
-- Dumping data for table `folder_document`
--

LOCK TABLES `folder_document` WRITE;
/*!40000 ALTER TABLE `folder_document` DISABLE KEYS */;
INSERT INTO `folder_document` VALUES (45,10),(40,15),(48,16),(67,17),(67,19),(64,20),(64,21),(18,22),(64,23),(18,24),(67,25),(38,27),(38,28),(38,29),(38,30),(38,31),(41,35),(41,36),(41,37),(67,38),(17,39),(17,40),(17,41),(17,42),(67,43),(67,44),(67,45),(67,46),(67,47),(106,48),(110,49),(110,50),(102,51),(109,52),(109,53),(109,54),(107,55),(107,56),(107,57),(108,58),(108,59),(111,60),(111,61),(111,62),(111,63),(111,64),(111,65),(37,66),(37,67),(46,70),(46,71),(46,73),(16,75),(16,76),(16,77),(46,78),(46,79),(46,80),(46,81),(46,82),(121,83),(121,84),(46,86),(46,87),(46,88),(46,89);
/*!40000 ALTER TABLE `folder_document` ENABLE KEYS */;
UNLOCK TABLES;

--
-- Table structure for table `folder_folder`
--

DROP TABLE IF EXISTS `folder_folder`;
CREATE TABLE `folder_folder` (
  `folder_id` int(11) NOT NULL default '0',
  `subfolders_id` int(11) NOT NULL default '0',
  UNIQUE KEY `subfolders_id` (`subfolders_id`),
  KEY `FKB279C55F4219E1EC` (`folder_id`),
  KEY `FKB279C55F99F4E775` (`subfolders_id`),
  CONSTRAINT `FKB279C55F4219E1EC` FOREIGN KEY (`folder_id`) REFERENCES `folder` (`id`),
  CONSTRAINT `FKB279C55F99F4E775` FOREIGN KEY (`subfolders_id`) REFERENCES `folder` (`id`)
) ENGINE=InnoDB DEFAULT CHARSET=latin1;

--
-- Dumping data for table `folder_folder`
--

LOCK TABLES `folder_folder` WRITE;
/*!40000 ALTER TABLE `folder_folder` DISABLE KEYS */;
INSERT INTO `folder_folder` VALUES (1,16),(1,17),(1,18),(1,67),(1,120),(1,121),(16,24),(16,36),(16,37),(16,38),(16,39),(16,40),(16,41),(16,42),(16,43),(16,44),(16,45),(16,46),(16,47),(16,48),(16,49),(16,50),(16,51),(16,52),(16,53),(16,69),(16,70),(16,71),(16,72),(16,73),(16,74),(16,75),(16,76),(16,77),(16,78),(16,79),(16,80),(16,81),(16,82),(16,83),(16,84),(16,85),(16,86),(16,87),(16,88),(16,89),(16,90),(16,91),(16,92),(16,93),(16,94),(16,95),(16,96),(16,97),(16,98),(16,99),(16,100),(16,101),(16,102),(16,103),(16,104),(16,105),(16,106),(16,107),(16,108),(16,109),(16,110),(16,111),(16,112),(16,113),(16,114),(16,115),(16,116),(16,117),(16,118),(16,119),(16,122),(16,123),(16,124),(16,125),(16,126),(16,127),(16,128),(16,129),(16,130),(16,131),(16,132),(16,133),(16,134),(16,135),(16,136),(16,137),(16,138),(16,139),(16,140),(16,141),(16,142),(16,143),(16,144),(16,145),(16,146),(16,147),(16,148),(16,149),(16,150),(16,151),(16,152),(16,153),(16,154),(16,155),(16,156),(16,157),(16,158),(16,159),(16,160),(16,161),(16,162),(16,163),(16,164),(16,165),(16,166),(16,167),(16,168),(16,169),(16,170),(16,171),(16,172),(16,173),(16,174),(16,175),(16,176),(16,177),(16,178),(16,179),(16,180),(16,181),(16,182),(16,183),(16,184),(16,185),(16,186),(16,187),(16,188),(16,189),(16,190),(16,191),(16,192),(16,193),(16,194),(16,195),(16,196),(16,197),(16,198),(16,199),(16,200),(16,201),(16,202),(16,203),(17,19),(17,20),(17,21),(17,22),(17,23),(17,25),(18,26),(18,54),(18,55),(18,56),(18,57),(18,58),(18,59),(18,60),(18,61),(18,62),(18,63),(18,64),(18,65),(18,66);
/*!40000 ALTER TABLE `folder_folder` ENABLE KEYS */;
UNLOCK TABLES;

--
-- Table structure for table `monthlyinvoicedhours`
--

DROP TABLE IF EXISTS `monthlyinvoicedhours`;
CREATE TABLE `monthlyinvoicedhours` (
  `id` int(11) NOT NULL auto_increment,
  `date` date default NULL,
  `hours` double default NULL,
  `charter_id` int(11) default NULL,
  PRIMARY KEY  (`id`),
  KEY `FK58FA7FABA5E1608F` (`charter_id`)
) ENGINE=MyISAM DEFAULT CHARSET=latin1;

--
-- Dumping data for table `monthlyinvoicedhours`
--

LOCK TABLES `monthlyinvoicedhours` WRITE;
/*!40000 ALTER TABLE `monthlyinvoicedhours` DISABLE KEYS */;
/*!40000 ALTER TABLE `monthlyinvoicedhours` ENABLE KEYS */;
UNLOCK TABLES;

--
-- Table structure for table `permission`
--

DROP TABLE IF EXISTS `permission`;
CREATE TABLE `permission` (
  `id` int(11) NOT NULL auto_increment,
  `description` varchar(255) default NULL,
  `name` varchar(255) default NULL,
  PRIMARY KEY  (`id`)
) ENGINE=InnoDB DEFAULT CHARSET=latin1;

--
-- Dumping data for table `permission`
--

LOCK TABLES `permission` WRITE;
/*!40000 ALTER TABLE `permission` DISABLE KEYS */;
INSERT INTO `permission` VALUES (1,'Grants all permisions','ALL'),(2,'Can view the management section','ManagerView'),(3,'Can edit data in the managementSection','ManagerEdit'),(4,'Allows CrewMembers to view and edit their own details','OwnDetails'),(5,'Can Add/Delete Users and reset passwords','UserAdmin'),(6,'Can read any doc in the crew section','ReadAllCrewDocs'),(7,'Can write to the crew section','WriteAllCrewDocs'),(8,'Can read any doc in the charters section','ReadAllChartersDocs'),(9,'Can write to the charters section','WriteAllChartersDocs'),(10,'Can read any doc in the aircraft section','ReadAllAircraftDocs'),(11,'Can write to the aircraft section','WriteAllAircraftDocs'),(12,'Can read any document','AllDocsRead'),(13,'Can write to any document','AllDocsWrite'),(14,'Can approve items','Approve'),(15,'Can edit the invoiced hours','InvoiceHours'),(16,'scheduleRead','scheduleRead'),(17,'aircraftRead','aircraftRead'),(18,'aircraftInfoRead','aircraftInfoRead'),(19,'aircraftInfoWrite','aircraftInfoWrite'),(20,'aircraftHoursRead','aircraftHoursRead'),(21,'aircraftHoursWrite','aircraftHoursWrite'),(22,'aircraftDocRead','aircraftDocRead'),(23,'aircraftDocWrite','aircraftDocWrite'),(24,'contractRead','contractRead'),(25,'contractAdminRead','contractAdminRead'),(26,'contractAdminWrite','contractAdminWrite'),(27,'contractResourcesRead','contractResourcesRead'),(28,'contractResourcesWrite','contractResourcesWrite'),(29,'contractPriceRead','contractPriceRead'),(30,'contractPriceWrite','contractPriceWrite'),(31,'contractInsRead','contractInsRead'),(32,'contractInsWrite','contractInsWrite'),(33,'contractCostRead','contractCostRead'),(34,'contractCostWrite','contractCostWrite'),(35,'contractHoursRead','contractHoursRead'),(36,'contractHoursWrite','contractHoursWrite'),(37,'contractDocRead','contractDocRead'),(38,'contractDocWrite','contractDocWrite'),(39,'contractOnContractWrite','contractOnContractWrite'),(40,'contractAssignRead','contractAssignRead'),(41,'contractAssignWrite','contractAssignWrite'),(42,'crewRead','crewRead'),(43,'crewPersonalRead','crewPersonalRead'),(44,'crewPersonalWrite','crewPersonalWrite'),(45,'crewBankRead','crewBankRead'),(46,'crewBankWrite','crewBankWrite'),(47,'crewRoleRead','crewRoleRead'),(48,'crewRoleWrite','crewRoleWrite'),(49,'crewPayRead','crewPayRead'),(50,'crewPayWrite','crewPayWrite'),(51,'crewPDWRead','crewPDWRead'),(52,'crewPDWWrite','crewPDWWrite'),(53,'crewContRead','crewContRead'),(54,'crewContWrite','crewContWrite'),(55,'crewDocRead','crewDocRead'),(56,'crewDocWrite','crewDocWrite'),(57,'crewRevRead','crewRevRead'),(58,'crewRevWrite','crewRevWrite'),(59,'crewAssignRead','crewAssignRead'),(60,'crewAssignWrite','crewAssignWrite'),(61,'docRead','docRead'),(62,'docWrite','docWrite'),(63,'reportsRead','reportsRead'),(64,'reportMatrixRead','reportMatrixRead'),(65,'reportCertRead','reportCertRead'),(66,'reportMemberProfileRead','reportMemberProfileRead'),(67,'reportLicenceRead','reportLicenceRead'),(68,'reportDeductionRead','reportDeductionRead'),(69,'reportPaymentsRead','reportPaymentsRead'),(70,'reportPaymentsAnalysisRead','reportPaymentsAnalysisRead'),(71,'reportDocRead','reportDocRead'),(72,'reportProfileRead','reportProfileRead'),(73,'reportRequiredRead','reportRequiredRead'),(74,'reportOnContractRead','reportOnContractRead'),(75,'reportWorkedRead','reportWorkedRead'),(76,'reportHoursFlownRead','reportHoursFlownRead'),(77,'report183Read','report183Read'),(78,'reportHoursRead','reportHoursRead'),(79,'mailoutWrite','mailoutWrite'),(80,'exchangeWrite','exchangeWrite'),(81,'userWrite','userWrite'),(82,'storesRead','storesRead'),(83,'componentsRead','componentsRead'),(84,'transactionRead','transactionRead');
/*!40000 ALTER TABLE `permission` ENABLE KEYS */;
UNLOCK TABLES;

--
-- Table structure for table `role`
--

DROP TABLE IF EXISTS `role`;
CREATE TABLE `role` (
  `id` int(11) NOT NULL auto_increment,
  `description` varchar(255) default NULL,
  `name` varchar(255) default NULL,
  PRIMARY KEY  (`id`)
) ENGINE=InnoDB DEFAULT CHARSET=latin1;

--
-- Dumping data for table `role`
--

LOCK TABLES `role` WRITE;
/*!40000 ALTER TABLE `role` DISABLE KEYS */;
INSERT INTO `role` VALUES (1,'Administrator','Administrator'),(2,'Manager','Manager'),(3,'Crew','Crew'),(4,'Office','Office'),(5,'Supervisor','Supervisor'),(6,'Approver','Approver'),(7,'Can edit the invoiced hours','Invoicer');
/*!40000 ALTER TABLE `role` ENABLE KEYS */;
UNLOCK TABLES;

--
-- Table structure for table `role_permission`
--

DROP TABLE IF EXISTS `role_permission`;
CREATE TABLE `role_permission` (
  `role_id` int(11) NOT NULL default '0',
  `permissions_id` int(11) NOT NULL default '0',
  PRIMARY KEY  (`role_id`,`permissions_id`),
  KEY `FKBD40D5384F35303A` (`role_id`),
  KEY `FKBD40D538397D2EC5` (`permissions_id`),
  CONSTRAINT `FKBD40D538397D2EC5` FOREIGN KEY (`permissions_id`) REFERENCES `permission` (`id`),
  CONSTRAINT `FKBD40D5384F35303A` FOREIGN KEY (`role_id`) REFERENCES `role` (`id`)
) ENGINE=InnoDB DEFAULT CHARSET=latin1;

--
-- Dumping data for table `role_permission`
--

LOCK TABLES `role_permission` WRITE;
/*!40000 ALTER TABLE `role_permission` DISABLE KEYS */;
INSERT INTO `role_permission` VALUES (1,1),(2,2),(2,3),(2,5),(2,6),(2,7),(2,12),(2,13),(2,14),(2,15),(3,4),(4,2),(4,6),(4,12),(5,2),(5,3),(5,6),(5,7),(5,12),(5,13),(6,14),(7,15);
/*!40000 ALTER TABLE `role_permission` ENABLE KEYS */;
UNLOCK TABLES;

--
-- Table structure for table `store`
--

DROP TABLE IF EXISTS `store`;
CREATE TABLE `store` (
  `id` int(11) NOT NULL auto_increment,
  `code` varchar(255) default NULL,
  `description` varchar(255) default NULL,
  `seccode` varchar(255) default NULL,
  `type` varchar(255) default NULL,
  `active` int(1) default '1',
  PRIMARY KEY  (`id`)
) ENGINE=MyISAM AUTO_INCREMENT=24 DEFAULT CHARSET=latin1;

--
-- Dumping data for table `store`
--

LOCK TABLES `store` WRITE;
/*!40000 ALTER TABLE `store` DISABLE KEYS */;
INSERT INTO `store` VALUES (1,'HL','Heidelburg Flight Store','FLS','Store',1),(2,'ZS','Puma S330J','RWO','Aircraft',1),(3,'DB','Durban Bonded Store','BND','Store',1),(4,'ZS','Puma S330J','RNK','Aircraft',1),(5,'ZS','Puma S330J','HIZ','Aircraft',1),(6,'ZS','Puma S330J','HJA','Aircraft',1),(7,'ZS','Puma S330J','RNK','Aircraft',1),(8,'ZS','Puma S330J','RUK','Aircraft',1),(9,'MS','Sudan Mobile Store','SUD','Mobile',1),(10,'DR','Puma Repairs Int.','PRI','Depot',1),(11,'RA','Rand Airport Flight Store','FLS','Store',1),(12,'HL','Heidelburg Bonded Store','BND','Store',1),(13,'MS','Mozambique Mobile Store','MOZ','Mobile',1),(14,'DB','Durban Flight Store','FLS','Store',1),(15,'','','','Store',1),(16,'','','','Store',1),(17,'ZS','Puma S330 J','RW1','Aircraft',0),(18,'','','','Aircraft',1),(19,'RR','','RRR','Store',0),(20,'TT','','TTT','Store',0),(21,'XX','','XXX','Mobile',0),(22,'ZS',NULL,'RIH','Aircraft',0),(23,'LH','KHE test store','FLS','Store',1);
/*!40000 ALTER TABLE `store` ENABLE KEYS */;
UNLOCK TABLES;

--
-- Table structure for table `tag`
--

DROP TABLE IF EXISTS `tag`;
CREATE TABLE `tag` (
  `id` int(11) NOT NULL auto_increment,
  `tag` varchar(255) default NULL,
  PRIMARY KEY  (`id`),
  UNIQUE KEY `tag` (`tag`)
) ENGINE=MyISAM AUTO_INCREMENT=37 DEFAULT CHARSET=latin1;

--
-- Dumping data for table `tag`
--

LOCK TABLES `tag` WRITE;
/*!40000 ALTER TABLE `tag` DISABLE KEYS */;
INSERT INTO `tag` VALUES (13,'insurance'),(14,'medical'),(15,'accident'),(16,'personal'),(17,'licence'),(18,'captain'),(19,'conversion'),(20,'misc'),(21,'test'),(22,'crew'),(23,'financials'),(24,'accounts'),(25,'co-pilot'),(26,'charter'),(27,'3rd_Party'),(28,'Financial'),(29,'S92'),(30,'hull'),(31,'photo'),(32,'passport0'),(33,'passport1'),(34,'CRM'),(35,'tags'),(36,'none');
/*!40000 ALTER TABLE `tag` ENABLE KEYS */;
UNLOCK TABLES;

--
-- Table structure for table `user`
--

DROP TABLE IF EXISTS `user`;
CREATE TABLE `user` (
  `username` varchar(255) NOT NULL default '',
  `password` varchar(255) default NULL,
  PRIMARY KEY  (`username`)
) ENGINE=InnoDB DEFAULT CHARSET=latin1;

--
-- Dumping data for table `user`
--

LOCK TABLES `user` WRITE;
/*!40000 ALTER TABLE `user` DISABLE KEYS */;
INSERT INTO `user` VALUES ('Bar01','9b2ad13bc59d4d6de5523f4ac62fc842'),('Bas01','806372c6378d97b6c57d64cf7b8cdc16'),('Bas02','b32580fb5e80b584d8a08db2b2152e8c'),('Bea01','3e84e2cb5a0ed215019a706178c9dfda'),('Ben01','5ca7a88fb9d13a58e467fccca643a76c'),('beulah','9fa5bf51fa4f3785d41a4b637a410b8e'),('Bey01','5f4dcc3b5aa765d61d8327deb882cf99'),('Bez01','5f4dcc3b5aa765d61d8327deb882cf99'),('Boe01','992898c0370153ae1154a6650124267d'),('Bra01','fe06f8a3b47b01d67b60cb786c39923f'),('Bro01','934f30a1c4f8a56653907ed808e2e9fa'),('Bro02','3f4e69a41680680ed7b911d7834daf4b'),('Bur01','5f4dcc3b5aa765d61d8327deb882cf99'),('Cha01','2097c3924fef74cd5bdda715765e862e'),('charles','5558ce9bf64331dddd69eb3eaadbe4f9'),('christine','9fa5bf51fa4f3785d41a4b637a410b8e'),('christo','4f676f6371aeb213d74abe0bfbad5b1c'),('Cla01','5f7d4b982a97ddcb5ff4746ff175b608'),('claire','5f4dcc3b5aa765d61d8327deb882cf99'),('Col01','5f4dcc3b5aa765d61d8327deb882cf99'),('Col02','5f4dcc3b5aa765d61d8327deb882cf99'),('Dal01','98738ad99100a3026f9fdfdd7ec1a412'),('Dan01','e5634eb4765bbf23a013079882d856a4'),('Dawied','f94f906f340e7f8c791d8a0d5c793269'),('Dun01','22e5dc40e8428e72841748cfedc06c91'),('dustyn','ada2e0c6e21df28e85e44844921e7c82'),('Era01','5f4dcc3b5aa765d61d8327deb882cf99'),('fiona','9e785b607d6c68d568f9dd8a94144f85'),('Fre01','5f4dcc3b5aa765d61d8327deb882cf99'),('Giu01','abb44d47e23b0ce8c7d8ff1d85b03fb8'),('Gou01','38c0b9d5f2e5acc0d381ff3e7478df24'),('Gra01','5f4dcc3b5aa765d61d8327deb882cf99'),('Gra02','a7ecc2e458a55018bfc52606e24bffee'),('Gre01','986e36c5796352a569a13616a007c082'),('Gre02','3b4d80b9eff879aff04178c93592e6d1'),('Gre03','5a66457e5ee6a605bef4eeb2d0f88471'),('Hog01','72698e0e2eda1ae0eb4b64ce72c03405'),('Hol01','17edd9fe36a282af82ce51c4ea75ae26'),('Hug01','001039bd3019af4124bb28b6dbe5a9ed'),('Hun01','a1aed6256ae4b989bea7863d846caece'),('ioka','6636e1322531bd6a9bf66f3c3aabd8d6'),('Jan01','5f4dcc3b5aa765d61d8327deb882cf99'),('jason','9fa5bf51fa4f3785d41a4b637a410b8e'),('Joo01','3d1d722342d5d10b5eb21480751794c3'),('Kie01','839776e2278263da4e0bbb7de732f6c1'),('Kno01','32586c08ada5ac48d44e08a8058a61f2'),('kobus','340c6b464ed5e1ce555a236f102795a6'),('Kru01','83bba9d21dc45ff6b6788ba3c05b11d9'),('Lar01','9a523370da4ff8c9d4ec23d1c97dab3b'),('Law01','7df3fda7fcf5320b28ddcdf397f0071c'),('Lin01','df2877fa6ee07db7cc686bebc10c4729'),('melanie','7ec0f2e857fac5fc71c6d9fe380c765a'),('mike','5f4dcc3b5aa765d61d8327deb882cf99'),('Mil01','48c1110e8bf64ce64df6f21d472064c1'),('Mos01','25880906006b33d4da3a1e4831034a43'),('Oli01','074cdee538005bf515337115899b2072'),('Oli02','07971738f4f1e00f1bbfb07090f49466'),('Oos01','0ae28bd0689bf36795c61157592e4ec9'),('Pau01','cfbbc714eba6e2d0aa1a9f0a8d5804ab'),('paul','5c7c1d927c01bd13868516060db2c49d'),('Pet01','3e0c87f212de205c247f1b98271dc5b6'),('peter','d87c63467f2349ad21d3ba88738edb84'),('Pie01','5f4dcc3b5aa765d61d8327deb882cf99'),('Pil01','3709be25777fa7c5f8ec00e1d8ba91f6'),('Ple01','d43b685de67d198ee10285d82c97d0d4'),('Pre01','5f4dcc3b5aa765d61d8327deb882cf99'),('Pre02','864caf53d42508305eef11ce872858ec'),('Rau01','6057d6d804c6c0dd4c81ffdd1b73b37c'),('reanb','b6120c334a172ac111aa0b3905355b5a'),('robyn','9fa5bf51fa4f3785d41a4b637a410b8e'),('ron','202cb962ac59075b964b07152d234b70'),('Ron01','64fa375abc2e8544241ef601e6e1f794'),('Ros01','f7c3ba35fff41bee81d0063180f1fb2e'),('Sal01','993f0f43aea6e60dc9f9436e6d074858'),('Sch01','dbf3c261d31d71a7b3ca887f8e830b90'),('Sco01','5248744dd514d8246ae6f0bb15c71906'),('Sin01','115bee87b66353327f14e4a168815fb5'),('Sla01','5f4dcc3b5aa765d61d8327deb882cf99'),('Sny01','7d417481ae0f3d6c36a986c2f0d25bee'),('Sol01','ca0aaa3ee14b6eb06a03f75efae5274f'),('Spr01','b5877bda24b56a82d4ac7640bdcee01d'),('Sta01','e7e0a3556f40f54a8717532b1a23bbd2'),('stacey','b238af41f2b2a2cae3f0fb3ff39e6674'),('starlite','9fa5bf51fa4f3785d41a4b637a410b8e'),('Ste01','8a777872a88135f91398fcf2ad979d89'),('stewart','9fa5bf51fa4f3785d41a4b637a410b8e'),('Str01','4b1c60e6257af9c614d96c5bdbed8325'),('Swa01','9bb0b8ba7abcd7448047f213215b0ffa'),('Swa02','ba891ca896a755feaaedd65ffd56e543'),('Tal01','14e8f3e90718e6f0a80af5d3b6a89477'),('tara','5911d5f30094a4fd9aa5db88ac95597c'),('tarryn','5c7c1d927c01bd13868516060db2c49d'),('Tei01','69fb20083c46960845ac294e6b4c9bdd'),('Tes01','7366656989c4caa1f432e83b06fe6d48'),('van01','9fa5bf51fa4f3785d41a4b637a410b8e'),('Vel01','1cdcd42edf7a852ef907edfd9e30c1dd'),('Ven01','0fb879746ebc25ee2bc229bc7e61adcd'),('Ven02','4aa488053757396201ce22ed03a2c004'),('Ven03','1052f301f206bfb3f893d19dbc445ea7'),('Vil01','5f4dcc3b5aa765d61d8327deb882cf99'),('Vil02','e1002ad60bd82c60bbd316f35124cb83'),('Vil03','1bd021ae9dd101242c77638af458ef75'),('Vis01','0956ae0e378daf5acd54c44884e50b85'),('Vli01','f7d8b12771261d88c3852f1870cf2ba5'),('Vuu01','f16ae92c2e27ec8749c8e1862f27e6a0'),('wayne','c7e4a75802eb132f9a49be1543174bba'),('Wii01','adde64fd74c27ba3d16a65da6353f7e4'),('yvonne','609bbdf5a672d08341814e7a09aa18e5');
/*!40000 ALTER TABLE `user` ENABLE KEYS */;
UNLOCK TABLES;

--
-- Table structure for table `user_permission`
--

DROP TABLE IF EXISTS `user_permission`;
CREATE TABLE `user_permission` (
  `user_username` varchar(255) NOT NULL default '',
  `permissions_id` int(11) NOT NULL default '0',
  PRIMARY KEY  (`user_username`,`permissions_id`),
  KEY `FK30BA72C3F051E8D5` (`user_username`),
  KEY `FK30BA72C3397D2EC5` (`permissions_id`)
) ENGINE=MyISAM DEFAULT CHARSET=latin1;

--
-- Dumping data for table `user_permission`
--

LOCK TABLES `user_permission` WRITE;
/*!40000 ALTER TABLE `user_permission` DISABLE KEYS */;
INSERT INTO `user_permission` VALUES ('claire',16),('claire',17),('claire',18),('claire',19),('claire',20),('claire',21),('claire',22),('claire',23),('claire',24),('claire',25),('claire',26),('claire',27),('claire',28),('claire',29),('claire',30),('claire',31),('claire',32),('claire',33),('claire',34),('claire',35),('claire',36),('claire',37),('claire',38),('claire',39),('claire',40),('claire',41),('claire',42),('claire',43),('claire',44),('claire',45),('claire',46),('claire',47),('claire',48),('claire',49),('claire',50),('claire',51),('claire',52),('claire',54),('claire',55),('claire',56),('claire',57),('claire',58),('claire',59),('claire',60),('claire',61),('claire',62),('claire',63),('claire',64),('claire',68),('claire',69),('claire',70),('claire',71),('claire',72),('claire',73),('claire',74),('claire',76),('claire',77),('claire',78),('claire',79),('claire',80),('claire',81),('claire',82),('claire',83),('claire',84),('Dawied',16),('Dawied',17),('Dawied',18),('Dawied',19),('Dawied',20),('Dawied',21),('Dawied',22),('Dawied',23),('Dawied',54),('Dawied',71),('Dawied',74),('Dawied',76),('Dawied',82),('Dawied',83),('Dawied',84),('kobus',16),('kobus',17),('kobus',18),('kobus',19),('kobus',20),('kobus',21),('kobus',22),('kobus',23),('kobus',24),('kobus',25),('kobus',26),('kobus',27),('kobus',28),('kobus',29),('kobus',30),('kobus',31),('kobus',32),('kobus',33),('kobus',34),('kobus',35),('kobus',36),('kobus',37),('kobus',38),('kobus',39),('kobus',40),('kobus',41),('kobus',42),('kobus',43),('kobus',44),('kobus',45),('kobus',46),('kobus',47),('kobus',48),('kobus',49),('kobus',50),('kobus',51),('kobus',52),('kobus',54),('kobus',55),('kobus',56),('kobus',57),('kobus',58),('kobus',59),('kobus',60),('kobus',61),('kobus',62),('kobus',63),('kobus',64),('kobus',68),('kobus',69),('kobus',70),('kobus',71),('kobus',72),('kobus',73),('kobus',74),('kobus',76),('kobus',77),('kobus',78),('kobus',79),('kobus',80),('kobus',82),('kobus',83),('paul',16),('paul',17),('paul',18),('paul',19),('paul',20),('paul',21),('paul',22),('paul',23),('paul',24),('paul',25),('paul',26),('paul',27),('paul',28),('paul',29),('paul',30),('paul',31),('paul',32),('paul',33),('paul',34),('paul',35),('paul',36),('paul',37),('paul',38),('paul',39),('paul',40),('paul',41),('paul',42),('paul',43),('paul',44),('paul',45),('paul',46),('paul',47),('paul',48),('paul',49),('paul',50),('paul',51),('paul',52),('paul',54),('paul',55),('paul',56),('paul',57),('paul',58),('paul',59),('paul',60),('paul',61),('paul',62),('paul',63),('paul',64),('paul',68),('paul',69),('paul',70),('paul',71),('paul',72),('paul',73),('paul',74),('paul',76),('paul',77),('paul',78),('paul',79),('paul',80),('paul',81),('paul',82),('paul',83),('paul',84),('reanb',16),('reanb',17),('reanb',18),('reanb',19),('reanb',20),('reanb',21),('reanb',22),('reanb',23),('reanb',74),('reanb',82),('reanb',83),('reanb',84),('ron',16),('ron',17),('ron',18),('ron',19),('ron',20),('ron',21),('ron',22),('ron',23),('ron',24),('ron',25),('ron',26),('ron',27),('ron',28),('ron',29),('ron',30),('ron',31),('ron',32),('ron',33),('ron',34),('ron',35),('ron',36),('ron',37),('ron',38),('ron',39),('ron',40),('ron',41),('ron',42),('ron',43),('ron',44),('ron',45),('ron',46),('ron',47),('ron',48),('ron',49),('ron',50),('ron',51),('ron',52),('ron',54),('ron',55),('ron',56),('ron',57),('ron',58),('ron',59),('ron',60),('ron',61),('ron',62),('ron',63),('ron',64),('ron',68),('ron',69),('ron',70),('ron',71),('ron',72),('ron',73),('ron',74),('ron',76),('ron',77),('ron',78),('ron',79),('ron',80),('ron',81),('ron',82),('ron',83),('ron',84),('tarryn',16),('tarryn',17),('tarryn',18),('tarryn',19),('tarryn',22),('tarryn',23),('tarryn',24),('tarryn',25),('tarryn',26),('tarryn',27),('tarryn',28),('tarryn',29),('tarryn',30),('tarryn',31),('tarryn',32),('tarryn',33),('tarryn',34),('tarryn',35),('tarryn',36),('tarryn',37),('tarryn',38),('tarryn',39),('tarryn',40),('tarryn',41),('tarryn',42),('tarryn',43),('tarryn',44),('tarryn',45),('tarryn',46),('tarryn',47),('tarryn',48),('tarryn',49),('tarryn',50),('tarryn',51),('tarryn',52),('tarryn',54),('tarryn',55),('tarryn',56),('tarryn',57),('tarryn',58),('tarryn',59),('tarryn',60),('tarryn',61),('tarryn',62),('tarryn',63),('tarryn',64),('tarryn',68),('tarryn',69),('tarryn',70),('tarryn',71),('tarryn',72),('tarryn',73),('tarryn',74),('tarryn',76),('tarryn',77),('tarryn',78),('tarryn',79),('tarryn',80),('tarryn',81);
/*!40000 ALTER TABLE `user_permission` ENABLE KEYS */;
UNLOCK TABLES;

--
-- Table structure for table `user_role`
--

DROP TABLE IF EXISTS `user_role`;
CREATE TABLE `user_role` (
  `user_username` varchar(255) NOT NULL default '',
  `roles_id` int(11) NOT NULL default '0',
  PRIMARY KEY  (`user_username`,`roles_id`),
  KEY `FK143BF46AF051E8D5` (`user_username`),
  KEY `FK143BF46AED4DA893` (`roles_id`),
  CONSTRAINT `FK143BF46AED4DA893` FOREIGN KEY (`roles_id`) REFERENCES `role` (`id`),
  CONSTRAINT `FK143BF46AF051E8D5` FOREIGN KEY (`user_username`) REFERENCES `user` (`username`)
) ENGINE=InnoDB DEFAULT CHARSET=latin1;

--
-- Dumping data for table `user_role`
--

LOCK TABLES `user_role` WRITE;
/*!40000 ALTER TABLE `user_role` DISABLE KEYS */;
INSERT INTO `user_role` VALUES ('kobus',1),('paul',1),('peter',1),('ron',1),('tarryn',1),('charles',2),('christo',2),('claire',2),('Dawied',2),('dustyn',2),('melanie',2),('reanb',2),('Sla01',2),('Bar01',3),('Bas01',3),('Bas02',3),('Bea01',3),('Ben01',3),('Bey01',3),('Bez01',3),('Boe01',3),('Bra01',3),('Bro01',3),('Bro02',3),('Bur01',3),('Cha01',3),('Cla01',3),('Col01',3),('Col02',3),('Dal01',3),('Dan01',3),('Era01',3),('Fre01',3),('Giu01',3),('Gou01',3),('Gra01',3),('Gra02',3),('Gre01',3),('Gre02',3),('Gre03',3),('Hog01',3),('Hol01',3),('Hug01',3),('Hun01',3),('Jan01',3),('Joo01',3),('Kie01',3),('Kno01',3),('Kru01',3),('Lar01',3),('Law01',3),('Lin01',3),('Mil01',3),('Mos01',3),('Oli01',3),('Oli02',3),('Oos01',3),('Pau01',3),('Pet01',3),('Pie01',3),('Pil01',3),('Ple01',3),('Pre01',3),('Pre02',3),('Rau01',3),('Ron01',3),('Ros01',3),('Sal01',3),('Sch01',3),('Sco01',3),('Sin01',3),('Sny01',3),('Sol01',3),('Spr01',3),('Sta01',3),('Ste01',3),('Str01',3),('Swa01',3),('Swa02',3),('Tal01',3),('Tei01',3),('Vel01',3),('Ven01',3),('Ven02',3),('Ven03',3),('Vil01',3),('Vil02',3),('Vil03',3),('Vis01',3),('Vli01',3),('Vuu01',3),('Wii01',3),('beulah',4),('christine',4),('jason',4),('robyn',4),('stacey',4),('starlite',4),('stewart',4),('van01',4),('yvonne',4),('Dun01',5),('fiona',5),('ioka',5),('tara',5),('wayne',5);
/*!40000 ALTER TABLE `user_role` ENABLE KEYS */;
UNLOCK TABLES;

/*!40101 SET SQL_MODE=@OLD_SQL_MODE */;
/*!40014 SET FOREIGN_KEY_CHECKS=@OLD_FOREIGN_KEY_CHECKS */;
/*!40014 SET UNIQUE_CHECKS=@OLD_UNIQUE_CHECKS */;
/*!40101 SET CHARACTER_SET_CLIENT=@OLD_CHARACTER_SET_CLIENT */;
/*!40101 SET CHARACTER_SET_RESULTS=@OLD_CHARACTER_SET_RESULTS */;
/*!40101 SET COLLATION_CONNECTION=@OLD_COLLATION_CONNECTION */;
/*!40111 SET SQL_NOTES=@OLD_SQL_NOTES */;

